gene_symbol	avg_log2FC	p_val	p_val_adj	pct_Tac1	pct_OtherNeu	p_val_adj_BH
Tac1	5.23500916925415	8.66634812315119e-159	1.98546035501394e-154	1	0.161	3.78546086019244e-155
Nmu	2.75865030557104	3.36413950789554e-07	0.00770724361258868	0.127	0.047	3.29303583191795e-06
Arhgap36	2.5752303915168	2.61239285883213e-11	5.9849920395844e-07	0.165	0.053	8.65436804195928e-10
Qrfpr	2.38617409600195	1.39848466978963e-16	3.20392837848805e-12	0.123	0.022	1.71488996678935e-14
Dlk1	2.37965832664022	1.39409358958432e-26	3.19386841373768e-22	0.302	0.08	7.61175099913039e-24
Gm56652	2.21778299311611	1.05139825155663e-14	2.40875339431623e-10	0.132	0.028	7.52870092262188e-13
Tlx3	1.82934954561542	2.68817884510854e-45	6.15861773414367e-41	0.627	0.196	3.91398839847803e-42
Gm20063	1.79486841156828	2.50427325885301e-07	0.00573729003603225	0.108	0.036	2.54980549992307e-06
Cbln2	1.78825427717916	6.60731023535446e-16	1.51373477491971e-11	0.575	0.365	6.55925707000643e-14
Nts	1.78470723229177	1.17691835437893e-06	0.0269631994988213	0.175	0.08	9.79196070843268e-06
Gm33293	1.66428274719994	2.38512157655752e-22	5.46431353189328e-18	0.33	0.102	8.01400849723326e-20
Pou4f1	1.66272311121168	5.17089864859652e-06	0.118465288039346	0.113	0.043	3.5229299294111e-05
Vmn1r85	1.65594876840145	5.80916950328629e-07	0.0133088073320289	0.104	0.034	5.3195916960911e-06
Calb2	1.64907714577923	1.49056476574068e-10	3.4148838783119e-06	0.585	0.374	3.92216078117789e-09
Aldh3b2	1.63653545242574	2.66657881758174e-05	0.610913207107976	0.175	0.089	0.000141665432726125
Cbln1	1.63057625640652	1.60685025160417e-21	3.68129392642516e-17	0.458	0.193	5.01337278500502e-19
Tacr1	1.62329936567649	2.41116012262464e-06	0.0552396784093304	0.108	0.039	1.81272761026238e-05
Shox2	1.59048729659688	2.42009777471006e-11	5.54444400186074e-07	0.245	0.097	8.19456362785544e-10
Htr2c	1.4904056644338	1.86241187469378e-16	4.26678560492345e-12	0.255	0.081	2.14079343912169e-14
Nrn1	1.4893441548144	9.73066535919603e-45	2.22929543379181e-40	0.807	0.352	1.06258865722421e-41
Stk26	1.47750366255168	5.10826831203399e-10	1.17030427028699e-05	0.184	0.067	1.18685723334917e-08
Adra2a	1.43597942140115	4.02271321705675e-16	9.21603598027701e-12	0.373	0.154	4.39280283302597e-14
Mfng	1.4328191690218	2.73239101390518e-08	0.000625990781285677	0.142	0.049	3.80098214927957e-07
Insm2	1.42176450343638	1.01183251066285e-06	0.0231810828192859	0.137	0.054	8.63219610659244e-06
Prlr	1.39939258739147	4.52834992900322e-10	1.03744496873464e-05	0.184	0.067	1.05778277661903e-08
Slc17a6	1.39627103766227	7.56036093630285e-66	1.73207869050698e-61	1	0.362	1.65118282848854e-62
Pcp4	1.3717116738008	7.37930257963747e-30	1.69059822099494e-25	0.858	0.569	5.37213227797608e-27
Htr5b	1.3651016000564	1.31794559729988e-05	0.301941336341402	0.127	0.054	7.7480301063336e-05
Vwc2l	1.35912802416144	1.03897792010307e-11	2.38029841495613e-07	0.236	0.088	4.1256868681911e-10
Dgkk	1.34697109389738	2.45005301541328e-06	0.0561307145831182	0.156	0.068	1.83414304571035e-05
Mab21l2	1.34619009163155	8.34529127037449e-24	1.9119062300428e-19	0.703	0.39	3.64522322689958e-21
C130021I20Rik	1.31841829184139	1.30308923552763e-23	2.98537743859379e-19	0.448	0.166	5.17444889162243e-21
AB041806	1.31665701714411	2.75923115086208e-05	0.632139856662502	0.137	0.061	0.000145559440422289
Synpr	1.31440586145256	4.61154012566219e-18	1.05650384278921e-13	0.698	0.46	7.46044713662683e-16
1700003F12Rik	1.30562206860656	0.000210571138135909	1	0.108	0.049	0.000832375322513712
Jph2	1.29803535481555	1.01154675356793e-06	0.0231745361242412	0.146	0.059	8.63219610659244e-06
Lmo1	1.29621115605517	3.42903846197838e-09	7.85592711639247e-05	0.349	0.191	6.26696234390024e-08
Gm27040	1.29250843144733	5.18399602123521e-09	0.000118765348846499	0.17	0.062	8.9148404018722e-08
B230208B08Rik	1.28827292278351	2.38988512229235e-05	0.547522681517177	0.137	0.061	0.00012903607186864
Hs3st4	1.25752494247436	1.51432131377847e-15	3.46931012986648e-11	0.467	0.231	1.40735223374136e-13
Megf6	1.25679846985831	3.30645969956703e-05	0.757509917170807	0.137	0.061	0.000171527505554736
Cck	1.25405173562396	1.8918735851412e-09	4.3342823835585e-05	0.241	0.105	3.64039815854483e-08
Sctr	1.25336434397047	5.12543653704352e-07	0.0117423751063667	0.113	0.038	4.79398432415548e-06
Peg10	1.24599284990241	6.09947423112448e-08	0.00139738954635062	0.33	0.179	7.42131015085007e-07
Ebi3	1.24367875460955	2.76173326346251e-10	6.32713090659262e-06	0.255	0.105	6.85411982659333e-09
Gm47033	1.24224479841139	1.10008606545256e-12	2.52029717595182e-08	0.321	0.138	5.28041311417229e-11
Egr4	1.24132470688081	4.57844803884716e-07	0.0104892244569988	0.127	0.046	4.3665198763503e-06
Lbhd2	1.24027998507003	0.000558837614802707	1	0.184	0.109	0.001951241168232
Tacr3	1.23832369905383	3.41308288172038e-08	0.000781937288202139	0.184	0.074	4.53141216636918e-07
Nrgn	1.23828904914407	3.14587180303046e-11	7.20719230074279e-07	0.467	0.261	1.01038000262037e-09
Adamts2	1.23815128326298	6.49346071034455e-09	0.000148765184873994	0.189	0.074	1.08210059358323e-07
ENSMUSG00000121472	1.23765951535399	0.0183842507261123	1	0.142	0.091	0.0429654398992286
Asb4	1.23335090547174	0.00138319145472623	1	0.146	0.082	0.00434792214176916
Il1rapl2	1.21704680477217	1.21841160387594e-05	0.279138098447978	0.132	0.056	7.22255163049742e-05
Lmx1b	1.21543077162546	3.22722789046607e-21	7.39357909705776e-17	0.373	0.127	8.81033214097236e-19
1500035N22Rik	1.21065240888001	7.05893513526755e-08	0.00161720203948979	0.193	0.083	8.3786490953393e-07
Npff	1.1943748718867	0.0040496046814098	1	0.222	0.15	0.0112666708588522
Gm39244	1.19226606714293	2.54638381690731e-21	5.83376532453464e-17	0.594	0.286	7.41506967483408e-19
Gpr156	1.18674319351658	2.0032380136529e-05	0.458941828927881	0.113	0.046	0.000111183527873391
Trpc3	1.18105567823598	2.32600830494628e-14	5.32888502663193e-10	0.434	0.208	1.47246438782686e-12
Phox2b	1.18030636545159	2.17884018026266e-29	4.99172285298176e-25	0.731	0.349	1.3595962724839e-26
Ifi27	1.17342681245283	6.02486577495733e-12	1.38029674904272e-07	0.292	0.124	2.4594966079452e-10
Hs3st2	1.17227486122354	9.42899423437191e-15	2.16018257909461e-10	0.283	0.101	6.98065200266721e-13
Slc5a5	1.16732108175293	4.31014273403995e-07	0.00987453700368553	0.212	0.1	4.12866303997511e-06
Gm30439	1.16404025523917	2.00009514789494e-08	0.000458221798382731	0.175	0.068	2.89285284967056e-07
Kctd8	1.16072129139771	2.87375022487727e-10	6.58376176519381e-06	0.59	0.407	7.04607023044832e-09
Gm2694	1.15125489893847	2.54541189630725e-18	5.8315386544399e-14	0.396	0.164	4.63264965127919e-16
Glra3	1.15116872672135	6.14964492955407e-15	1.40888365336084e-10	0.392	0.177	5.06823567024381e-13
Tmem114	1.1470394487246	1.8647570651259e-07	0.00427215843620344	0.17	0.069	1.94862652164353e-06
Proser2	1.14450306205017	3.30168728049462e-05	0.756416555961317	0.132	0.058	0.000171483591453038
Msln	1.1390543314942	0.000162922125300882	1	0.137	0.067	0.00067580538402755
Cacna2d1	1.125296139758	1.5723931104279e-37	3.60235261599033e-33	0.825	0.385	1.37364262126982e-34
Calb1	1.12396329914769	3.22532510663818e-13	7.38921981930807e-09	0.519	0.29	1.67716905545185e-11
Tmem106a	1.11894054050542	4.55755530919244e-05	1	0.132	0.059	0.000224688505536711
Arhgap28	1.11432339345846	5.76334046551585e-06	0.132038130064968	0.113	0.043	3.85517169270647e-05
D330050I16Rik	1.11285250512672	0.00144188783130543	1	0.151	0.083	0.00451805311846637
Hs3st5	1.10969445947631	1.75626976932339e-12	4.02361404151989e-08	0.462	0.246	7.90864572412843e-11
4930469K13Rik	1.10855487378205	8.53310497158867e-17	1.95493434899096e-12	0.208	0.056	1.16476882862185e-14
Pou3f1	1.10612451428089	4.36557405954046e-09	0.000100015301704072	0.401	0.229	7.6890433435777e-08
5430431A17Rik	1.10500885250425	6.56261249846511e-06	0.150349452339836	0.16	0.071	4.31709207730356e-05
Adcyap1	1.10492040229268	1.80977673639005e-19	4.14619850306961e-15	0.575	0.28	3.7643356116913e-17
Mei4	1.10136878561626	1.78704102999383e-06	0.0409411099971586	0.151	0.062	1.39888803208119e-05
Arhgap27	1.1002009944678	0.000120183810541115	1	0.104	0.044	0.000520280361192853
Sv2b	1.09751718429643	4.16053652002368e-11	9.53178916737425e-07	0.335	0.16	1.28888110067117e-09
Th	1.09645894266358	0.00226293986043023	1	0.108	0.056	0.00671046932135726
Gm13404	1.09496912610481	0.000269077586837077	1	0.156	0.081	0.00102738714974157
Grp	1.09426309728382	2.12241822273919e-05	0.486246014829549	0.264	0.149	0.000116320235845982
Gm32282	1.08793237485937	5.6052827083575e-07	0.012841702684847	0.175	0.073	5.18311638075445e-06
Slc6a16	1.08730232381019	4.94698864336552e-06	0.113335509819504	0.175	0.082	3.39222078402207e-05
Sertm1	1.08310833130714	0.00752804210991193	1	0.142	0.088	0.0196079236351194
Gpr22	1.07234562720322	3.44697644773082e-12	7.89702304175132e-08	0.467	0.25	1.49073199244438e-10
Gng13	1.06933622546305	2.91720672387682e-08	0.000668332060440179	0.198	0.083	3.99967621065807e-07
Tlcd3a	1.06543944855883	0.0057481699249654	1	0.179	0.114	0.0154701209071158
Gm20501	1.05979070023756	2.59485148913073e-08	0.00059448047615985	0.283	0.143	3.64447308827107e-07
Lypd6b	1.0587001652116	1.80279252474147e-07	0.0041301976741827	0.241	0.115	1.89293215097854e-06
Htr1b	1.05561965950441	5.38448539663171e-07	0.0123358560436832	0.184	0.081	5.00413451329517e-06
Oprk1	1.05396778815052	7.32859400731561e-08	0.00167898088707601	0.264	0.131	8.62838237842442e-07
Kcnab1	1.04885325555337	5.53841280494665e-11	1.26885037361328e-06	0.377	0.191	1.70364698112725e-09
Rasal1	1.04489738362203	7.87273335494931e-07	0.0180364321161889	0.217	0.104	6.9611537033236e-06
Nptx1	1.03715651621482	1.09244178445095e-10	2.50278412817713e-06	0.335	0.159	3.00112309086903e-09
Mrap2	1.03625352049892	1.2040855175721e-12	2.75855992075769e-08	0.467	0.242	5.65531778575801e-11
Calca	1.03312143350859	0.000220385978857563	1	0.184	0.103	0.000869594631223345
Pdyn	1.02954551356878	0.00032946895240652	1	0.203	0.117	0.00122270211054518
Xrcc3	1.02258359400818	3.37018489193206e-05	0.772109358741636	0.151	0.071	0.000174027168190441
C130026L21Rik	1.02121516824502	2.83264758480175e-07	0.0064895956167808	0.198	0.087	2.85173031107317e-06
Trpc4	1.00891324562846	2.45264214280486e-06	0.0561900314916594	0.146	0.061	1.83414304571035e-05
Tent5a	1.00721696761883	4.90646970518223e-12	1.12407220945725e-07	0.382	0.18	2.04109139735581e-10
Drgx	1.00609493971043	3.21641915296173e-09	7.36881627943533e-05	0.264	0.119	5.9531012119224e-08
B3galt5	1.00456589917429	8.17886620873193e-11	1.87377824842049e-06	0.25	0.1	2.35034786840402e-09
Kifc1	1.0013278443138	0.0052197305464523	1	0.104	0.056	0.0141437859968385
Rassf5	0.996726758107614	1.1142566379704e-12	2.55276195759018e-08	0.401	0.189	5.29029673332031e-11
Necab1	0.996038450631417	1.1372708946557e-14	2.60548761965621e-10	0.453	0.214	8.01225688363887e-13
Dkkl1	0.994455924563609	2.73723253022197e-07	0.00627099972673853	0.236	0.113	2.76764622500221e-06
Itm2a	0.994015903487839	2.63282381220423e-06	0.0603179935375989	0.377	0.23	1.94259702900474e-05
Cartpt	0.989293918211449	4.24905357569754e-08	0.000973458174192307	0.302	0.158	5.39530988914153e-07
Hcrtr2	0.979888815195245	3.11950876778828e-07	0.00714679458700295	0.179	0.076	3.08979916047601e-06
Tm4sf5	0.97953258594069	7.87833052748527e-06	0.180492552384688	0.236	0.127	5.00182380000809e-05
Acacb	0.979504187836592	9.81540819223706e-05	1	0.156	0.078	0.000437486765139709
Zfp92	0.976937895973445	2.7926240759383e-05	0.639790175797463	0.179	0.09	0.000147143328874529
Kcnip4	0.97290009451561	7.17346958156817e-11	1.64344188113727e-06	0.552	0.339	2.07933486072565e-09
Rbfox1	0.971546834060383	3.50571813044946e-11	8.03160023685971e-07	0.608	0.399	1.10963599955096e-09
Casz1	0.970556095486439	1.30400118459625e-11	2.98746671391001e-07	0.401	0.201	4.91023894337623e-10
Tafa2	0.968143936444935	7.21167676565642e-15	1.65219514701189e-10	0.651	0.375	5.62056500312304e-13
Gjd2	0.967625673765356	3.55728689663225e-09	8.14974428018448e-05	0.41	0.233	6.44739799356417e-08
Gm13112	0.963587719133237	4.44319471048248e-08	0.00101793590817154	0.203	0.085	5.6092122819039e-07
Slc17a8	0.951844230790698	0.000865655114712903	1	0.113	0.057	0.00288419644627457
1110015O18Rik	0.949295245188305	7.18817683080523e-11	1.64681131193748e-06	0.476	0.274	2.07933486072565e-09
Gal	0.944484755594329	1.23000403590364e-09	2.81793924625525e-05	0.575	0.391	2.51058767702202e-08
Vat1l	0.943365966722434	6.49982592625204e-16	1.48911011970434e-11	0.774	0.513	6.55925707000643e-14
Tmem74	0.940160938008445	0.000245828253081325	1	0.108	0.049	0.000950245849078961
Pnma1	0.939727936134434	5.03808018467105e-08	0.00115422417030814	0.222	0.094	6.25179950188726e-07
Serpini1	0.933835048380377	8.88217639405333e-17	2.03490661187762e-12	0.802	0.559	1.17567716634015e-14
Grm4	0.929529135407475	1.19137446253463e-09	2.72943889366684e-05	0.292	0.136	2.44315664429637e-08
Wscd2	0.927313079551043	8.92446666793844e-12	2.0445953136247e-07	0.505	0.273	3.5763367344546e-10
Zpbp	0.92347247497671	0.000272471698676708	1	0.123	0.058	0.00103943788630556
Pcsk1	0.920866380994681	8.82837804514136e-10	2.02258141014189e-05	0.392	0.206	1.89031153437144e-08
Tunar	0.920747335035533	6.56182127248644e-15	1.50331325352664e-10	0.533	0.264	5.21127914876741e-13
Arhgap24	0.91898593223573	2.66095380638959e-06	0.0609624517043855	0.387	0.239	1.96004152214329e-05
Mrtfb	0.916543004992452	7.1238034683837e-11	1.63206337460671e-06	0.448	0.244	2.07933486072565e-09
Mchr1	0.91271468351783	2.14457943498998e-06	0.0491323148556205	0.208	0.101	1.63482076300807e-05
C1ql3	0.905834990253417	1.11372410766107e-07	0.00255154193065152	0.425	0.262	1.23470733559989e-06
Lamb3	0.904542800659546	0.000655807249719527	1	0.113	0.055	0.00225201734809347
Scml4	0.904007319041576	7.79021697054488e-08	0.00178473870795183	0.269	0.133	9.09830687896793e-07
Galr1	0.90349455117828	1.2186402361897e-05	0.27919047811106	0.198	0.1	7.22255163049742e-05
Gng4	0.902738122519777	1.41337085174946e-16	3.23803262135802e-12	0.651	0.373	1.71488996678935e-14
Mpped1	0.900017723740715	0.000439902183103408	1	0.156	0.083	0.00158215335587274
Eya1	0.896099896367148	0.000280636708564477	1	0.151	0.078	0.00106408085330697
2810455O05Rik	0.894586170580407	1.13599020832213e-05	0.260255356726601	0.104	0.038	6.83083860708753e-05
E130006D01Rik	0.887409878654174	0.000194850543599409	1	0.151	0.076	0.000784430575522783
Kcnj6	0.886632466121268	8.32901333554718e-08	0.00190817695517386	0.274	0.134	9.67583251321013e-07
Lypd6	0.881607325280525	8.87047809298296e-05	1	0.198	0.108	0.000401099878987056
Gda	0.879883779204784	5.05271355241515e-09	0.000115757667485831	0.321	0.157	8.72342007784559e-08
Mterf1a	0.872768590467673	0.00859095015708885	1	0.165	0.103	0.0219061706282336
Pou4f2	0.870152937505634	0.0012660332258359	1	0.127	0.068	0.00403652053317606
2310034G01Rik	0.869848553618429	0.00251748653571199	1	0.108	0.056	0.00738507803088649
Ndst3	0.868509689273511	4.47992851863226e-09	0.000102635162361865	0.226	0.093	7.85876617244406e-08
A430108G06Rik	0.866865855798605	0.00230876494686502	1	0.108	0.055	0.00681858369702935
Cacna1i	0.866758918920276	0.0474391812509328	1	0.146	0.102	0.0985327359505822
Dbh	0.866021202043207	0.0988226862053218	1	0.123	0.09	0.185260726757444
Neurl2	0.864416507565737	0.000133540578111129	1	0.259	0.158	0.000569078287989668
Pcsk2	0.863859009749718	4.52184759353094e-18	1.03595528367794e-13	0.835	0.545	7.46044713662683e-16
Gm34006	0.863753451098415	0.00103344736548602	1	0.156	0.085	0.00335870393782956
Susd2	0.863560223710019	5.9123718173622e-10	1.35452438335768e-05	0.283	0.125	1.35210681142608e-08
Fxyd7	0.863289445148625	3.69314998797472e-24	8.46100662245008e-20	0.925	0.689	1.79240879416373e-21
Fstl4	0.858073752801716	6.65130319931507e-08	0.00152381356296308	0.245	0.115	7.96279798680693e-07
Wipf3	0.858023757859937	0.000610553111605102	1	0.108	0.051	0.00211658412023102
2600006K01Rik	0.857107982829505	2.64647013829814e-05	0.606306308684104	0.226	0.122	0.000140972945903491
Camk4	0.855152030564958	8.1603662239605e-10	1.86953990190935e-05	0.533	0.326	1.78202157841052e-08
D130043K22Rik	0.854428274917585	5.4430009430284e-05	1	0.203	0.108	0.000262128204180243
Glt1d1	0.85385880082086	2.29243825458315e-05	0.525197604125001	0.175	0.084	0.000124389693118251
Bmper	0.850334198671653	0.000472103015943713	1	0.151	0.081	0.00167927196550663
Gabra5	0.848531822844181	2.17679848663698e-10	4.98704533288531e-06	0.524	0.305	5.56038350270779e-09
Zfp11	0.847427172872889	0.00655496686255606	1	0.113	0.063	0.0173422745340066
Fndc9	0.842799769704815	0.000190405369058478	1	0.16	0.083	0.000767950740579347
Gm29543	0.842691951957771	0.00560893309855966	1	0.123	0.07	0.0151420394156419
Ctxn2	0.842679313854856	5.65981373247869e-15	1.29666332611087e-10	0.783	0.515	4.7542435352821e-13
Tmem132e	0.83177700032213	8.7360558069791e-14	2.00143038537891e-09	0.377	0.161	4.8921912519083e-12
2700069I18Rik	0.829176321764373	1.34340072747993e-07	0.00307773106665653	0.264	0.127	1.46333525626742e-06
Gm56610	0.828779500629041	6.51539505751805e-09	0.000149267700767738	0.358	0.188	1.08210059358323e-07
Ntng1	0.828187300442594	6.14961239049886e-08	0.00140887619866329	0.618	0.456	7.46152970047195e-07
Slc38a4	0.827162850608444	0.00011389724360858	1	0.123	0.055	0.000497006153928349
Uncx	0.825349123235846	3.45344120098555e-17	7.9118337914579e-13	0.533	0.255	4.86601005351771e-15
Ankrd35	0.822870082869431	0.000175664844678069	1	0.142	0.07	0.000719122813077605
Insyn2a	0.820277390656721	2.00860559587818e-05	0.460171542015691	0.179	0.087	0.0001113399650101
Begain	0.818260540612211	2.44326540359248e-14	5.59752103963036e-10	0.665	0.405	1.52459761184171e-12
Eln	0.815378529165274	7.47287211188216e-09	0.00017120350008322	0.486	0.282	1.20778274431262e-07
Gdpgp1	0.815318220044913	0.00781271606777309	1	0.146	0.089	0.0201928661443981
Lck	0.808726547700753	0.001645361812206	1	0.146	0.082	0.00507552287833037
Avpr1a	0.806539557525451	1.5807048805734e-05	0.362139488139365	0.179	0.087	9.07295521464466e-05
Evpl	0.806247574195333	3.42763642684773e-05	0.785271505390816	0.142	0.064	0.000176347655034993
2310074N15Rik	0.805043873417158	0.00381693431270807	1	0.108	0.058	0.0107011354800442
Cdh15	0.800181853721845	1.21825667577387e-05	0.279102604419794	0.269	0.151	7.22255163049742e-05
5730414N17Rik	0.798155957245016	0.00334697961003404	1	0.118	0.064	0.00949325125755109
Gm3558	0.794692313291681	0.00663905191925212	1	0.113	0.064	0.0175222832527452
Gm16099	0.791790888596654	0.000175314234226441	1	0.165	0.085	0.000719035281785063
Zkscan16	0.791443742094281	1.47928535086439e-05	0.338904273883032	0.179	0.085	8.58103374844044e-05
Gm30003	0.789499028721325	0.000705967610584673	1	0.146	0.077	0.0024091144711202
Nap1l5	0.789317207208358	1.82807727107019e-23	4.18812502802179e-19	0.995	0.941	6.65420126669547e-21
Gpr101	0.788537284524024	0.000331599688954037	1	0.217	0.128	0.00122956489079052
Bdnf	0.785835294933774	1.57931157429509e-20	3.61820281671004e-16	0.613	0.278	4.05790173912996e-18
Hoxa6	0.785335966856382	0.00182953331930314	1	0.16	0.094	0.00558448744843894
Tdrp	0.785061487922287	0.0731749097978124	1	0.104	0.069	0.142754803928917
Gm2464	0.784419104583067	1.41071213904351e-09	3.23194151054869e-05	0.42	0.231	2.81369434855802e-08
Pgr	0.783588344026865	4.08353060741776e-08	0.00093553686215941	0.222	0.096	5.23075122967765e-07
AW551984	0.77974354799455	6.83921149785191e-20	1.56686335415787e-15	0.863	0.643	1.57229872750616e-17
9330160F10Rik	0.778835379847	0.015817157946494	1	0.142	0.09	0.0375710757261398
Tepp	0.775100367192853	4.81772667793089e-05	1	0.236	0.129	0.000236182156332235
Cfap90	0.774773218502501	4.62137181005019e-14	1.0587562816825e-09	0.594	0.326	2.76522631045195e-12
Zfp202	0.774762773697132	0.00725347247505821	1	0.113	0.063	0.0189719567491343
Cbln4	0.77271621544209	5.78683584822929e-05	1	0.25	0.147	0.000274093767719357
Rab27b	0.772107021057244	1.36656675041722e-12	3.13080442520586e-08	0.783	0.546	6.28333006928677e-11
Grm1	0.771728092829989	1.67009685145175e-06	0.0382619188667596	0.302	0.166	1.32155489984443e-05
Cdh12	0.770777305111334	1.01030277635981e-05	0.231460366064033	0.25	0.136	6.21549651709811e-05
Tmem91	0.766470070400615	8.38410094000417e-19	1.92079752535496e-14	0.84	0.574	1.59225012634514e-16
Muc3a	0.764927368440564	0.0221400803405834	1	0.165	0.108	0.0506058979213334
Slc9a7	0.762673480197321	0.000989368012983303	1	0.179	0.103	0.00322957563830213
Pdzrn3	0.760101658862617	0.000175546520617714	1	0.203	0.114	0.000719122813077605
Gpc3	0.758155266998391	0.000171710525017842	1	0.222	0.127	0.000706782298524725
Tmem163	0.757857355242535	1.77619708945356e-17	4.06926753193809e-13	0.741	0.451	2.58614296224438e-15
Tmtc1	0.757457905665881	0.000205787462421919	1	0.25	0.149	0.000815680250325718
2810457G06Rik	0.754860137910091	0.000622150596746205	1	0.108	0.051	0.00214996345457866
Kcnu1	0.754171447426951	5.76180453293637e-05	1	0.212	0.114	0.000273263433223302
Zfhx4	0.750714203389496	1.67972015797174e-13	3.84823888191325e-09	0.675	0.433	9.17127206252569e-12
Panx2	0.750564138827218	3.02419380139861e-06	0.0692842799900421	0.448	0.279	2.19429875822411e-05
Gm20754	0.747961732588281	1.07705211316386e-10	2.4675263912584e-06	0.387	0.186	2.97757191791122e-09
Msrb2	0.744883029100577	1.34927417964873e-06	0.0309118714557525	0.335	0.187	1.09997932149805e-05
Npy1r	0.744451121046418	6.81918112050466e-06	0.156227439470762	0.198	0.097	4.46569462284323e-05
Afap1l1	0.743945787725263	0.000307145744033842	1	0.274	0.168	0.0011535792002922
D630023F18Rik	0.743568436654724	2.61533100169099e-11	5.99172332487406e-07	0.434	0.214	8.65436804195928e-10
Nme3	0.743429859303436	3.76438766131345e-08	0.000862421213206911	0.401	0.225	4.92300757623268e-07
Kirrel3	0.741238694444412	3.25635837489075e-11	7.4603170368747e-07	0.519	0.288	1.03823163368779e-09
Acbd7	0.739622742873478	7.07048467580931e-06	0.161984803922791	0.321	0.187	4.57914292434129e-05
Resp18	0.738496857803993	3.07181410912292e-16	7.03752612400061e-12	0.962	0.832	3.44043180221767e-14
Kcnh1	0.737449819216759	1.14854121230258e-05	0.263130791738521	0.264	0.145	6.89124727381548e-05
Icam5	0.737131324477994	2.84176083729451e-08	0.000651047407824173	0.429	0.241	3.92810485357672e-07
Baiap3	0.737081936203067	1.02732751883939e-19	2.35360734566103e-15	0.774	0.438	2.24368330114522e-17
Gm17322	0.73621847814912	0.066426810913277	1	0.108	0.074	0.131350072462288
Phtf1os	0.735612230438684	0.0320392489848801	1	0.108	0.069	0.0701842726007805
Setd6	0.734419560797185	3.63271062804464e-07	0.00832254004885026	0.505	0.316	3.53400445953206e-06
Stum	0.733768415036358	1.33650962084597e-14	3.06194354135811e-10	0.675	0.39	8.9813446520849e-13
Gm19345	0.732886672725186	3.83233598666338e-06	0.0877988174544581	0.292	0.16	2.71747460872495e-05
Pygm	0.730907562549637	0.0412425026701408	1	0.123	0.08	0.0874033975744697
Bmp2	0.7274328792622	0.000586559913251974	1	0.132	0.066	0.00204150892516703
Epha5	0.725698456101529	2.31983676266384e-11	5.31474602326286e-07	0.84	0.63	7.91644295259036e-10
Oprm1	0.725003869997082	3.19835137453392e-05	0.73274229990572	0.142	0.064	0.000166711202911267
Eya2	0.719730134393897	0.00176507323201788	1	0.165	0.095	0.00541041394909061
Cda	0.717707801987157	0.00661667001230073	1	0.17	0.108	0.0174843403591831
Spdef	0.717605926491183	0.0190249269543878	1	0.118	0.071	0.0442333686537824
Gm12827	0.716425793512193	0.00123177986358689	1	0.184	0.109	0.00394169556347803
Stac	0.716133038255585	0.0121810061453922	1	0.132	0.082	0.0299418316505757
Hpca	0.714970187323396	1.52262182755015e-11	3.4883266069174e-07	0.769	0.53	5.58891776700763e-10
Doc2a	0.713189834354132	7.00811874325716e-10	1.60556000408021e-05	0.651	0.413	1.56180931992588e-08
Amer3	0.708959150062113	4.08009333931222e-07	0.00934749384036431	0.307	0.161	3.92584374664399e-06
B830017H08Rik	0.706960269956328	3.37747264812097e-07	0.00773778983684515	0.472	0.298	3.29303583191795e-06
Bves	0.705166584623778	0.00010215498498959	1	0.123	0.055	0.000450720176196495
Rbm11	0.70352032173006	1.51064615515708e-05	0.346089034146486	0.321	0.189	8.73973828572994e-05
Cdh13	0.703298247856527	4.2405539120848e-08	0.000971510901258628	0.731	0.548	5.39530988914153e-07
Tceal6	0.702171900032842	3.72384383389445e-09	8.53132622345218e-05	0.821	0.623	6.66629092887334e-08
Gm16183	0.702021630993486	0.000235232240996157	1	0.132	0.064	0.000919046895054754
Dnaaf11	0.701834909601827	0.00112786936479877	1	0.123	0.063	0.00363045938499707
Grem2	0.700784679435291	4.17654878611339e-06	0.0956847326898577	0.302	0.172	2.92358415027937e-05
Hcrtr1	0.700688333660779	6.17310316492595e-05	1	0.241	0.138	0.000291189142812058
Kcnh8	0.700485210721375	9.19578294583825e-05	1	0.189	0.1	0.000413668176183537
Trim66	0.699789127488063	1.79058972893658e-06	0.0410224106899371	0.179	0.081	1.39915848586673e-05
Sh3bgr	0.697208182074187	0.00316490917807558	1	0.212	0.136	0.00904141483965608
A230103O09Rik	0.697186176921329	0.0060288580924122	1	0.123	0.07	0.0161459547195932
Egfl7	0.692636724419594	3.24114136996317e-07	0.00742545487858562	0.524	0.332	3.18858232072052e-06
4930483P17Rik	0.692102040543474	0.000174546662491152	1	0.184	0.1	0.000716559982858413
Cpne6	0.691072872026344	1.10004196585134e-11	2.52019614376542e-07	0.373	0.169	4.25219761667138e-10
Gm9916	0.690765403308085	0.00110970248517055	1	0.118	0.058	0.00357989693886628
Myh14	0.687754791122265	2.21586399181184e-05	0.507654440524092	0.316	0.196	0.000120835130040376
Bcam	0.687243933748256	2.26001341960706e-06	0.0517769074431976	0.307	0.173	1.71087324382038e-05
Fhod3	0.686472571545514	2.12346023311401e-08	0.00048648473940642	0.505	0.306	3.05107707179013e-07
Nefl	0.68192717291985	2.48791988283818e-15	5.69982445158228e-11	0.835	0.609	2.17344680964744e-13
Lor	0.681423704984492	2.57603836234575e-10	5.90170388813412e-06	0.712	0.441	6.4667445785783e-09
Gstm4	0.680724872143723	2.91708285354699e-07	0.00668303681747615	0.392	0.225	2.9157478041861e-06
Ckmt1	0.680271469220451	1.49101664029266e-15	3.41591912291048e-11	0.844	0.628	1.40735223374136e-13
1700124L16Rik	0.679747714014633	0.000282909258139391	1	0.16	0.083	0.00106991137623624
Upp2	0.677897564392829	1.98744982512732e-08	0.00045532475493667	0.472	0.273	2.88411323460337e-07
D430036J16Rik	0.677180621473894	1.83937240551114e-05	0.421400218102601	0.16	0.074	0.000103402556850356
Vamp1	0.676849357547023	1.0995320185311e-07	0.00251902785445474	0.354	0.195	1.2220752816651e-06
Mgat4c	0.675995248732826	5.22573769740837e-09	0.000119721650647626	0.708	0.516	8.9513812793254e-08
Lrrc3	0.674888161699364	0.000124666136595441	1	0.325	0.208	0.000536494270590036
Pwwp3b	0.672960681898662	0.000200669226935371	1	0.259	0.161	0.000799747429976005
Slitrk1	0.672105854823769	5.44495601109336e-12	1.24743942214149e-07	0.675	0.404	2.24373281664677e-10
Iqcj	0.671909646187413	1.04507811425465e-06	0.023942739597574	0.212	0.099	8.86388583119282e-06
Popdc3	0.671894403010727	0.00216982361763921	1	0.113	0.058	0.00647832505936301
As3mt	0.67072783031613	8.68454649408315e-09	0.000198962960179445	0.646	0.452	1.38445617102756e-07
Silc1	0.669930852247376	3.88533640480026e-07	0.0089013057033974	0.325	0.175	3.75467907437335e-06
Efcab15	0.669808600594415	4.19710894276245e-09	9.61557658786878e-05	0.557	0.336	7.42225581456939e-08
Sstr2	0.66616110465559	6.89498904222787e-06	0.15796419895744	0.222	0.112	4.50184037914071e-05
Klhl1	0.664982988914336	0.00218950496224946	1	0.198	0.122	0.00651038643642317
Smcr8	0.664385487150434	0.000567595207694503	1	0.156	0.083	0.00197865591956073
Pomk	0.662720263325598	0.000452516046181457	1	0.363	0.246	0.00161882890231008
Atp4a	0.659490559633067	0.000417943044541446	1	0.132	0.064	0.00151248982481942
Lrrc24	0.657029062285047	6.63064482613942e-09	0.000151908072966854	0.604	0.405	1.08501399338845e-07
Smim1	0.656950110711386	3.04737607761733e-08	0.000698153859382129	0.42	0.239	4.14670987758021e-07
Shisa6	0.655443358165818	9.34480164250699e-09	0.000214089405629835	0.274	0.124	1.46827674728311e-07
Spata2l	0.652263684935221	0.0895594160788964	1	0.241	0.187	0.16986345177274
Gm38165	0.650995319136585	0.0225770869418933	1	0.118	0.074	0.0514701021723329
Plcd3	0.648592049444702	0.168214754379268	1	0.104	0.076	0.290190381962339
Ccdc40	0.647602639238361	9.2966934828814e-08	0.00212987247692813	0.344	0.181	1.06863045087437e-06
Traip	0.647430306471529	0.0181193358420102	1	0.208	0.143	0.0424143938681139
Stxbp2	0.645250330626783	0.010029693418531	1	0.132	0.08	0.0250771040939574
Chac1	0.645067694725069	1.15791959312534e-06	0.0265279378785016	0.321	0.171	9.69030538452892e-06
Tmem266	0.643044203203963	9.53008871377935e-05	1	0.297	0.177	0.000426510527682256
Slc2a13	0.64089351457667	1.05228766778076e-07	0.00241079104688572	0.429	0.248	1.18463725073875e-06
Dagla	0.640678068673382	9.76369160972379e-06	0.223686174778772	0.222	0.115	6.02370126430417e-05
Ecel1	0.640006565582213	7.8754307611527e-05	1	0.396	0.271	0.000360964129745173
Baiap2l2	0.639176589638629	0.0040139086951635	1	0.175	0.107	0.0112030371760218
Rtl4	0.638431433274468	0.000936793018098842	1	0.16	0.089	0.00308358093674133
St8sia4	0.63834407039133	1.75493840201514e-13	4.02056387901669e-09	0.604	0.334	9.46366782716313e-12
Gpr75	0.637615849279859	0.00565956098135616	1	0.156	0.093	0.0152504394611744
Zfp51	0.636248628755356	0.0062763702732102	1	0.132	0.077	0.0166657661722688
5730409E04Rik	0.636186638877217	2.20293120355364e-09	5.04691538734139e-05	0.608	0.376	4.183653694401e-08
Ccdc160	0.635995670602012	3.04566761332744e-07	0.00697762450213317	0.387	0.223	3.02351730341233e-06
Kif22	0.635688954705505	0.00285715827951267	1	0.241	0.159	0.00824310922385162
Relb	0.635030134994295	0.12432666608362	1	0.104	0.073	0.225242172315742
Hhipl1	0.632608779164595	3.76223921131666e-05	0.861929003312646	0.156	0.073	0.000191532178030666
Gpr88	0.630742192476272	0.000490918820040452	1	0.113	0.053	0.00173911873960803
Man2c1os	0.629943456120019	0.0420315331121313	1	0.113	0.074	0.0887705741727612
Cx3cl1	0.629880389594947	2.60790499377282e-10	5.97471034073354e-06	0.693	0.495	6.50933086445697e-09
Cpne8	0.628341067565565	2.21876020721116e-07	0.00508317963472076	0.495	0.318	2.28574164742885e-06
1700030J22Rik	0.627793729412768	6.86185788826465e-05	1	0.203	0.106	0.00031987828448175
Gm26549	0.626284013778013	0.00752387152469351	1	0.259	0.172	0.0196079236351194
Mdga1	0.624565616190454	0.00137713333932549	1	0.259	0.166	0.00434319019940341
Cxxc4	0.623745054099344	8.36723541238092e-15	1.91693363297647e-10	0.873	0.643	6.30139384159997e-13
Npas4	0.622741142060053	0.000693180412440702	1	0.278	0.182	0.00236918000120578
Chrna3	0.62113608592037	2.51668801567571e-08	0.000576573224391306	0.42	0.228	3.54609459757146e-07
Nxph3	0.620496662856074	0.00260012263707416	1	0.217	0.141	0.00759180192429138
Rnf227	0.619983745221183	1.04499848654078e-17	2.39409153266493e-13	0.929	0.754	1.57398392731384e-15
Zfhx3	0.619382265563897	5.96726763307838e-13	1.36710101473826e-08	0.646	0.395	2.99597988750418e-11
Gm13205	0.619062462510036	0.00195079540108753	1	0.297	0.205	0.00591741271663218
Sphkap	0.618886584913003	0.000125296825562297	1	0.458	0.331	0.000538677691000111
Mettl18	0.618623622076667	0.0180123520698397	1	0.16	0.106	0.0421865704241609
Tubg2	0.618570543574297	6.79038252358553e-11	1.55567663615345e-06	0.698	0.477	2.00408046371768e-09
ENSMUSG00000121487	0.617452621845457	4.59697166725863e-06	0.105316620896895	0.439	0.278	3.18218260579805e-05
Ube2c	0.617445204875374	0.0469925216538422	1	0.123	0.082	0.0978376237292578
Nfatc2	0.617227386737347	8.39305163414861e-08	0.00192284812938345	0.382	0.209	9.69659685479341e-07
Rasgef1c	0.616878698145914	5.61266952403127e-07	0.0128586258795556	0.377	0.216	5.18311638075445e-06
1700003E16Rik	0.616316004172056	1.17964643966511e-05	0.270256999327276	0.203	0.1	7.0392017055426e-05
Sprn	0.616105259211902	7.30786602002613e-08	0.00167423210518799	0.623	0.417	8.6272321014795e-07
Gpx3	0.615119506634911	3.55189024552579e-12	8.13738055249959e-08	0.84	0.588	1.52104476396634e-10
ENSMUSG00000121374	0.61501683127968	0.0237894239148919	1	0.113	0.07	0.0538338836432208
Kcnh6	0.61484332336505	0.0242530916437447	1	0.104	0.062	0.0548047099326833
Rbp4	0.614730236681083	0.451539875432344	1	0.132	0.114	0.63239169224638
Shisal2a	0.613387797678968	0.000655168649700437	1	0.217	0.127	0.0022515945412207
Cmbl	0.613076876660341	0.000469240911232784	1	0.255	0.159	0.00167181427427798
Cntnap4	0.6128435355012	9.26824736749873e-10	2.12335547189396e-05	0.434	0.231	1.96522837384633e-08
Pi16	0.61218748394174	0.00116398698886946	1	0.208	0.126	0.00373022389389714
2900026A02Rik	0.612041281526907	0.00017063348855887	1	0.179	0.095	0.000704192097672365
Gm11110	0.610938535786443	0.0132867179439519	1	0.118	0.07	0.0322066503769044
Trmt5	0.610164585241697	0.000437390996167425	1	0.231	0.138	0.00157633982777171
Camkv	0.608852340502513	6.63607589118438e-09	0.000152032498667034	0.646	0.422	1.08501399338845e-07
Opn3	0.607631920439906	0.0142166745247112	1	0.165	0.11	0.0341763535079464
Tpd52l1	0.607615783863978	1.46701028074831e-06	0.0336092055319438	0.557	0.388	1.18009224793897e-05
Nkain2	0.606923274763388	9.74793207982882e-07	0.0223325123948878	0.259	0.13	8.38168648123864e-06
Rwdd2a	0.606455465046504	2.13342929688512e-11	4.88768651916382e-07	0.821	0.63	7.44879312932378e-10
Myl4	0.604549191596117	0.0106396738838383	1	0.118	0.068	0.0264658858340579
Gm17494	0.604057108619003	0.176540844517787	1	0.146	0.115	0.302222640036061
Zfp119a	0.603537374448507	0.000103016678758953	1	0.203	0.108	0.000454063423631795
Ndst4	0.599633068619827	2.92133940741364e-06	0.0669278858238465	0.217	0.105	2.1338479149804e-05
Gm28050	0.599105008765505	3.96132357683887e-06	0.0907539231453786	0.297	0.16	2.79984812032883e-05
Cenpa	0.598920399021848	0.603280345304093	1	0.104	0.093	0.762852855779584
Ldb2	0.598213168846494	1.06513575416293e-05	0.244022601278727	0.387	0.24	6.50701115270444e-05
Eaf1	0.598126817491016	0.000356925547576176	1	0.17	0.089	0.00131454535565998
Fcor	0.597881283676991	9.18419278186184e-05	1	0.321	0.199	0.000413668176183537
Efhc2	0.596548317215572	0.0051059968039508	1	0.127	0.072	0.013870021168941
Cpne5	0.596237850435796	6.62875404774905e-11	1.51864755233931e-06	0.759	0.54	1.96968691704543e-09
Arhgdig	0.595426229539522	1.47695143697744e-14	3.38369574211532e-10	0.906	0.75	9.77473314654163e-13
Cfap20dc	0.594401032409205	0.0115072969062991	1	0.123	0.073	0.0284781149499798
Rhbdl3	0.594019651012708	0.00135831725437269	1	0.104	0.051	0.00429278052324256
Galnt18	0.59384468680045	2.28962906188033e-05	0.524554018076783	0.33	0.201	0.000124389693118251
Prss12	0.593824999277808	0.00565933657353573	1	0.16	0.098	0.0152504394611744
Tmem130	0.593813006204186	6.8250305069657e-16	1.56361448914584e-11	0.892	0.689	6.62482961209471e-14
Erich3	0.593770831144695	0.0354687723142243	1	0.156	0.108	0.0766209680853272
Tox2	0.593404501007151	3.99073166293386e-09	9.14276623978148e-05	0.519	0.307	7.1149044504878e-08
Irx3	0.5928257587102	0.00198346376781963	1	0.255	0.167	0.00600816209281286
Arc	0.592797151168345	0.00217567718863808	1	0.146	0.084	0.00648937220075806
Kcnj9	0.592465701415815	5.1076736120281e-08	0.00117016802451564	0.34	0.172	6.32020349499681e-07
Wdr17	0.592309574787126	0.000374059610591943	1	0.226	0.134	0.00137071508310873
Gm32585	0.591910586028291	0.084635069815103	1	0.104	0.071	0.161576042374288
Lrrc56	0.591174435809318	0.0277507739467358	1	0.104	0.063	0.0617186255597465
Rnd1	0.589630703694048	9.24504219121172e-10	2.1180391660066e-05	0.566	0.339	1.96522837384633e-08
Ddc	0.588350577643833	1.42009094870462e-07	0.00325342836348229	0.377	0.21	1.53159438615847e-06
Gm14004	0.588334181609326	4.88521174378666e-07	0.0111920201050152	0.401	0.228	4.59883726225434e-06
Gm8773	0.58617474561705	0.000813575205095983	1	0.231	0.142	0.00273151152640988
Cdr2	0.584730002670039	0.293805617346296	1	0.184	0.152	0.458828364879735
Pcsk1n	0.584606238483597	2.07716756472086e-20	4.75879089077548e-16	1	0.962	5.04059329038928e-18
Stk35os1	0.583855073539658	0.000826279187585998	1	0.165	0.09	0.00277203340351431
Upk3a	0.583725168009371	0.0471047004974316	1	0.108	0.07	0.0978845536502289
Jsrp1	0.583515506810974	0.0412145134036179	1	0.108	0.07	0.0873907740519432
Ajap1	0.583289457446996	6.08677713529189e-11	1.39448064169537e-06	0.66	0.408	1.85923374314371e-09
Nrg3	0.583214423120344	5.52925268132027e-07	0.0126675178929047	0.542	0.369	5.12776554395052e-06
Plcxd2	0.581270720380335	4.10220049215304e-06	0.0939814132752262	0.41	0.257	2.89006641124589e-05
Msantd1	0.580351074754296	0.000417819205830609	1	0.269	0.17	0.00151248982481942
Fam110d	0.57978014103935	0.0207630573976695	1	0.132	0.085	0.0478843900279939
Cdh9	0.578974484005475	0.000328291181543717	1	0.292	0.182	0.00121936724573381
Il17rc	0.57779357149383	0.0202171982257091	1	0.108	0.066	0.0467736874204965
Stx1a	0.577452562656048	2.7039270769411e-11	6.19469693327207e-07	0.802	0.578	8.88026576848025e-10
Kif13a	0.577076265996614	2.13881015905794e-06	0.0490001407440173	0.406	0.249	1.63327321237151e-05
Rgs19	0.576492519625239	2.18847135358321e-11	5.01378787105914e-07	0.726	0.475	7.52696289169407e-10
Pcdh20	0.576418032685	1.17442800793505e-05	0.26906145661792	0.25	0.133	7.0369019734709e-05
Foxo6	0.576393512622389	4.98876254277904e-05	1	0.325	0.197	0.00024347390823306
Atp6v1g2	0.575539040719521	3.74000894446439e-13	8.56836049176791e-09	0.91	0.738	1.92192459640241e-11
Nrip2	0.575490159879037	0.00018308128088038	1	0.288	0.174	0.000742524637776696
Adcy2	0.575133444189101	7.25218051681826e-06	0.166147455640306	0.392	0.248	4.65845948492091e-05
Olfm1	0.575018307801412	1.25919942008861e-14	2.884825871423e-10	0.962	0.844	8.6119788815016e-13
Zdhhc22	0.572967976600882	1.40300832871085e-11	3.21429208107655e-07	0.608	0.345	5.19350879644829e-10
Ccsap	0.571608965755888	2.3879316964602e-06	0.0547075151659033	0.288	0.155	1.79835959485141e-05
1700008J07Rik	0.570494703690104	0.134602097638038	1	0.198	0.156	0.24118825309296
2810032G03Rik	0.570430512289395	0.00621396348700034	1	0.259	0.181	0.0165402757533318
Gm26935	0.569473465915812	0.00604693650253271	1	0.108	0.059	0.0161646380924497
4932441J04Rik	0.56879063344361	0.0123889107393224	1	0.118	0.07	0.030333386832601
C77080	0.56847864748024	0.00822346557730919	1	0.118	0.067	0.0211046402125068
Ache	0.567217176606053	3.11056608251153e-11	7.12630689503391e-07	0.892	0.696	1.00644093691929e-09
Atg10	0.56662697036429	0.000100716136003314	1	0.453	0.313	0.000446283302107311
2410018L13Rik	0.566623539728367	3.07539548916246e-05	0.704573106567121	0.373	0.239	0.000160685735606001
Col25a1	0.566609632127864	2.50602845104331e-05	0.574131118134022	0.363	0.222	0.000134146228849965
Neurl1b	0.566594375425006	0.036999280903817	1	0.146	0.098	0.0795730472613849
Tmsb10b	0.566199421761637	0.00711029621287405	1	0.113	0.063	0.0186533176323327
Rtn4r	0.566154297601366	1.08158223958034e-07	0.00247790491087855	0.5	0.305	1.2082739699455e-06
Nrsn2	0.565604723371702	3.53465114702928e-11	8.09788577784408e-07	0.835	0.621	1.11074505109524e-09
Amph	0.565573538212157	2.68905253171122e-12	6.1606193501504e-08	0.849	0.617	1.18644257156713e-10
Chrnb2	0.565120795953777	1.66985319732389e-05	0.382563367506904	0.377	0.235	9.50967244577674e-05
Atrnl1	0.56471928846696	0.000522249446613301	1	0.33	0.223	0.00184115059145028
Dact2	0.563263639450435	0.00210573320472176	1	0.222	0.14	0.00633024269664463
Dusp28	0.562290172561597	5.09965369596154e-05	1	0.448	0.323	0.000248054424765702
Vstm5	0.56144610210917	1.45696787055119e-05	0.333791339143278	0.241	0.126	8.48538087809013e-05
Vwa1	0.560824815420543	0.0156781226515818	1	0.358	0.27	0.0372995859161815
Slitrk4	0.560786856492594	1.29071847393448e-10	2.9570360237839e-06	0.561	0.321	3.48015944083076e-09
9330158H04Rik	0.560621936334725	0.0700828688531756	1	0.113	0.076	0.137521101145854
Tmem59l	0.559929426051728	2.08821979873182e-13	4.78411155889459e-09	0.887	0.704	1.11235903425129e-11
Fkbp11	0.559240412003965	0.00192195588679789	1	0.189	0.112	0.00583804124724144
Ralyl	0.558032352786817	5.79082099529619e-16	1.32667709002236e-11	0.91	0.705	6.02245383510804e-14
A530058N18Rik	0.556728908194704	5.41501205860054e-09	0.000124057926262538	0.519	0.309	9.23936432498717e-08
Flrt2	0.556030635684902	1.32185292117706e-06	0.0302836504241664	0.401	0.24	1.08124598496281e-05
Kcnh5	0.555730449095087	0.00131838857195224	1	0.123	0.063	0.00418511721096467
Gabrq	0.555421310766336	1.63566848905863e-06	0.0374731650843331	0.335	0.186	1.30375911682629e-05
Kcnk4	0.55530772161228	0.000195643001180295	1	0.255	0.148	0.000786171691955408
Zbtb8b	0.554509001875978	0.000106467743653492	1	0.255	0.148	0.000466918779396039
Tmem240	0.554390863377775	8.3904920716097e-08	0.00192226173360578	0.712	0.515	9.69659685479341e-07
Hdac11	0.553578062495146	3.88920549794684e-12	8.91016979579622e-08	0.877	0.698	1.64932520534289e-10
Gck	0.552847635863264	9.46494105446087e-05	1	0.297	0.184	0.000424029359239847
Fgf22	0.55172240482453	0.0450232303645974	1	0.165	0.117	0.0941414409921309
Eif5a2	0.550017606555194	0.0083585888651937	1	0.16	0.1	0.0213795436965974
Mrpl1	0.549384673238664	1.83210897730323e-07	0.00419736166700169	0.542	0.35	1.91910120212482e-06
Pde1a	0.549196040154581	0.00188051847019708	1	0.42	0.319	0.00572012860572483
Unc5d	0.549017429183313	3.3677092183507e-08	0.000771542181924146	0.528	0.348	4.49415464591359e-07
B4gat1	0.547608162687369	5.5537526988404e-15	1.27236474330433e-10	0.925	0.836	4.7542435352821e-13
D830024N08Rik	0.547477689254534	0.017128106842128	1	0.137	0.084	0.0402234251002232
Nat14	0.545715378814927	5.00765838579238e-09	0.000114725453618503	0.731	0.514	8.67994120204012e-08
Sncg	0.543288518147147	5.69694069265874e-13	1.30516911268812e-08	0.557	0.322	2.89351592389923e-11
Cntn3	0.542915104887248	0.00213747443364825	1	0.142	0.078	0.00640802218680546
Gm56755	0.542877689136167	0.186641925855135	1	0.104	0.077	0.316356977933733
Slc36a4	0.542804047358675	3.25209162865662e-08	0.000745054192125232	0.604	0.408	4.37818103456485e-07
Igsf1	0.54120577413184	5.61213330615384e-09	0.000128573974043984	0.25	0.106	9.53844291100387e-08
Caly	0.540387929542733	1.32515718697923e-16	3.03593511536941e-12	0.943	0.84	1.70243723315449e-14
Vstm2l	0.540292533095434	8.52376344140037e-11	1.95279420442482e-06	0.863	0.675	2.43345089621156e-09
Ttc27	0.540051654256011	0.0136616148499966	1	0.274	0.189	0.0329690241241908
Gm39469	0.540049005803029	0.00124385683102862	1	0.255	0.164	0.00397451838912437
Zfp952	0.539780957078761	0.00135348808961064	1	0.255	0.163	0.00428719070008649
Ly6h	0.539316542294862	8.15252523995255e-19	1.86774353247313e-14	0.991	0.951	1.59225012634514e-16
Faim2	0.53900630245914	4.64246104573253e-12	1.06358782557732e-07	0.858	0.655	1.94983363920766e-10
Wfs1	0.538763270578991	1.06779678317727e-05	0.244632243025913	0.401	0.249	6.51415691189709e-05
A230087F16Rik	0.53752774931711	0.00107382307781077	1	0.137	0.073	0.00347698977307447
Tfr2	0.537067384720124	0.0212812333150025	1	0.165	0.112	0.0488729900735703
Cdh22	0.535370994748854	4.63506264628313e-07	0.0106189285226346	0.335	0.186	4.39174699326783e-06
Ifitm10	0.535024721807543	0.0355780447712133	1	0.241	0.173	0.0768190309246959
5033430I15Rik	0.53391628744407	0.00209278665811688	1	0.297	0.201	0.00629999457109202
Smim18	0.533438084994287	4.98160469933526e-09	0.000114128563661771	0.769	0.554	8.66918299868383e-08
Larp6	0.533360723858867	1.96366943754081e-06	0.0449876668140599	0.632	0.462	1.51542545992548e-05
9030407P20Rik	0.531995557544342	0.00865712639478649	1	0.108	0.061	0.0220491708993746
Zfp87	0.531582164796148	2.26500218940355e-06	0.0518912001592352	0.33	0.18	1.71168331545237e-05
Gnai1	0.530741417300883	5.82418916722891e-08	0.00133432173821214	0.858	0.685	7.12606674578596e-07
Rab3b	0.530724573796146	1.42623974229202e-08	0.000326751524959101	0.821	0.612	2.14850035187586e-07
Hpcal4	0.530055789849664	2.07500952588272e-08	0.000475384682379732	0.675	0.463	2.9913008610745e-07
Dok5	0.528995548754007	1.61910332136408e-08	0.00037093657092451	0.717	0.512	2.41373491731e-07
Pld3	0.528915485684516	1.1473000609655e-11	2.62846443967197e-07	0.901	0.763	4.37657846961897e-10
Slc8a2	0.528520866119816	7.00691974660017e-08	0.0016052853139461	0.608	0.396	8.3623566811884e-07
Sult4a1	0.528492155341317	2.47729279881192e-12	5.67547780207811e-08	0.863	0.664	1.1041647903276e-10
Cnnm4	0.528330285797912	0.017250472649953	1	0.189	0.129	0.04048901909457
Tshz2	0.528221499035483	3.19059649710025e-08	0.000730965657485668	0.736	0.538	4.32811350910991e-07
Gmppb	0.528040180833858	0.000455485017009053	1	0.486	0.341	0.001628116656543
Gm26604	0.5275901858404	0.000884873145341885	1	0.259	0.17	0.00293256896726354
Tspan2	0.527312963722695	1.04745461890476e-09	2.39971853191081e-05	0.698	0.476	2.18913003606507e-08
Plcxd1	0.527091085667487	0.000489523939264647	1	0.283	0.179	0.00173699477393012
Gpr26	0.525999470981315	1.75184647319933e-05	0.401348027009967	0.307	0.179	9.91200180691021e-05
Hid1	0.525878723520453	3.86148618260371e-10	8.84666484434509e-06	0.646	0.403	9.21692439650983e-09
Mfsd3	0.52554963412121	0.00041305192285513	1	0.288	0.178	0.00149877427122957
A130010J15Rik	0.525302973482085	0.00217946635039196	1	0.25	0.164	0.00648937220075806
Camk2n2	0.524253663811098	1.01687018347062e-14	2.32964959033119e-10	0.972	0.829	7.40281493566611e-13
Arhgef15	0.522724907129608	1.0561553888276e-07	0.00241965199580404	0.665	0.422	1.18593489418997e-06
Cys1	0.520690669138911	0.0132109811501587	1	0.16	0.103	0.0320408471204294
4931415C17Rik	0.520426468081412	0.0276188648414993	1	0.118	0.074	0.0615192257152825
Vsig10l	0.519510033118189	0.000589221443777623	1	0.179	0.101	0.00204913954332855
Stk32b	0.519431136980177	1.47639351298432e-05	0.338241753824708	0.354	0.214	8.5756474264834e-05
Nos1	0.519184212606438	5.31874056552743e-05	1	0.264	0.148	0.000256994013166193
Krt222	0.518205055521708	2.02005037510758e-05	0.462793540937146	0.377	0.233	0.00011169088656291
Pdgfb	0.518038157001085	1.37803596322187e-07	0.00315708039174131	0.387	0.216	1.49732862869481e-06
Plcl1	0.517909880327565	0.00619987620203906	1	0.245	0.167	0.0165229159551596
Nubpl	0.5172111431478	0.000515054622928101	1	0.292	0.19	0.00181725249834406
Cbarp	0.516694263586941	2.12578564686771e-14	4.87017491697393e-10	0.939	0.8	1.38588532918182e-12
Fam43b	0.516669829433045	7.09437901125483e-05	1	0.377	0.243	0.000329662207671927
Chl1	0.515923288201987	1.00670433203515e-10	2.30635962469252e-06	0.877	0.717	2.83695775634163e-09
Dcaf12l1	0.515636301803923	1.81219978473565e-09	4.15174970682938e-05	0.778	0.568	3.50251710607316e-08
Nell2	0.515166564541898	1.43922790047151e-10	3.29727111998023e-06	0.825	0.56	3.81002876924822e-09
Plpp2	0.515104112708864	2.92754949839434e-06	0.0670701590082142	0.557	0.381	2.13481405826151e-05
Paqr9	0.51499683603188	4.71746761563414e-08	0.00108077183074178	0.642	0.416	5.88739958431141e-07
Ttll11	0.514456996103612	0.0102745614888006	1	0.146	0.09	0.0256160300131741
ENSMUSG00000121309	0.514327278261618	0.000777713956136894	1	0.274	0.172	0.00262320815475363
Slitrk3	0.512972175573692	8.68077996865591e-10	1.98876669081907e-05	0.613	0.373	1.86786437946251e-08
Cacng3	0.512964037432346	0.00587224571454602	1	0.321	0.242	0.0157555093864478
Gm20544	0.512870574828061	0.000765611770225015	1	0.146	0.076	0.00258438347167146
Cdkl4	0.512618544116383	0.000500156191278997	1	0.226	0.134	0.00176897347652361
Sncb	0.510879153703121	6.31868992345132e-13	1.4476118614627e-08	0.943	0.771	3.13636790745856e-11
Rhbdl1	0.510827269003231	4.49889457503854e-10	1.03069674714133e-05	0.849	0.676	1.05778277661903e-08
Rerg	0.510528357819787	0.0393907804966205	1	0.146	0.099	0.0840952733182984
Gm27217	0.510310756336665	0.00201082910046127	1	0.113	0.057	0.00608261877480252
Trpc7	0.509935453497049	0.00390898669599419	1	0.184	0.113	0.0109451627487837
Uck2	0.50837176486261	0.000368421606192803	1	0.316	0.206	0.00135232401331946
Fndc10	0.508002105598889	1.96584688152274e-07	0.00450375520556859	0.519	0.322	2.04936018579745e-06
Ankrd55	0.507676584104492	7.3136915293341e-06	0.167556672937044	0.462	0.295	4.68419422289316e-05
Inpp5f	0.507215537470832	2.98064962750831e-10	6.82866829662154e-06	0.882	0.767	7.23304309608683e-09
Rundc3b	0.506878094000139	9.2201673681035e-07	0.0211234034403251	0.519	0.33	7.99081171902303e-06
A930007I19Rik	0.505440386593728	0.0177729619175557	1	0.113	0.069	0.0416482283561606
Hmga1	0.50478857667489	3.28794986053275e-07	0.00753269313048053	0.599	0.395	3.22736291928248e-06
Hap1	0.504731077248201	8.26732455696308e-18	1.89404405600024e-13	0.986	0.869	1.28970263088624e-15
Cdkl2	0.504669844764164	1.48644253391617e-09	3.40543984520195e-05	0.755	0.517	2.95126408552084e-08
B230217O12Rik	0.504601620769528	7.56346489530425e-05	1	0.245	0.137	0.00034960015516073
Dbf4	0.504201558012737	0.281377641458471	1	0.132	0.106	0.44306327970101
Gng3	0.503697671671427	4.13106098159952e-16	9.46426070884451e-12	0.981	0.861	4.40109130917725e-14
Bud13	0.503687962726972	0.00227295399397236	1	0.245	0.158	0.00673102579367544
Lin7b	0.503044035765451	1.96694059587818e-08	0.000450626090515691	0.717	0.502	2.86386550759863e-07
Pnmt	0.50289583617865	0.304838731599866	1	0.142	0.114	0.472510851535917
Fras1	0.502807400861804	3.46398068645095e-05	0.793597975265912	0.193	0.096	0.00017800785456962
Pmf1	0.502168858023704	0.00435122931724487	1	0.274	0.189	0.0119837135294613
Ier5l	0.502078776261457	6.68232957637573e-07	0.0153092170594768	0.58	0.374	6.04315022559197e-06
Gpr61	0.50169139291718	0.000234275355982772	1	0.288	0.178	0.000916127802088407
Nptx2	0.501438599630542	0.00425022041924751	1	0.175	0.107	0.0117648686890197
Pfn4	0.499445012593795	1.62431750337591e-07	0.00372131140023421	0.458	0.258	1.73472343636821e-06
Fuca2	0.499301032646761	1.78091437023129e-06	0.0408007482219989	0.717	0.542	1.39659496753506e-05
Smim10l2a	0.498974579841203	9.20933684509284e-07	0.0210985907121077	0.613	0.42	7.99081171902303e-06
Kcnab2	0.497960093193504	0.00113886561673739	1	0.269	0.173	0.0036577683925801
B230209E15Rik	0.497317514957116	1.92088440311777e-08	0.000440074616754282	0.825	0.607	2.80616156281553e-07
Gap43	0.497206634145655	2.56171822613784e-14	5.8688964560818e-10	0.991	0.896	1.57599791715072e-12
Bcar1	0.496863614751061	1.12909079000644e-05	0.258674699990476	0.519	0.335	6.82139498028789e-05
Zfp708	0.496543783851632	0.0453994369226949	1	0.118	0.077	0.0948826509465699
Gm4419	0.496205770437214	0.0122044460743561	1	0.16	0.102	0.0299657225704257
Myh7	0.495186162598816	0.00119574044336045	1	0.302	0.197	0.00382917467492554
Prkrip1	0.4949609482737	9.19312720246906e-07	0.0210614544208566	0.712	0.541	7.99081171902303e-06
Slc6a15	0.494002351325673	1.15577416031658e-09	2.64787860128527e-05	0.703	0.449	2.39261683993498e-08
Grm8	0.492205597963907	6.97611689628711e-07	0.0159822838093938	0.302	0.162	6.26989271666299e-06
Mfsd12	0.491963751091935	0.000326862570250415	1	0.316	0.202	0.00121509421859899
Scn2b	0.491835675164219	1.0574122368095e-06	0.0242253143453056	0.429	0.262	8.93380396592629e-06
Kcnh4	0.491617180394642	0.0121940335580582	1	0.137	0.084	0.0299569958276705
Car10	0.49158184331503	0.00274464622663816	1	0.675	0.598	0.00795564398612219
Esyt1	0.491369268782686	0.0137345272996408	1	0.118	0.071	0.0331083969342335
Kcns2	0.489888589369039	0.00035358350583302	1	0.198	0.112	0.00130333565694399
Spock3	0.489772310998063	7.19359004427116e-07	0.0164805147914252	0.863	0.699	6.4388527281509e-06
Zbtb46	0.4896329995015	0.0106597804989024	1	0.17	0.109	0.0265008088897015
Fbll1	0.48948958063587	1.08722898915525e-11	2.49084161415468e-07	0.906	0.712	4.2480309404763e-10
Vwa5b2	0.489472516077499	2.29372289545176e-14	5.25491915347999e-10	0.755	0.453	1.47246438782686e-12
Apoa2	0.489326552585284	0.00445984270847667	1	0.198	0.124	0.012236553360946
Tceal7	0.488572666078046	0.0193563257344704	1	0.146	0.093	0.0449247772625754
Crim1	0.487891880740474	1.68055015567555e-07	0.00385014040665268	0.599	0.416	1.77739541888397e-06
Kcnip1	0.487734550648231	1.16026321339483e-06	0.0265816302188756	0.547	0.36	9.69030538452892e-06
Gpr158	0.486863914010027	7.07628542566476e-06	0.16211769910198	0.429	0.27	4.57914292434129e-05
Ak5	0.486228286886431	0.00193732529023249	1	0.292	0.196	0.00588063715617477
Saxo2	0.485714196253395	6.97490845523885e-07	0.0159795152709522	0.5	0.321	6.26989271666299e-06
Gm14703	0.484255855202272	0.00010039624114805	1	0.283	0.165	0.000445661363145001
Tafa1	0.484232427589754	0.000241906051447773	1	0.486	0.362	0.000940909382327164
Otud3	0.48385359692389	0.0477204765873616	1	0.132	0.09	0.0989357332114594
2900079G21Rik	0.483333343288473	0.00017440307998984	1	0.377	0.244	0.000716559982858413
Gfod1	0.483293460545904	0.000764522835014712	1	0.283	0.186	0.00258270359114019
Rhof	0.482917387812008	3.21026894673517e-07	0.00735472615697027	0.623	0.405	3.17250107677358e-06
Fgf13	0.482773870875682	3.03967793945733e-05	0.696390215929675	0.774	0.641	0.000159009739395804
Zfp641	0.482597648073976	0.000721496555734336	1	0.245	0.155	0.00245826595588735
Rpap3	0.481898594724151	1.63882770590815e-06	0.0375455427423558	0.731	0.521	1.30389789060234e-05
Tppp	0.481625730510414	8.60424898899673e-06	0.197123344337915	0.415	0.268	5.40767763797665e-05
Dbr1	0.481115943191474	0.00803012617568567	1	0.335	0.246	0.0206935640916785
Lrfn5	0.481013073482993	1.63027003255001e-11	3.73494864457208e-07	0.844	0.573	5.93418291848205e-10
Endov	0.481005546813805	0.000763694021130528	1	0.283	0.182	0.00258190052964253
Snca	0.480987768158115	0.00034330405144491	1	0.849	0.775	0.00126776938729149
Nipal3	0.479996173044002	7.27232254440671e-08	0.00166608909492358	0.557	0.351	8.60853790622453e-07
A830018L16Rik	0.479323869308668	1.81896958527637e-06	0.0416725931986817	0.283	0.15	1.41879627651557e-05
Ywhah	0.478924769762163	1.80808452700772e-16	4.14232165137468e-12	0.991	0.935	2.13451708485668e-14
Rpusd1	0.478869812780708	3.21636303384962e-05	0.736868771054949	0.458	0.295	0.000167450223264066
Zmat4	0.478524243307534	7.2809529408885e-06	0.166806631875756	0.434	0.274	4.67007378058752e-05
Trpt1	0.478484720363472	2.96488139907329e-06	0.067925432852769	0.415	0.257	2.15484225476741e-05
Kbtbd7	0.478075179209378	6.12063854543123e-06	0.14022382907583	0.382	0.231	4.0630621833501e-05
Mblac2	0.477995097801869	6.58831433331938e-09	0.000150938281376347	0.759	0.564	1.08501399338845e-07
Snrpn	0.477675689876799	5.66134300960319e-14	1.29701368350009e-09	0.986	0.927	3.2971661687929e-12
Mal2	0.477418256516691	9.64734457305599e-07	0.0221020664168713	0.585	0.385	8.31155840140208e-06
Gm7467	0.477262353330292	0.000556843278039695	1	0.259	0.159	0.00194895147313893
Nanos1	0.475856853441164	1.18433709549289e-06	0.027133162857742	0.547	0.367	9.83495139375082e-06
Tuba4a	0.475669344084441	1.45288843318199e-06	0.0332856740041994	0.712	0.528	1.17305299004416e-05
Ap1g2	0.474604970503347	0.000750124581907887	1	0.108	0.051	0.00254785705581155
Zcchc18	0.474596405667489	4.59119569772393e-18	1.05184293434855e-13	0.991	0.933	7.46044713662683e-16
Hrh3	0.47430685651896	0.00814901124737847	1	0.108	0.061	0.0209381653697348
Bbln	0.474055218859447	1.14368191834384e-10	2.62017527492574e-06	0.887	0.684	3.12225163707869e-09
Ahi1	0.473711616657045	1.33583512239013e-13	3.06039826539579e-09	0.976	0.903	7.38598457544316e-12
B630019K06Rik	0.473480916676569	1.51986181295176e-10	3.48200341347249e-06	0.882	0.674	3.97530323291814e-09
Rbfa	0.473298630608159	1.64535315941511e-06	0.0376950408822002	0.759	0.576	1.30670956369549e-05
Chga	0.473290015953432	6.40919971975333e-11	1.46834765579549e-06	0.929	0.746	1.93071616385397e-09
Cnnm2	0.472948053013064	0.000186324230216905	1	0.33	0.209	0.000753577997766149
Plppr4	0.472762245531291	1.39169185165277e-10	3.1883660321365e-06	0.868	0.653	3.70665244391422e-09
Ano3	0.472356515958696	0.00825401145405407	1	0.123	0.071	0.0211581702061668
Pcdh11x	0.471902124715689	8.41348490834868e-08	0.00192752939250268	0.557	0.354	9.69659685479341e-07
Cmpk2	0.471791515829873	8.10352739149384e-05	1	0.387	0.247	0.000370253218054865
Frs3	0.470780774521679	5.0704744919662e-07	0.0116164570610946	0.75	0.588	4.75275377272711e-06
Ttc39a	0.470720889017452	0.0123827562826704	1	0.118	0.069	0.030333386832601
Gm26691	0.470332642080393	0.0165794784439963	1	0.17	0.11	0.0391666640580723
Gm45051	0.468870724836922	0.0114354623529251	1	0.226	0.155	0.028316382969148
Zfp853	0.468599762471256	0.000875706451788815	1	0.297	0.194	0.00290660013785224
Prkar1b	0.468551926841213	3.06105454673422e-10	7.0128759665681e-06	0.854	0.709	7.38711948073761e-09
Slitrk5	0.468292379001315	1.68050427233279e-11	3.85003528791443e-07	0.656	0.381	6.01675627995872e-10
Snap47	0.468272357868894	2.15869515463531e-15	4.94557059926949e-11	0.948	0.89	1.92432253784633e-13
Gm10037	0.467622728272483	0.000319528577694256	1	0.217	0.123	0.00119699899431261
Tmeff2	0.467467807941075	1.63774519853519e-08	0.000375207424984412	0.807	0.613	2.43322143782371e-07
Thap1	0.466902721652705	0.000558730582247612	1	0.382	0.261	0.001951241168232
Gm56637	0.466867220040247	0.0445738326016971	1	0.127	0.085	0.0933358105485202
Nanp	0.466149123381995	3.17656709291665e-06	0.0727751520987205	0.736	0.519	2.28964439964685e-05
P3h4	0.465922331666635	0.00138361075482123	1	0.401	0.28	0.00434792214176916
Ccdc85a	0.465730496675769	2.55571239259828e-10	5.85513709144266e-06	0.792	0.549	6.45280446871058e-09
Hoxb7	0.465696754773011	0.182931859709041	1	0.137	0.106	0.310671214311466
Zfp786	0.464724872702019	0.0437964147294733	1	0.16	0.113	0.091795940277514
Iba57	0.464660345961149	0.0822331993700368	1	0.127	0.091	0.157403424561052
Atmin	0.464586826632051	1.52099270657949e-05	0.348459429077362	0.377	0.225	8.77290738659806e-05
AV356131	0.464473558717942	0.000175905624757151	1	0.264	0.155	0.000719434240579807
Ebf1	0.464410788536944	1.96799972160907e-06	0.0450868736220639	0.538	0.358	1.51608867442477e-05
Shisa5	0.463987846586958	7.37676609237756e-08	0.0016900171117637	0.731	0.524	8.66175115363042e-07
Mrnip	0.463920945545859	6.92529470583742e-07	0.0158658501710735	0.675	0.468	6.24993538741691e-06
Cpne4	0.463419659465024	7.68381270883315e-05	1	0.269	0.156	0.000353293620128244
Ccdc106	0.4632988778952	7.2287788079591e-07	0.0165611322490343	0.75	0.572	6.45711775729353e-06
Scn1b	0.463105341890253	8.94722152107165e-07	0.0204980845047752	0.679	0.484	7.80069133813193e-06
Pomc	0.462811268429086	0.854198392512977	1	0.156	0.157	0.921037150547483
Klhl33	0.462758549127388	0.0569058195122016	1	0.231	0.174	0.114916606393572
Agps	0.462597367395246	0.000196764700078344	1	0.509	0.363	0.000789227006374845
Tesc	0.462333724977896	9.90515095304543e-05	1	0.193	0.101	0.00044058756988699
Shank3	0.461666456491375	1.93586850213678e-06	0.0443507473839536	0.368	0.214	1.50193137075194e-05
Flot2	0.461577202908099	3.37473151066772e-08	0.000773150989093974	0.759	0.592	4.49415464591359e-07
Acrbp	0.461511978024694	0.00150387969847387	1	0.297	0.2	0.00468541121464611
Ube2cbp	0.461104532505392	0.000737614682489079	1	0.212	0.125	0.00250926863949556
Smim29	0.460973198876462	5.7740745684226e-07	0.0132284048362562	0.717	0.503	5.30971741365682e-06
Psmf1	0.459767462274546	1.75153667070229e-06	0.0401277051257895	0.736	0.526	1.37850669867164e-05
Cdhr1	0.459708028329679	0.0764635536599975	1	0.175	0.129	0.147915324352024
1700048O20Rik	0.459590197651393	0.000633730052736283	1	0.321	0.213	0.00218651885493845
Slc24a3	0.459095340916748	1.67390098875578e-07	0.00383490716523948	0.665	0.456	1.77466007739933e-06
Gm15608	0.45871488247884	0.00634978982179491	1	0.17	0.105	0.0168504750556502
Cited1	0.458645658813313	2.02419650778147e-05	0.463743419932736	0.307	0.173	0.000111778639013773
Slc1a6	0.45844460567641	7.10780110938984e-07	0.0162839723416121	0.722	0.539	6.37512838723097e-06
Gm36371	0.458248597868199	0.0045517198307996	1	0.123	0.068	0.0124729687709741
Ptger4	0.458216888313705	0.0190741355454795	1	0.118	0.073	0.0442933673910974
6820445E23Rik	0.458193174680607	5.63243260887354e-05	1	0.373	0.233	0.000268879405853111
C130073E24Rik	0.457040508580387	1.22914838427208e-05	0.281597894836734	0.575	0.411	7.26981166404377e-05
Cntnap2	0.456593313573661	2.8874692565253e-10	6.61519206669946e-06	0.722	0.496	7.04607023044832e-09
Chst8	0.456517661762804	0.000266647073895712	1	0.259	0.155	0.00102017171747481
Dnajc21	0.45626143859215	2.87215547541345e-07	0.00658010819417221	0.651	0.449	2.87742548546008e-06
Fndc3b	0.455433475893896	1.80202617342755e-05	0.412844196332252	0.283	0.157	0.000101695740639942
Cnih2	0.454887905042316	1.08923870268623e-11	2.49544586785415e-07	0.948	0.839	4.2480309404763e-10
Impact	0.454679948890637	6.4850301002782e-10	1.48572039597374e-05	0.929	0.799	1.4677000765811e-08
Cox7a1	0.454484793253204	0.00692110610843967	1	0.104	0.057	0.0182007173279136
Serp2	0.45407248830851	9.1325871566673e-11	2.09227571759248e-06	0.934	0.795	2.59033381170927e-09
Syt5	0.453859125596538	1.1589533396483e-06	0.0265516210113426	0.755	0.555	9.69030538452892e-06
Stc1	0.453850886070641	0.0689667439124709	1	0.118	0.08	0.135783464622768
Gfra2	0.453617627601124	1.09377359242019e-07	0.00250583530023465	0.552	0.34	1.21877628869678e-06
Zfp933	0.45345942787492	0.0225490889172897	1	0.151	0.101	0.0514331176975046
Amz1	0.452833371449722	0.000115177650623982	1	0.297	0.176	0.000500109105157198
Gm9776	0.452346970726832	0.071677752907359	1	0.151	0.108	0.140209773712201
Phf24	0.452052578692105	8.59324743403803e-07	0.0196871298713811	0.542	0.35	7.53720979756589e-06
Gpr149	0.4517443260877	0.000918030294144425	1	0.132	0.068	0.00303095716161969
Ccdc177	0.451484883806082	1.13690926450381e-05	0.260465912497822	0.368	0.22	6.83083860708753e-05
Ctu1	0.450944772682485	0.0167321953620992	1	0.212	0.146	0.039442109736454
Got1	0.450596613963093	1.04578365291245e-09	2.39589034882243e-05	0.901	0.727	2.18913003606507e-08
Skic3	0.450532077315473	0.000857008491064968	1	0.292	0.186	0.00286412631137856
Nup62	0.45038123679253	4.34862655546977e-05	0.996270343858123	0.519	0.35	0.000216835625505616
Gm56861	0.449074105317748	0.00108964547868556	1	0.316	0.211	0.0035229988533668
Pigb	0.448515650504175	0.00516026883892065	1	0.236	0.155	0.0140000337195065
9330162012Rik	0.447746918899034	0.00301234245971307	1	0.222	0.141	0.00865082962789394
Rogdi	0.44760096786994	4.52851142920694e-10	1.03748196843131e-05	0.844	0.644	1.05778277661903e-08
Cabp7	0.446990586623223	0.0403562429542703	1	0.104	0.066	0.0857373877549867
Kcnh2	0.446728455557109	2.41776251807872e-05	0.553909392891834	0.382	0.235	0.000130254208561376
Rnf138rt1	0.446643356031343	0.000253539977979346	1	0.358	0.235	0.000975737994549591
Pvt1	0.446322454558548	0.000101071259449774	1	0.212	0.113	0.00044684135756742
Cdh7	0.446144042191904	0.000599097254955996	1	0.316	0.21	0.0020785201029768
Slc16a11	0.445451952720232	0.00257571234558429	1	0.392	0.282	0.00753059673729062
Ccdc184	0.445330013873371	6.40618730045647e-09	0.000146765751053458	0.825	0.595	1.07623946647669e-07
Foxk2	0.445298811110573	3.24690101647016e-06	0.0743865022873313	0.684	0.483	2.33648494891955e-05
Gm10605	0.445242151192304	0.000280463670793738	1	0.363	0.236	0.00106408085330697
Smim17	0.445209615653588	2.44788081008439e-05	0.560809493590334	0.307	0.174	0.000131517138726305
Tes	0.443255441610234	0.0632884087714482	1	0.146	0.103	0.126172418764804
Gm5468.1	0.443178660630448	3.80722505270424e-05	0.872235259574541	0.307	0.181	0.000193596729106078
Gm35612	0.442751535634819	0.00124841868149585	1	0.217	0.131	0.00398617894793412
Zbtb7c	0.44267781985365	0.029987608227624	1	0.179	0.127	0.0663555586313381
Zfp354b	0.442626724598599	0.00547890472544007	1	0.142	0.084	0.0148276678071389
Ncdn	0.442141108777453	1.27231636735694e-09	2.91487679761475e-05	0.882	0.7	2.58487343842563e-08
Ehbp1l1	0.441997688225479	1.49027013934832e-06	0.0341420888924699	0.764	0.572	1.19563881057022e-05
Spock1	0.441764442082301	1.80455629374384e-11	4.13423846896714e-07	0.774	0.517	6.40837552119764e-10
AI504432	0.441406213818161	4.27448747054879e-06	0.0979285079502729	0.566	0.374	2.98258167274076e-05
Gm46404	0.441276405329747	0.0105995494931735	1	0.156	0.097	0.0263811009607874
Pip5kl1	0.440968633908519	1.93609952450008e-05	0.443560401062968	0.297	0.172	0.000108301153191587
Gprin3	0.440835008975102	9.42608343067004e-06	0.215951571396651	0.439	0.278	5.83188844549104e-05
Tmed8	0.440636864748237	5.00526024740265e-08	0.00114670512267995	0.42	0.229	6.22876830787886e-07
Unc13c	0.44043672261552	0.000243694277517361	1	0.311	0.194	0.00094366720230127
Tinf2	0.440352589712186	0.0427076252545644	1	0.184	0.131	0.0899021239093673
Slc7a5	0.440182964157248	0.37354481551364	1	0.443	0.37	0.552163706992751
Pcnx2	0.439294171042574	4.31685066488218e-05	0.988990487324507	0.278	0.159	0.000215497185190918
1500026H17Rik	0.43917870241657	0.000444305993910638	1	0.425	0.3	0.00159468248266365
Grk5	0.437882689016642	0.00559844773488597	1	0.127	0.073	0.0151230795955361
Vstm2b	0.437306815826908	7.06913590129176e-06	0.161953903498594	0.698	0.508	4.57914292434129e-05
Prepl	0.436800169376053	2.10038484828753e-07	0.00481198168742673	0.731	0.519	2.174047634436e-06
Nol4	0.436297370113829	2.31576672437475e-05	0.530542156554256	0.519	0.366	0.000125499616030632
Plk5	0.43594237293923	0.0108012619263211	1	0.165	0.106	0.0268039648719547
Pnma2	0.435853700497045	8.80855215360032e-07	0.0201803929838983	0.684	0.49	7.69515116138524e-06
Eri3	0.435820324595666	6.50168882272993e-11	1.48953690928743e-06	0.958	0.822	1.94516279299208e-09
Tpx2	0.435543134779456	0.00464372922990727	1	0.127	0.072	0.012701195539283
Nenf	0.435381924505338	8.62880004150619e-14	1.97685808950907e-09	0.991	0.91	4.8921912519083e-12
6330403K07Rik	0.435317881808706	3.95015348049795e-11	9.04980162382081e-07	0.967	0.901	1.23244788591536e-09
Limd2	0.434925429699903	3.23680714392325e-07	0.00741552516672816	0.717	0.532	3.18858232072052e-06
Zbtb9	0.43490703093724	0.065107700348548	1	0.113	0.076	0.129150969628727
Rab3a	0.43403687044247	1.15225852565518e-11	2.63982428227601e-07	0.948	0.835	4.37657846961897e-10
Fgf12	0.433085174498234	1.66155100359832e-07	0.00380661334924376	0.811	0.615	1.76585274543004e-06
Gnaz	0.432594708579356	6.41369927041882e-08	0.00146937850285295	0.83	0.646	7.71764143614033e-07
Dync1i1	0.432049118111448	7.59937816611124e-09	0.000174101753785608	0.618	0.392	1.22037072902845e-07
Med11	0.431465468299375	3.3018571961349e-06	0.0756455483634505	0.425	0.254	2.36981265574889e-05
Ankrd34a	0.431197400620566	0.00506315983692572	1	0.302	0.212	0.0137739428162719
Aloxe3	0.430913120905912	0.105022308330058	1	0.16	0.12	0.195207422461998
Ppp3ca	0.430740738690856	1.25724928081317e-08	0.000288035810234298	0.958	0.905	1.91347207616444e-07
Fam3c	0.430339976974481	4.55223802250382e-06	0.104291773095563	0.868	0.683	3.15621836226932e-05
Bloc1s6	0.430177031601139	9.05051106334265e-06	0.20734720846118	0.679	0.517	5.65559832971112e-05
Ksr1	0.429860894485047	0.0199930606586733	1	0.156	0.102	0.0463041829040747
Lhfpl5	0.429648793873086	1.22994295323451e-05	0.281779930586027	0.66	0.485	7.26981166404377e-05
Myl6b	0.428597509033009	7.84003264190969e-07	0.0179615147826151	0.608	0.401	6.96041922354909e-06
C030014I23Rik	0.428388276749427	0.000417079223570292	1	0.302	0.191	0.00151186891996268
Zfp319	0.428090034482879	0.000500994042539114	1	0.321	0.203	0.00177050321829357
Pnck	0.427459351860817	7.91980982554191e-10	1.81442843103165e-05	0.873	0.749	1.73837835768679e-08
Syn2	0.426763291883868	3.08144406214265e-09	7.0595883463688e-05	0.948	0.821	5.72755219720812e-08
Mrgpre	0.426746280466118	0.000648979865016348	1	0.354	0.236	0.00223384085925249
Snx16	0.426379193241997	2.50806613727996e-09	5.74597952050838e-05	0.849	0.691	4.72208314122365e-08
Sema4f	0.426253750449518	0.000448463371092156	1	0.344	0.227	0.00160696308854023
Mapre3	0.426096568896925	1.25131783397229e-12	2.86676915763051e-08	0.939	0.778	5.81463436041591e-11
Fbxo10	0.425980897175437	0.000790489689335554	1	0.245	0.153	0.00266424302701983
Cttnbp2nl	0.42586979543013	0.00341732781691894	1	0.396	0.279	0.00967393901769405
Zfhx2	0.425854123113959	4.71962740109202e-06	0.108126663759018	0.566	0.386	3.254549786165e-05
Tmem25	0.425456071128828	2.22731214737275e-06	0.0510277212963096	0.354	0.203	1.689045045091e-05
Stxbp1	0.425126890259868	1.26178059980517e-10	2.89073935415365e-06	0.939	0.793	3.42326562729751e-09
Fam110a	0.424989666063864	0.00857483518699643	1	0.34	0.246	0.0218799466179726
Taok3	0.424777693661257	2.81578359186441e-09	6.45096020896137e-05	0.925	0.735	5.27868786663681e-08
Tusc3	0.424710104489504	5.62500684584814e-14	1.28868906838381e-09	0.981	0.949	3.2971661687929e-12
E130317F20Rik	0.424679361037928	0.00322131818431057	1	0.16	0.093	0.00918454166388287
Tmem151a	0.42467102495285	2.92100895421228e-08	0.000669203151410033	0.811	0.635	3.99967621065807e-07
Arrdc1	0.424612520896229	0.0141108851408199	1	0.325	0.235	0.0339407193254963
Wnt4	0.423971231749228	0.00180466049525016	1	0.363	0.253	0.00551627504776257
Fibcd1	0.423154217732093	7.44928268537813e-06	0.170663066322013	0.292	0.165	4.76405077155661e-05
Ulk4	0.423030096344081	0.0455123319154347	1	0.17	0.119	0.0950731065550543
Itpk1	0.422836025790984	1.22417858171656e-06	0.0280459313071265	0.552	0.358	1.01272955396552e-05
Crocc	0.42269285790906	0.000168859039460437	1	0.259	0.154	0.000698462390495445
Cd200	0.422543212768296	1.05074597381055e-12	2.40725902599996e-08	0.972	0.861	5.09962045956052e-11
Rxra	0.421948865994702	0.00140807400362279	1	0.189	0.112	0.00441843911481633
Nrsn1	0.421705543007844	7.53991886999676e-05	1	0.764	0.614	0.000348880991781206
Car11	0.421581409381838	8.66329658268013e-06	0.198476124709202	0.802	0.643	5.43696544154408e-05
Rab26	0.421094624618073	0.000400781812745035	1	0.382	0.254	0.00146128126717055
Tekt2	0.421042755304389	0.0122594180737419	1	0.269	0.196	0.0300837854753398
Gm5148	0.420730317431113	0.00151980675187351	1	0.264	0.172	0.00472156180098401
Gm12976	0.420662502333551	0.0210090496671636	1	0.193	0.131	0.0483495937545683
Dhx57	0.420277953600157	8.05287702668979e-07	0.0184491412681463	0.651	0.454	7.10605390961233e-06
Atp6v0e2	0.419665079794107	2.83835736615911e-13	6.50267672587052e-09	0.986	0.9	1.49372831028711e-11
Ramp3	0.419367022550989	0.000108030479935567	1	0.429	0.289	0.0004728227819224
Gm4988	0.418852682003383	0.0318919293844909	1	0.217	0.159	0.0698966119174392
Sco1	0.418689698639694	0.0150238791290167	1	0.198	0.136	0.036037509080475
Stard3nl	0.417736044574011	1.91630567530259e-11	4.39025630211824e-07	0.939	0.823	6.75034128203364e-10
Adamts17	0.417733342394369	0.0032110072173979	1	0.127	0.069	0.00916112313885957
Zfp688	0.417713374903317	4.52780090116043e-06	0.103731918645586	0.519	0.324	3.14426619018581e-05
Cisd3	0.417580280095327	4.41335075949002e-06	0.101109865899916	0.608	0.419	3.06966817156885e-05
Gaa	0.416894641786682	7.64118839341214e-10	1.75059626093072e-05	0.887	0.782	1.69424928438702e-08
Cnnm1	0.416833470120793	0.00135565583501136	1	0.292	0.196	0.00429094542560116
Riox1	0.41661884853796	0.00182228517130744	1	0.259	0.163	0.00556625288690274
Zfp35	0.416200720110158	0.236221768069769	1	0.113	0.088	0.384146196176006
Trpm3	0.41591922457281	6.65389483787667e-08	0.00152440730735755	0.632	0.421	7.96279798680693e-07
B4galt6	0.415894618112213	5.3589639654622e-10	1.22773864448739e-05	0.873	0.63	1.23851611646237e-08
Cpa2	0.415823867583865	0.00363602409620151	1	0.17	0.102	0.0102333461676599
Gspt2	0.415817334930132	2.53860194867093e-06	0.0581593706440511	0.604	0.409	1.88581859044127e-05
Slc10a4	0.415718907166886	0.00201970093696088	1	0.217	0.136	0.00610100531994823
Gm8098	0.415512253214995	0.0350964408619312	1	0.123	0.079	0.0760045878457686
Taf9b	0.414676451946517	1.82841571974802e-05	0.418890041394272	0.575	0.401	0.000102919070410559
Tigd5	0.414600778697372	0.00250626464772217	1	0.217	0.133	0.00735709944976507
Spint2	0.41415574943695	1.17640047843305e-06	0.0269513349609011	0.792	0.6	9.79196070843268e-06
Hprt	0.414124869476919	7.46872139999166e-09	0.000171108407273809	0.892	0.767	1.20778274431262e-07
Edil3	0.413020348989937	1.06743922854549e-07	0.00244550327259771	0.745	0.544	1.19553193597095e-06
Abtb3	0.412349089509722	0.00322953629768175	1	0.344	0.243	0.00920196643723018
Ppp3r1	0.412197045217935	6.63856814826394e-10	1.52089596276727e-05	0.901	0.752	1.49470441606273e-08
Efna3	0.41197939935032	3.35857563861653e-08	0.000769449678807047	0.75	0.515	4.49415464591359e-07
Grin1	0.411943128490531	1.34713119459104e-09	3.08627756680807e-05	0.863	0.655	2.69920598989617e-08
Nap1l2	0.4115657148265	3.80969676911507e-06	0.0872801529804262	0.825	0.662	2.70581390040563e-05
Vat1	0.41151852985337	1.61781117324509e-10	3.70640539790449e-06	0.882	0.7	4.20630905043722e-09
Svop	0.411306818297495	1.46369332316089e-06	0.0335332140336159	0.75	0.554	1.17959639032597e-05
Glra1	0.41111442510751	0.00105159010122987	1	0.175	0.098	0.00341005609663849
Fggy	0.410950482584707	0.00263950717475301	1	0.283	0.191	0.00768624489288077
Chodl	0.410944629249329	3.98437241687203e-08	0.000912819720705383	0.406	0.227	5.13384622917317e-07
Ino80c	0.410731058361304	9.5460677433378e-05	1	0.425	0.277	0.000426788371575225
Rit2	0.410390260502706	3.85922596210259e-08	0.000884148667917703	0.873	0.706	5.01699375073336e-07
Slc2a6	0.409793364062809	7.81350914554714e-05	1	0.363	0.231	0.000358879158230809
Tpbgl	0.409447807695178	0.00925557746792784	1	0.118	0.068	0.0234231531749182
Sgcz	0.408657831397536	9.87039326568986e-07	0.0226130709716955	0.363	0.202	8.47030997731499e-06
Hyi	0.40818594850657	7.41771893669197e-07	0.0169939940839613	0.84	0.664	6.61236659499399e-06
Eef1a2	0.407885804074443	4.0285706021876e-10	9.2294552496118e-06	0.915	0.779	9.56347629910622e-09
Tenm3	0.407046239849143	0.000242972428626983	1	0.415	0.285	0.000941706804119487
Dcun1d4	0.406867759570495	3.98919817986995e-05	0.913925303008205	0.538	0.371	0.000201909822128296
Tekt5	0.406237767627932	0.1929819303543	1	0.113	0.085	0.325712933457334
Scx	0.405984335350062	0.000204141938533284	1	0.458	0.322	0.000810629079557621
Vps26b	0.405945621752782	5.7037509865895e-06	0.130672935102765	0.712	0.505	3.82116323764156e-05
Ldhd	0.405636266043848	0.0266509139119707	1	0.208	0.147	0.0596368811308853
Mllt11	0.405602928038634	1.34071571532774e-09	3.07157970381584e-05	0.958	0.832	2.6987309882726e-08
1700037H04Rik	0.405002173049337	5.41094080601895e-06	0.123964653865894	0.608	0.413	3.64737491368685e-05
Trpm2	0.404814554377556	0.0812711322342392	1	0.127	0.091	0.155698379648753
Tmem179	0.404371546600529	6.31434266879877e-08	0.0014466159054218	0.83	0.622	7.61907424787653e-07
Arl6ip4	0.40420346117826	1.27471470208887e-07	0.00292037138248559	0.854	0.679	1.39898337153874e-06
Rab9b	0.403844928239866	0.00100819162488466	1	0.434	0.313	0.00328395303318136
Rtl8b	0.403792854991237	9.72694623392646e-09	0.000222844338219255	0.915	0.792	1.51200359963668e-07
Apoa1	0.40377108458507	0.0123425798585106	1	0.175	0.114	0.0302538657811303
Pim2	0.403090967586175	0.00239023148767828	1	0.321	0.224	0.00703066069911024
Jph4	0.402812875122477	7.82003611335212e-09	0.000179157027356897	0.84	0.629	1.25120577813634e-07
3110040N11Rik	0.402772996566381	0.00138337340970876	1	0.491	0.364	0.00434792214176916
Grm5	0.402687073997071	9.7051188680698e-08	0.00222344273267479	0.759	0.574	1.10973715224421e-06
Carmil2	0.402521543484051	1.32031471889613e-06	0.0302484102099103	0.632	0.442	1.08124598496281e-05
Prps1l3	0.402258576954429	0.0751471260393644	1	0.113	0.077	0.145885620684419
Flywch2	0.40201705112969	2.99930996942984e-07	0.00687141913996378	0.811	0.608	2.99109268184237e-06
Nhlrc1	0.401280284431698	0.000104599517166777	1	0.491	0.333	0.000460443169581009
Spats1	0.401019408683288	0.00724843445922559	1	0.16	0.097	0.0189701388363675
Olfm3	0.400861956297828	8.82593572304158e-05	1	0.448	0.303	0.000399499349619126
Bcor	0.40053444090782	0.000253303547968607	1	0.434	0.287	0.000975687740323522
Prr7	0.400330293987441	3.93781094817577e-08	0.000902152488227069	0.934	0.741	5.088863379181e-07
Wdr31	0.399120140694327	0.000390456714472196	1	0.344	0.231	0.00142482450193363
2210016L21Rik	0.39909471332179	1.75919847501808e-09	4.03032370626643e-05	0.958	0.843	3.43043702628526e-08
Bex2	0.399088417987044	7.75432471225214e-14	1.77651579157697e-09	1	0.962	4.4566960977786e-12
Srp54a	0.398958116766182	0.000558387835131553	1	0.33	0.211	0.001951241168232
Elapor2	0.398921824425111	2.43596819890037e-05	0.558080314368074	0.542	0.353	0.000131038289320158
Slc25a26	0.398910347680556	0.000549050859587873	1	0.292	0.182	0.00192785703752398
Sema3d	0.398857549192831	0.0886631356733171	1	0.137	0.099	0.168382859400456
Zfp317	0.398738619067247	0.0537943858429804	1	0.325	0.251	0.109596024889057
Stk11ip	0.398531568756682	0.067302439666094	1	0.17	0.123	0.132961129109678
Stx1b	0.397994171683312	5.58454418985125e-08	0.00127941907389492	0.811	0.615	6.87134902007613e-07
Minpp1	0.397850018467244	7.49334074424728e-09	0.000171672436450705	0.844	0.627	1.20778274431262e-07
Fkbp2	0.397720443066526	1.57123675604524e-12	3.59970340809964e-08	0.958	0.889	7.14912724000583e-11
Selenov	0.397569512873301	0.000293738902485304	1	0.415	0.281	0.00110798922802747
Ccdc149	0.397456018190993	0.00432287031334371	1	0.245	0.16	0.0119357127235685
Epm2a	0.397292530578818	0.00941398589136612	1	0.274	0.191	0.0237964643365088
Gm49077	0.397009355012028	0.0212466770866248	1	0.127	0.08	0.0488449923759879
Robo2	0.39639910716812	1.34979147509834e-06	0.030923722694503	0.712	0.541	1.09997932149805e-05
Mrpl10	0.395975784679368	0.000298901837218389	1	0.67	0.518	0.0011255200215258
Nudt16	0.395591494132754	0.000148505268759186	1	0.486	0.328	0.000622524965393594
Ttc7	0.395543319888135	0.0108062688048334	1	0.16	0.1	0.0268039648719547
Uevld	0.39523161151368	0.0126542209469165	1	0.151	0.094	0.030879126869347
Flot1	0.395228987907542	4.70257144448129e-08	0.00107735911793066	0.868	0.718	5.88562523481211e-07
Dbndd1	0.3951110812644	1.25748248795288e-06	0.0288089237990004	0.623	0.45	1.0363553787506e-05
Klhdc1	0.395093979785109	4.85539653588327e-06	0.111237134637086	0.42	0.25	3.33990111318711e-05
Dtd1	0.395061754560479	2.16309101466081e-08	0.000495564151458791	0.91	0.808	3.09783001706177e-07
Snx19	0.394914437233658	0.00028233906299717	1	0.354	0.226	0.00106946802768562
Angptl6	0.394406986952041	2.43376510293166e-06	0.0557575585081643	0.594	0.403	1.82657834529304e-05
Hnmt	0.393959531281642	0.000982410763994963	1	0.618	0.487	0.00321435971320599
Lmo3	0.393656258505803	0.000555469685286915	1	0.429	0.291	0.00194782493052332
Myrip	0.393565742936588	0.053723168455875	1	0.198	0.146	0.109553127831588
Actr3b	0.393490751092716	1.52240471589774e-05	0.348782920412172	0.66	0.459	8.77290738659806e-05
Fam217b	0.393180214345321	2.29193576820198e-05	0.525082484495073	0.486	0.316	0.000124389693118251
Thy1	0.392112058729423	6.02211661861097e-07	0.0137966691732377	0.59	0.388	5.5030555209399e-06
Itpkc	0.392110919865817	0.00356247467472923	1	0.179	0.108	0.0100328106893728
Snhg10	0.392087695178584	0.00015479729707351	1	0.443	0.297	0.000647037888628797
Atp6v1d	0.391807312694895	2.19494512177213e-10	5.02861927397994e-06	0.939	0.849	5.5741397045934e-09
Man1a	0.391723834073294	7.86574392091301e-06	0.180204193228117	0.269	0.144	5.0011018117246e-05
Brdt	0.391473974858339	0.00112348846610175	1	0.467	0.335	0.0036190247934605
Ndufb4b	0.391161453777833	0.0237915942958759	1	0.142	0.091	0.0538338836432208
Ooep	0.391142228922299	0.0280161004442843	1	0.264	0.199	0.0622136892428236
Pdxp	0.391079522141222	1.16351880861717e-09	2.66562159054193e-05	0.943	0.825	2.39728780945273e-08
Cgref1	0.390707000517791	4.29430488763932e-07	0.00983825249758168	0.788	0.562	4.12253269213375e-06
Tshz3	0.390091639242513	0.00343962198700609	1	0.467	0.366	0.00973074406686696
Gm14295	0.390079251482117	0.00241406375481773	1	0.259	0.167	0.00709121081442089
Rnf128	0.389961348226288	0.00901797117819668	1	0.175	0.112	0.0229014523874204
Ndn	0.389480514640457	8.20023665889457e-10	1.87867421855275e-05	0.995	0.96	1.78202157841052e-08
Akap5	0.389472443509345	0.0252315254574459	1	0.434	0.337	0.0568099501021257
9530082P21Rik	0.389201229896762	0.0329009868597496	1	0.179	0.125	0.0719569917635196
Ubxn11	0.388970608427928	0.00407984305308185	1	0.151	0.088	0.0113363577963496
Wars1	0.388586463556513	0.00135918394314205	1	0.566	0.413	0.00429278052324256
Cnst	0.388170200417735	0.000547744102139626	1	0.34	0.22	0.0019248159598921
Nos3	0.387995919746822	0.0125853660330996	1	0.189	0.123	0.0307654205652007
Maml3	0.387875563612694	0.000179949709610758	1	0.429	0.29	0.000733227921249805
Zfp566	0.387779354425379	0.00882218415542132	1	0.208	0.136	0.022443389860734
Gfra4	0.387716548061402	1.11781740689057e-05	0.256091967918631	0.745	0.558	6.79085734811965e-05
Grm2	0.387504162637186	0.00379623601641779	1	0.156	0.09	0.010651344544032
Prps1	0.387199668186561	6.78922186146785e-05	1	0.764	0.596	0.000317169209528252
Entpd7	0.386716093239662	0.0131692446195712	1	0.236	0.164	0.0319751309051067
Rnft2	0.386491508394412	0.000930074666980686	1	0.476	0.337	0.00306377537358344
Adamts15	0.386347295244127	0.00235964310812546	1	0.113	0.058	0.00695473758184345
4930558N01Rik	0.386225952135592	0.000282547184970057	1	0.297	0.18	0.00106946802768562
Tmem141	0.386052209716491	1.14568136076428e-06	0.0262475599751097	0.708	0.523	9.64226625013175e-06
Cdh8	0.385984545314979	8.63941322493907e-07	0.0197928956983354	0.269	0.134	7.56251642615909e-06
Tuba1b	0.385731872751294	6.04350206077694e-10	1.384566322124e-05	0.991	0.938	1.37489671882675e-08
C530005A16Rik	0.385660237457212	0.00269578125411761	1	0.288	0.189	0.00782923704653307
Adra2c	0.385629861135779	0.000699035242908356	1	0.269	0.169	0.00238732286241102
Hras	0.385552781087168	1.33764945791422e-10	3.06455490808149e-06	0.948	0.859	3.58457228967444e-09
Gpr176	0.38542655674614	0.0154734943044349	1	0.175	0.113	0.0368730077041852
Ppp1r3f	0.385199880941805	0.000135360923202907	1	0.476	0.324	0.000575152249562549
Negr1	0.384623246766504	1.66826758087298e-09	3.82200102778001e-05	0.939	0.818	3.26770977275928e-08
Med14	0.384553511782749	5.37681692513061e-07	0.0123182875754742	0.415	0.24	5.00413451329517e-06
Tnfaip8l1	0.384422008539195	0.0201202799782764	1	0.198	0.138	0.0465741298066303
Rps6ka3	0.384368338567567	3.39935864702221e-05	0.778793066032788	0.363	0.22	0.000175305768243129
Rtl8a	0.384315873493712	6.81444950459476e-10	1.56119038150266e-05	0.929	0.861	1.52643668902923e-08
Slc7a4	0.38424930800477	7.18063617277383e-06	0.164508374718248	0.604	0.407	4.6192958472277e-05
Gm49719	0.384230103081849	0.0125991035876078	1	0.137	0.083	0.0307737819864708
Ttc7b	0.38420024692208	4.75086866758627e-05	1	0.623	0.447	0.000233428507761719
Slc26a2	0.384030394755054	0.0211352833088938	1	0.132	0.084	0.0486144905177714
Plk4	0.383844148459093	0.0022945914478897	1	0.259	0.167	0.00678355078227464
Abcb9	0.383652495556172	8.00495929513607e-05	1	0.448	0.317	0.000366132588493763
Necab3	0.382989046567681	0.0039603575010661	1	0.245	0.163	0.0110677169319621
Slx4	0.382982000351899	0.00026765839675894	1	0.264	0.158	0.00102286253459584
Nipsnap2	0.382823781310539	1.37445649280747e-06	0.0314887982502191	0.67	0.46	1.11799366118865e-05
Myh9	0.382608998679571	0.246450312312336	1	0.132	0.104	0.397817799031886
Ccdc137	0.381619880639053	0.0699503977047685	1	0.208	0.155	0.137335206359553
Sirpa	0.381146779557111	8.9856470269691e-09	0.000205861173387862	0.708	0.487	1.42207631209424e-07
Dzank1	0.381105018586171	6.07700260974283e-09	0.000139224129789208	0.726	0.496	1.02885067439367e-07
Rabggta	0.381035736930898	5.53025620268927e-05	1	0.594	0.436	0.000265452297729085
Tspan4	0.38097842741196	4.04960987854243e-08	0.00092776562317407	0.722	0.49	5.20255763219804e-07
BC029722	0.380838734181929	1.1258741256869e-05	0.25793776219487	0.675	0.48	6.81138252216121e-05
Dpcd	0.38039685316493	4.22315746460082e-08	0.000967525375140047	0.863	0.699	5.39378707759543e-07
Rnasek	0.379045200981586	1.81915787246926e-10	4.16769068582707e-06	0.981	0.917	4.70182342422824e-09
Ttc9b	0.378462690149729	4.53369119967793e-08	0.00103866865384621	0.934	0.795	5.70696344674156e-07
Nell1	0.378458422466189	0.00427621766474738	1	0.392	0.299	0.0118293342366159
Syt13	0.378287574190011	1.8329927519925e-06	0.0419938639481483	0.759	0.564	1.42718580048186e-05
Gcc1	0.377991104049109	0.0170242946757025	1	0.146	0.092	0.040001139937315
Gal3st3	0.377792251986372	0.00604114906691532	1	0.212	0.135	0.016160304773589
Smim26	0.377343956884078	5.71262594918058e-05	1	0.835	0.706	0.000271816450392383
Bex3	0.377250466721608	6.55139864146519e-15	1.50092542875967e-10	1	0.961	5.21127914876741e-13
Neurl1a	0.376907704688162	1.58492686165721e-05	0.363106744005667	0.608	0.429	9.08525004162558e-05
Iars	0.376756689322991	0.000349253755546608	1	0.528	0.382	0.00128846317924627
Rhov	0.376638025022138	4.06489299214418e-05	0.931266984500232	0.571	0.388	0.000205028320897064
Clvs2	0.376629398027064	5.988878028377e-06	0.137205195630117	0.623	0.42	3.99380446228255e-05
Mea1	0.374858240646916	9.60722625423488e-09	0.000220101553484521	0.915	0.759	1.49872729566064e-07
Spryd3	0.374797723287565	6.44221824438849e-06	0.14759121997894	0.783	0.616	4.25712697299379e-05
Scg5	0.37479607083845	2.45202324993482e-09	5.61758526560068e-05	0.962	0.9	4.63655305442221e-08
E430024I08Rik	0.37432689032293	0.663821155784384	1	0.156	0.14	0.806324838055745
Zbtb22	0.374172649465989	0.00649300646912457	1	0.453	0.339	0.017209619088068
Ccdc30	0.374030479082256	0.000320879124840672	1	0.528	0.371	0.00119999664565751
Kcnv1	0.373842351005604	0.000377108999882291	1	0.175	0.094	0.0013784201769756
Fam131a	0.373235710812814	8.37738737137435e-07	0.0191925944678186	0.788	0.578	7.36266157709521e-06
Dclre1b	0.372809814949044	0.00697390474896797	1	0.132	0.077	0.0183285294485512
Calm2	0.372779453162679	2.88422732004042e-10	6.6077647902126e-06	1	0.98	7.04607023044832e-09
Ccne1	0.372082473697728	0.000129421444407097	1	0.325	0.203	0.000554228303108039
Gm42918	0.371650075780064	0.115125947572611	1	0.113	0.08	0.211201234354122
Acot7	0.371413109635572	6.62743394125904e-09	0.000151834511594245	0.925	0.778	1.08501399338845e-07
Peg3	0.371182720635633	3.50920241573932e-09	8.03958273445878e-05	0.962	0.886	6.38674839664556e-08
Atp8a2	0.370626626468768	3.81580790223238e-07	0.00874201590401439	0.594	0.386	3.69566494832617e-06
Mkrn3	0.370552081730667	5.64551873974921e-06	0.129338834327654	0.769	0.585	3.78796096086399e-05
Cyb561	0.369515333494934	9.82590528512613e-09	0.00022511149008224	0.632	0.392	1.52197001012166e-07
Syngr3	0.36951437303186	5.25071687342778e-08	0.0012029392357023	0.925	0.754	6.47885065060242e-07
Ripply2	0.369353149542061	0.0121652921649762	1	0.203	0.136	0.0299200428922387
Lrrc73	0.368971834566336	5.18599804169262e-06	0.118811215135178	0.816	0.641	3.5229299294111e-05
Rmst	0.368525164625614	1.77638277490569e-06	0.0406969293730893	0.764	0.627	1.39554675553742e-05
Zfp334	0.368346413765526	0.000136073364533025	1	0.264	0.155	0.000577617547405495
Lrrc3b	0.368290548969048	0.025711438455384	1	0.288	0.215	0.0577713802330851
Nsf	0.367832776924446	2.28506413869459e-08	0.000523508194174931	0.92	0.775	3.2595600948606e-07
Zdhhc24	0.367587542351227	0.00827360547639272	1	0.217	0.142	0.0211959581940665
Fam124a	0.367372249171659	0.000145099771581083	1	0.401	0.268	0.00061059325844525
Trim13	0.367012199499735	0.0043796064063571	1	0.316	0.216	0.0120542664038865
Sdr39u1	0.36689868927967	4.54995360588177e-05	1	0.604	0.429	0.00022456720170047
Pomgnt2	0.366694481723769	4.44087332305169e-05	1	0.575	0.4	0.00022017860017128
Cog4	0.366685802318268	6.44478604090465e-05	1	0.637	0.457	0.000303022878650931
Kndc1	0.366120447144923	0.000156860144025372	1	0.486	0.337	0.000653783501052315
Ensa	0.365966959809877	9.99018463785617e-08	0.00228875130053285	0.958	0.814	1.13049550513357e-06
Zfp941	0.365849489023418	1.7234814138007e-05	0.39484959190174	0.575	0.394	9.77684002010579e-05
Tmem191	0.365819430137942	3.65895556196936e-09	8.38266719247181e-05	0.901	0.734	6.57708555336715e-08
Galnt13	0.365647530566073	1.1200213733425e-05	0.256596896632766	0.632	0.452	6.79185709747444e-05
Lingo1	0.365503248340156	2.55008756466547e-07	0.00584225061064859	0.92	0.764	2.59041453080436e-06
Camk2b	0.365369306138808	6.05100843551341e-08	0.00138628603257612	0.854	0.666	7.38290638165435e-07
Bbs5	0.36526753361443	0.00319534363042302	1	0.425	0.324	0.00912239279587434
Nbdy	0.365238668638401	1.14118409967532e-07	0.00261445277235615	0.925	0.834	1.261947379084e-06
Gm44210	0.36488699557857	0.0557660702078296	1	0.146	0.101	0.113033036968817
P4htm	0.364095557436334	4.72386576105452e-06	0.108223764585759	0.708	0.502	3.254549786165e-05
Jade2	0.36407511166495	0.0255331313242581	1	0.132	0.084	0.0574002664047141
Tamm41	0.36400006621202	0.00637523921577667	1	0.25	0.169	0.0169077382480343
Plppr2	0.363936375430847	9.40803308158914e-06	0.215538037899207	0.802	0.635	5.83188844549104e-05
Tceanc2	0.363536534542123	0.00434503243830713	1	0.354	0.256	0.0119741966501739
Sez6l2	0.363285700993061	2.01312820496787e-07	0.0046120767175814	0.873	0.684	2.08868028486928e-06
H2-Q2	0.363164726622843	0.0333347648567876	1	0.193	0.136	0.0727667430756862
Ccl27a	0.362955142597776	2.46271248689979e-07	0.00564207430748742	0.868	0.724	2.51500212266901e-06
Brinp1	0.362191239198719	1.36825983179905e-05	0.313468327465161	0.788	0.621	8.01147311702176e-05
Gm15663	0.362145983354164	0.00253415332880254	1	0.198	0.12	0.00742399848437926
Nus1	0.362033464262141	6.52358386242011e-05	1	0.703	0.52	0.000306068897003771
Ero1b	0.361963581134533	0.00138996894547314	1	0.236	0.146	0.0043647622960652
Ckap2	0.361679809261171	0.648989781646457	1	0.099	0.109	0.796288586020147
Ddx49	0.361652811201058	0.000364997480640933	1	0.505	0.352	0.00134201093892222
Asb13	0.361632288922483	0.000130929727855554	1	0.458	0.306	0.00056013815012053
Golga7b	0.361479940843594	3.39537696246721e-06	0.0777880862101238	0.759	0.554	2.4273333178489e-05
Zwint	0.3614782601357	3.20284601017298e-08	0.000733772020930631	0.981	0.944	4.33127906267356e-07
Nrp1	0.361324157531876	0.00786840250401268	1	0.382	0.29	0.0203007573169093
Tchh	0.361108561793895	0.00300707232830598	1	0.165	0.098	0.00864770013456271
Rhbdd2	0.360859202267761	4.74765704583506e-07	0.0108768822920081	0.835	0.66	4.48869393424406e-06
Tlnrd1	0.360848326366457	5.30380825398289e-05	1	0.542	0.369	0.000256556306239172
Ica1l	0.360782041075376	6.93178161266523e-06	0.15880711674616	0.722	0.511	4.51910777374951e-05
Sms	0.360732693843756	6.25180362496817e-09	0.000143228821048021	0.91	0.775	1.05435823296761e-07
Selenom	0.360492889834439	8.80908433516671e-09	0.000201816122118669	0.953	0.882	1.39920292276393e-07
Tmie	0.360125861483416	0.00254682153736196	1	0.434	0.319	0.00745611023806773
Pja1	0.360056307692469	3.44465862360358e-08	0.00078917129066758	0.925	0.816	4.54570056432037e-07
Tmed3	0.359992642007406	5.10116154171555e-06	0.116867610920703	0.868	0.728	3.48154275222086e-05
Kcnd3	0.359896369019524	1.85333521332196e-05	0.424599097372061	0.538	0.353	0.000104053575987022
Map2k4	0.358953226867795	1.08690041956465e-05	0.24900888612226	0.726	0.548	6.61509261928137e-05
Ntn3	0.358614297631015	0.00101522973490972	1	0.292	0.185	0.00330441392107725
L3mbtl2	0.3581057245188	0.00415179711383034	1	0.377	0.267	0.0115216326513411
C1qtnf4	0.357527586350867	6.30227768282358e-08	0.00144385181713488	0.939	0.841	7.61907424787653e-07
B9d2	0.357376602833396	4.5359893506811e-05	1	0.679	0.499	0.000224131238504243
Rrp7a	0.35721269272897	6.11435645640903e-07	0.0140079906416331	0.816	0.621	5.5524966739282e-06
Gm50431	0.356593331805326	0.0133728368913739	1	0.123	0.073	0.0323564173700213
Kyat1	0.356451197859641	0.0218637132364372	1	0.212	0.146	0.0500003661867841
Naa60	0.356058836704984	0.00019550661453743	1	0.642	0.482	0.000786171691955408
Lrtm2	0.355606651864024	0.0253404797619373	1	0.241	0.176	0.0570258709944061
Rbfox3	0.355447794400751	4.79353888238694e-05	1	0.689	0.503	0.000235260425149058
Zfp597	0.355394641936152	0.00150927026643471	1	0.335	0.224	0.00469550749557465
Dnajb3	0.354729732715811	0.00264591559169845	1	0.302	0.198	0.00769977302101189
Syp	0.354543507303926	1.25794505215157e-07	0.00288195211447925	0.958	0.856	1.38405642010027e-06
Det1	0.354088805078579	0.0289621149907247	1	0.151	0.099	0.0642491205076108
Hoxc6	0.354003048671604	0.000751879153990907	1	0.132	0.067	0.00255183228021156
Pithd1	0.353800722919803	0.000222791976235999	1	0.75	0.569	0.000876716533512473
Mki67	0.353664723152642	0.064194145576738	1	0.104	0.069	0.127628597122982
Dlgap2	0.35363327002527	0.00158454958533336	1	0.212	0.13	0.0049052534292956
Wdr5b	0.353607739558964	0.00618766941952077	1	0.142	0.082	0.0165105314749339
Man2a1	0.353501853668069	0.0552538071290013	1	0.193	0.141	0.112098759656051
Napb	0.353171678881656	2.85173429148522e-08	0.000653332326179264	0.892	0.695	3.92945595747869e-07
Eml1	0.352722100178545	0.000145485961529865	1	0.34	0.213	0.000611629143370981
Gm20337	0.352237135009622	0.00453427144796728	1	0.118	0.064	0.0124329552320911
Rab27a	0.351983152941103	0.0370938649388919	1	0.104	0.064	0.0796979842858239
Tusc1	0.351891188596896	0.0010237643770081	1	0.642	0.481	0.0033297116893309
Fuom	0.351007104266082	4.36148483633846e-05	0.999216176005141	0.726	0.548	0.000217142471236248
Pcgf2	0.350919760731922	0.000753249901528933	1	0.594	0.449	0.00255251789750068
Kcnk9	0.350544858457257	2.56541982652214e-06	0.0587737682256221	0.571	0.389	1.90250489002524e-05
Basp1	0.350453677628558	1.010148072219e-12	2.31424923345372e-08	1	0.985	4.95767053871076e-11
Ubash3b	0.349751594800132	0.00960660978082127	1	0.453	0.343	0.0242133130540261
Fbxo9	0.349710756452309	1.3830181846508e-06	0.0316849466103499	0.882	0.744	1.12116858717389e-05
Gm26672	0.349316299434562	0.0447167472988278	1	0.104	0.065	0.0935453794067432
Arxes1	0.349297632904254	9.35832953039274e-08	0.00214399329541298	0.958	0.885	1.07289195246077e-06
Dnah7a	0.349145084590518	0.00511204787213829	1	0.264	0.179	0.0138778279089497
Smpd1	0.348856629440095	6.55249247352531e-07	0.0150117602568465	0.868	0.711	5.93802637434825e-06
Gm15631	0.348630891565064	0.0121229819562472	1	0.189	0.124	0.0298327803858521
Nxph4	0.348563115242808	1.6359974635584e-05	0.37480701890123	0.632	0.443	9.32902992274557e-05
Cdh10	0.34839971333591	6.10002411675379e-06	0.139751552514829	0.642	0.452	4.05554114794224e-05
Arl16	0.348372325616208	4.105406644028e-05	0.940548662146814	0.693	0.528	0.00020659465692528
Etnk2	0.348104927566295	7.3755922883097e-05	1	0.448	0.303	0.000341639311933582
Gm10419	0.347999342260708	7.33728051546691e-05	1	0.481	0.328	0.000340587048794468
Zfp189	0.347880348028252	0.0126705557444931	1	0.127	0.076	0.0309017238927671
Peli3	0.347871904513518	0.00712988287062807	1	0.231	0.155	0.0186934744171089
Zbtb14	0.347776816334966	0.000180770429875417	1	0.41	0.269	0.000734161076048005
Frmpd4	0.347657470842048	0.00688305027488689	1	0.184	0.117	0.0181224614832465
Gprasp2	0.347602179902913	1.53103855532632e-08	0.000350760933025259	0.958	0.783	2.29026589372101e-07
1500011B03Rik	0.347562833976136	3.36289481192044e-10	7.70439201410972e-06	0.972	0.906	8.07094754860905e-09
B3galt6	0.347231351033032	1.13382535501811e-06	0.0259759388834649	0.821	0.614	9.56090569636891e-06
Cdk5r2	0.347225575695785	4.83733223098873e-07	0.0110823281411952	0.844	0.647	4.56359982396518e-06
Nek3	0.346915801493188	0.0351432973429978	1	0.17	0.118	0.0760484054453548
Pacsin1	0.345427833937377	1.00576716025358e-07	0.00230421256414095	0.84	0.663	1.13519146149551e-06
Glrb	0.345364744010621	9.07862600609758e-06	0.207991321799696	0.816	0.655	5.66506262780489e-05
Lypla1	0.345364411577284	0.000131598428139636	1	0.509	0.346	0.000562215439542587
Dleu7	0.345027916156666	0.000216005839261124	1	0.623	0.464	0.000853086352524945
Mtmr7	0.344582359396621	3.57521336426659e-05	0.819081381753476	0.627	0.446	0.000182863372073963
Syndig1	0.343903549993168	0.00709894048059626	1	0.241	0.164	0.0186347187615652
Sybu	0.343897714217728	3.72566364707664e-07	0.00853549541545259	0.915	0.766	3.61637751342906e-06
Sdhaf3	0.343687346597786	1.98114242302723e-05	0.453879729115539	0.458	0.291	0.000110518902985734
Slc45a1	0.343635792826818	9.98429557833003e-07	0.0228740211699541	0.642	0.419	8.55125550708737e-06
Dohh	0.343565765176179	5.1838874326262e-06	0.118762861081466	0.858	0.698	3.5229299294111e-05
Krr1	0.343525400803306	8.53796284307695e-05	1	0.575	0.408	0.000387669664226197
Zfp784	0.343097015841173	0.0623031321903338	1	0.113	0.074	0.12449226047913
Gm19531	0.343016815557737	0.00835994977879771	1	0.231	0.155	0.0213795436965974
Cox7b	0.342726521566468	2.15512472068643e-10	4.93739073509262e-06	0.972	0.903	5.5374028117402e-09
Fig4	0.342716843388585	0.00301134996110372	1	0.311	0.218	0.00865082962789394
Acot9	0.342541430543246	1.59566018480988e-05	0.365565748339944	0.604	0.419	9.13478858092998e-05
Hoxb5	0.342355069161962	0.000797281949368154	1	0.854	0.771	0.00268092960341809
Slc25a16	0.342331739628088	0.000132564506721702	1	0.533	0.368	0.000565470473984762
Phyhip	0.342053200901882	0.00971837150060482	1	0.222	0.149	0.0244385991448715
Kcnk3	0.341990195302244	5.62382347657426e-05	1	0.528	0.36	0.0002687621547667
ENSMUSG00000121307	0.341657700774769	0.000113601850249188	1	0.425	0.285	0.000496212881888455
Epb41l4a	0.341649195458551	0.00770550341217975	1	0.184	0.117	0.0199748598839176
Nhs	0.341449705185749	5.26743244564304e-05	1	0.448	0.294	0.000255079212001871
C030034I22Rik	0.34142604539315	0.00287069967002213	1	0.165	0.097	0.00827671033574698
Dlk2	0.341412873106428	2.59704152604627e-05	0.5949822136172	0.552	0.386	0.000138508881389134
Rnf41	0.341376559185426	9.89399153789644e-06	0.226671346133207	0.75	0.522	6.0954802591723e-05
Ap1s1	0.341361813239601	1.27934278643376e-07	0.00293097432371973	0.929	0.775	1.40054368199064e-06
Tmem196	0.341265607788696	0.0276101152176293	1	0.358	0.279	0.0615192257152825
Cstpp1	0.340950916373311	4.52175708156198e-05	1	0.83	0.663	0.00022368102981045
Psme1	0.340929582458415	5.63105003709835e-08	0.00129007356349923	0.92	0.809	6.90910858484427e-07
Snhg4	0.340686399549493	5.62771145181423e-07	0.0128930869361064	0.675	0.46	5.18604295812755e-06
Immp2l	0.340274145910158	0.0216204720127379	1	0.231	0.162	0.0495999063821634
Shoc2	0.339874308263405	1.17781560702346e-05	0.269837555569074	0.778	0.562	7.03789134265179e-05
Lmln	0.339519166334995	0.0494733767943978	1	0.156	0.11	0.10212651693664
Slc35f4	0.339481783430843	3.73991779435892e-05	0.856815166687629	0.458	0.307	0.000190617980463941
Pbx2	0.339248481761285	7.60526916480332e-05	1	0.58	0.421	0.000350790028636335
Ndufaf6	0.339144577106866	0.000248771094723055	1	0.514	0.363	0.000959922386705215
Wdr6	0.33909491697748	7.0345618629045e-08	0.00161161812279142	0.953	0.834	8.37247035890105e-07
Prrt4	0.338898376760987	1.08737099373718e-05	0.249116694665189	0.481	0.314	6.61509261928137e-05
Gse1	0.338881530191734	8.21071240130486e-05	1	0.561	0.387	0.000374582870016096
BC030500	0.338534627332738	0.0342454560125245	1	0.274	0.209	0.0744414688258958
Atpaf2	0.338176739992383	0.00813406148702113	1	0.5	0.374	0.0209208847311316
Scn2a	0.338170878974022	2.15930533030116e-09	4.94696851171996e-05	0.925	0.749	4.13677442226117e-08
Ctps	0.338169040620734	1.67983447370569e-05	0.384850077925974	0.764	0.59	9.55405856920111e-05
Plpp1	0.338101691880627	2.0678142859638e-06	0.0473736252914307	0.764	0.579	1.58182360789665e-05
Polr2m	0.337830893590515	2.19640901713768e-07	0.00503197305826241	0.962	0.86	2.26806491415068e-06
Gm36457	0.337787953561363	0.0959293590124242	1	0.123	0.087	0.180534011273705
Rasgrf1	0.337736161516681	0.000144705710729255	1	0.646	0.512	0.000610110564155777
Fam216a	0.337362644667103	1.01980035472637e-06	0.0233636261267811	0.901	0.759	8.66631896779141e-06
Rnf19b	0.336909021796428	7.14380862373801e-06	0.163664655569838	0.642	0.449	4.60918110317395e-05
Map3k13	0.336704119877112	0.00115406358058526	1	0.203	0.119	0.00370385725201795
Ptchd1	0.336692588342743	2.1124602238489e-05	0.483964637283782	0.292	0.162	0.000115919927861457
Hoxc4	0.336626136819497	4.09333419704153e-06	0.0937782864542214	0.882	0.737	2.88847880010943e-05
Prrt1	0.336313562558919	2.21165824424996e-06	0.0506690903757666	0.627	0.435	1.68301798099021e-05
Creld1	0.336203592439985	9.59195720136761e-06	0.219751739483332	0.83	0.627	5.92612009272613e-05
Fuz	0.336098237663177	0.000259024379182533	1	0.505	0.345	0.000993343712264533
Oprl1	0.335563456677291	4.52656425334259e-07	0.0103703587044079	0.689	0.466	4.32648417037208e-06
Nptxr	0.335425338805261	1.61102566502066e-09	3.69085979856234e-05	0.906	0.686	3.16980184901363e-08
Zfp580	0.334773477987638	7.54636386640479e-06	0.172887196179334	0.877	0.77	4.81908148661639e-05
Samd10	0.3343623856692	3.13681326202836e-06	0.0718643918330698	0.769	0.564	2.26666935822568e-05
6330409D20Rik	0.334228214752473	0.078698703657238	1	0.156	0.112	0.151768625860846
Cyp46a1	0.334165689380077	3.0145537801235e-05	0.690634271026293	0.547	0.374	0.00015788454330431
Mrpl20	0.334129343259846	1.61017253653233e-09	3.68890528119558e-05	0.976	0.873	3.16980184901363e-08
Celf6	0.334074179356413	1.26585945083985e-06	0.0290008400187411	0.873	0.661	1.0412945539112e-05
Elovl4	0.33394163491713	4.15685263823586e-06	0.0952334939419836	0.835	0.658	2.91804159623232e-05
Srsf12	0.333926962507843	5.79186235359355e-05	1	0.75	0.553	0.000274093767719357
Arhgap26	0.333862734885296	0.000298223637178614	1	0.467	0.331	0.00112393515720119
Htr5a	0.333852502665109	0.222584283783498	1	0.104	0.079	0.365273547468879
Gm11837	0.333838859705443	2.68296783794316e-05	0.614667931672778	0.613	0.436	0.000142223343642424
Pitpnm1	0.333642331297949	2.4785376549419e-08	0.00056783297674719	0.717	0.467	3.50364157824797e-07
Man1a2	0.33343688979955	3.37058114215002e-05	0.772200139666568	0.821	0.648	0.000174027168190441
Tceal1	0.333435689894299	6.05066207286987e-07	0.0138620668089449	0.887	0.706	5.51759748106379e-06
Pced1b	0.33337527286686	0.0634843324747119	1	0.151	0.106	0.126483099508677
Jazf1	0.332375878984751	0.0302736014065311	1	0.193	0.134	0.0668677644768191
Abcb10	0.332248889918091	4.12856611869432e-05	0.945854497792869	0.476	0.318	0.000207044509833029
Zfr	0.331943258487241	3.04498996217689e-08	0.000697607200334726	0.962	0.847	4.14670987758021e-07
Mrm2	0.331696024465582	0.000272814515707013	1	0.396	0.264	0.00103983752583615
Phf13	0.331637415882174	0.00208871887783549	1	0.236	0.15	0.00629208555750717
Chaf1a	0.331572515738591	0.201257591978328	1	0.113	0.086	0.336817303356833
Cebpd	0.331502147257864	0.488985928921769	1	0.151	0.164	0.667257275079752
Zbtb11os1	0.331345492727988	0.00333889609153716	1	0.259	0.17	0.00947647701613667
Nptn	0.331289883227164	1.02606452579005e-08	0.000235071382858501	0.986	0.936	1.57811614389118e-07
Jakmip3	0.331119352417724	0.00836803572005348	1	0.217	0.144	0.021387700424338
Enpp5	0.330976332601775	8.27908628945259e-07	0.0189673866891359	0.892	0.757	7.29093728071147e-06
Pex10	0.330901310450326	0.00277875883961379	1	0.344	0.242	0.00804348483196358
Rragb	0.330895735443899	0.000661403625928222	1	0.594	0.435	0.00226945093327138
Tecr	0.33089365315125	2.92449743228006e-14	6.70002361735362e-10	0.995	0.984	1.77419510891657e-12
Inpp5j	0.330778240438329	9.2175886123105e-05	1	0.316	0.191	0.000414222500602596
Dscam	0.330762184810457	3.73932433360235e-08	0.000856679204828299	0.708	0.496	4.90491552227479e-07
Lrrtm1	0.330603801562394	0.00281660274484412	1	0.462	0.351	0.00814223745167381
Gm57223	0.330461836515653	5.80683874469656e-07	0.0133034675640998	0.712	0.489	5.3195916960911e-06
Msra	0.330268641823156	0.00203710349068377	1	0.349	0.236	0.00614932138721955
Ippk	0.33015322413982	0.0336035525508512	1	0.217	0.154	0.0732802384134389
Ccdc85b	0.330023889905345	6.47379619058405e-09	0.00014831467072628	0.953	0.821	1.08210059358323e-07
Ccna2	0.3298090905519	0.000220583986125336	1	0.142	0.068	0.000869594631223345
Srxn1	0.329567658053973	0.000113368336870175	1	0.542	0.375	0.000495688584032957
Rad51d	0.329534775264276	0.00887059188462084	1	0.25	0.17	0.0225534024167775
Spin2c	0.329473159095212	0.00338429375930106	1	0.387	0.271	0.00959285862467684
Emc4	0.329374033660885	3.37266202004825e-07	0.00772676868793053	0.92	0.829	3.29303583191795e-06
Mapk9	0.329373689446842	2.58809243610819e-06	0.0592931977112386	0.792	0.632	1.91537291303286e-05
Kiss1r	0.329170547147203	0.00351924876957157	1	0.17	0.1	0.00993028334979884
Tcf20	0.328137566034552	3.78135218399835e-08	0.000866307785354021	0.646	0.409	4.93043174319546e-07
Sqstm1	0.32780378817244	5.05658716009173e-06	0.115846411837702	0.882	0.763	3.46193929706594e-05
Rac3	0.327649945742862	1.70394066552004e-07	0.00390372806470642	0.958	0.885	1.79778087608491e-06
Kat5	0.327525915719306	1.38349328866009e-06	0.0316958312432026	0.698	0.496	1.12116858717389e-05
Ddx24	0.327516817040147	3.455838397986e-08	0.000791732576978593	0.948	0.831	4.54671750674785e-07
Jak2	0.327224004560188	0.0794780232314283	1	0.283	0.228	0.15300132458126
Rfxap	0.326946854721069	0.000277014672304556	1	0.887	0.729	0.00105400704584173
Inha	0.326521066081029	1.12109179653825e-05	0.256842130586913	0.495	0.33	6.79185709747444e-05
Haghl	0.326504973369216	1.79394117685053e-08	0.000410991923616455	0.943	0.861	2.64727535827132e-07
Tsr2	0.326217921568395	2.56542743562274e-05	0.587739425501169	0.632	0.439	0.000136990061599023
Peg13	0.326189692905619	9.42574094499115e-06	0.215943725049747	0.802	0.607	5.83188844549104e-05
A230006K03Rik	0.326109257564221	2.66668841243047e-07	0.0061093831528782	0.59	0.38	2.70257424257454e-06
Kazn	0.32602338851275	5.14013377523268e-05	1	0.632	0.443	0.000249745320692062
Alg2	0.325957750059251	1.11436951526727e-08	0.000255302055947732	0.962	0.834	1.70205690385482e-07
Trim23	0.325949847815951	0.000191382254164891	1	0.552	0.372	0.000771178677299119
Fbxl21	0.325947075790808	0.0297267552661631	1	0.118	0.074	0.0658116913343134
Rara	0.325160331317551	0.00146411895146011	1	0.325	0.218	0.00458114010027059
Inafm1	0.324948582766566	8.33740827607903e-05	1	0.802	0.669	0.00037895732934353
Gng2	0.324864137781153	7.05893199282431e-06	0.161720131955605	0.906	0.761	4.57914292434129e-05
Prtn3	0.32471960730894	0.000861396654318174	1	0.297	0.189	0.00287219892065785
Nprl2	0.324654817412345	4.86899331634736e-05	1	0.67	0.506	0.000238160837690989
Gfod2	0.324463651797453	1.882977923077e-05	0.43139024217694	0.703	0.511	0.000105582125391532
Uap1l1	0.324458928505198	0.541809162518465	1	0.189	0.166	0.711124525805485
Uhrf1bp1l	0.32383821521605	0.00053996881185883	1	0.448	0.316	0.00190055098323882
Kif3b	0.323834050340325	0.000322487910893083	1	0.561	0.413	0.00120190033684384
Gm56833	0.323614665416161	0.0456224544875859	1	0.108	0.07	0.0952117218150106
Them6	0.323367776917639	0.000991226302541335	1	0.354	0.231	0.00323110185783623
Tspyl3	0.323297307928431	0.00221942637396574	1	0.425	0.309	0.00659486693978392
Phf7	0.323284302145821	0.0134373167150513	1	0.146	0.089	0.0324636058691063
Rasgef1a	0.322980536871079	2.26207793665942e-05	0.518242055288673	0.613	0.436	0.000123201451712323
Bmyc	0.32281444642269	2.29094539634204e-08	0.000524855590301962	0.958	0.848	3.2595600948606e-07
Urgcp	0.322614870105069	6.90012552684405e-05	1	0.5	0.333	0.000320977085210382
Kcnj3	0.322577573313306	0.00467699608754131	1	0.274	0.185	0.0127761844342592
Npy5r	0.322196294028058	0.0840982559636284	1	0.137	0.097	0.160621417599094
Klc2	0.321634307491698	3.53880007906136e-06	0.0810739098112959	0.745	0.561	2.52573182113399e-05
Ccdc74a	0.321589924095737	8.12716414195578e-06	0.186193330492207	0.453	0.283	5.1374027455952e-05
Slc48a1	0.321485182290071	0.000859246674916599	1	0.873	0.752	0.0028672188510586
Gm57304	0.321320495201461	0.00228154400304011	1	0.241	0.154	0.00675188631793985
Pdzrn4	0.321292298689095	0.000180742612419406	1	0.476	0.322	0.000734161076048005
Ier3	0.321229083072224	0.938337451287931	1	0.292	0.273	0.965828133477349
Gm32391	0.321126044057207	0.00313343780554792	1	0.16	0.092	0.00897498776041527
Mitd1	0.320748273447557	0.629006875911769	1	0.189	0.168	0.781001899407724
Atp6v1a	0.320629066596601	1.81226405095226e-08	0.000415189694073163	0.962	0.857	2.66530955372373e-07
C2cd4c	0.320416750487827	0.000148808064793522	1	0.363	0.234	0.000623196190813139
Il1rapl1	0.320298772769551	6.80354990478787e-05	1	0.387	0.244	0.000317498995556767
Sv2a	0.320069545019732	2.46179342115686e-07	0.00563996872787036	0.915	0.764	2.51500212266901e-06
Dph6	0.319943261999266	5.7533008028391e-05	1	0.458	0.294	0.000273184405346563
Atp5g1	0.319941728445782	8.28651224231568e-10	1.89843995471452e-05	0.995	0.957	1.79185571655618e-08
Pam16	0.319853130677301	8.71714302276121e-06	0.199709746651459	0.929	0.822	5.45508319819785e-05
Trim68	0.319755700682792	0.0692063990647587	1	0.108	0.073	0.136168266267958
Clec11a	0.319741397596079	0.0115177573128037	1	0.208	0.136	0.0284878618019969
Pbx4	0.319723154862914	0.000867891310525288	1	0.613	0.485	0.00288944302162687
Aplp1	0.319480881639729	2.19048216782809e-09	5.01839464649415e-05	0.981	0.89	4.17817734020659e-08
Sccpdh	0.319361606743448	1.99981520351186e-05	0.458157663124567	0.906	0.75	0.000111183527873391
Stmn3	0.31934223849577	2.00741383640286e-07	0.00459898509919894	0.991	0.927	2.08771038985897e-06
Ndfip1	0.319261956164557	7.04258738888707e-12	1.61345677079403e-07	1	0.983	2.84833534394988e-10
Dnm1	0.319160372612837	4.59588397791466e-07	0.0105291701934025	0.906	0.759	4.37359939336192e-06
Lgi3	0.319138317486903	0.000899845890634588	1	0.462	0.336	0.00297541775192421
Arl8b	0.31900058431493	0.000228959843709459	1	0.778	0.649	0.000899367443635715
Tubb2a	0.318928261058356	6.47027552785748e-06	0.148234012343215	1	0.985	4.26920898877364e-05
Arrdc4	0.318863633538321	0.000279646599645934	1	0.415	0.28	0.00106217073674212
Gm49066	0.31873035780775	0.000490560779312557	1	0.259	0.158	0.00173911873960803
Zc3h12b	0.318690195055174	0.00216195266998402	1	0.137	0.074	0.00645924026162121
Smpd3	0.318236164567906	0.000883064579656544	1	0.571	0.428	0.00292879733025041
Tex2	0.31817388834452	9.13636725262128e-06	0.209314173757553	0.585	0.393	5.68485073496435e-05
Izumo4	0.3181000225447	0.000114955647142657	1	0.712	0.535	0.000500109105157198
Zfp239	0.318023412321265	0.000676865040366148	1	0.401	0.273	0.00231704270871421
Atp6v1c1	0.317913217805589	7.84174964708206e-06	0.17965448441465	0.868	0.736	4.99311406099919e-05
Tbc1d25	0.31767455436655	0.0268551283112563	1	0.212	0.148	0.0600016370657634
Rab6a	0.317639537595735	1.01783713837563e-09	2.33186488401857e-05	0.962	0.911	2.14778387460133e-08
Adgrl1	0.317448620517336	5.079000928576e-06	0.116359911273676	0.925	0.807	3.47184288826604e-05
Alcam	0.317439905865385	0.00433363839086325	1	0.873	0.783	0.0119578853387812
Fbxo45	0.31726149310779	0.00059834357749747	1	0.627	0.483	0.00207755544237595
Gm17586	0.316899735254834	0.00186022326566008	1	0.382	0.269	0.00566628676736627
Tma7	0.316771794758735	2.80084678831734e-11	6.41673999203502e-07	0.981	0.928	9.12992445624637e-10
Hoxc5	0.316679542931898	0.00173898274045396	1	0.382	0.268	0.00533793156029719
Sema5a	0.316534112204307	0.00106537186764462	1	0.542	0.406	0.003452184212071
Zfp689	0.316438405344105	0.199600741077343	1	0.118	0.091	0.335071497704009
Asphd2	0.31635397632356	0.000471822544893917	1	0.844	0.684	0.00167927196550663
Zfp954	0.316046678297606	0.0153257711687395	1	0.241	0.165	0.0366208799042965
Nanos3	0.315900590382223	0.000189799509074011	1	0.274	0.159	0.000766923455721811
Tmem126b	0.315631624704718	2.458179826466e-05	0.56316899824336	0.689	0.497	0.000131908224594637
Slc16a13	0.31541296923204	0.00861331812817448	1	0.16	0.097	0.0219503929894201
Ighmbp2	0.315285938539433	0.0746063116359445	1	0.132	0.092	0.145146436073542
Slc39a9	0.315223557137605	1.3822952332991e-05	0.316683837948823	0.382	0.231	8.08281871358829e-05
Pcbd1	0.314508996746652	0.000231257324756889	1	0.679	0.522	0.000906984010938312
Gm57403	0.314367363097228	4.8951668332049e-05	1	0.623	0.453	0.000239173251984776
Gskip	0.314347245952339	0.00150597516838271	1	0.467	0.332	0.00468859553492208
Ttc39aos1	0.314324424085268	0.0623981530520052	1	0.113	0.077	0.124625117755445
Nup54	0.314308373204683	0.000287085327558814	1	0.571	0.415	0.00108382775348047
Gpn3	0.314277086324214	0.000199955601443846	1	0.585	0.424	0.00079836020759298
Gm38250	0.314183400816802	0.0138875858621068	1	0.146	0.091	0.033458894123377
Fgf14	0.314109360641159	0.000169799443320046	1	0.481	0.328	0.000701687765772904
Zfp934	0.314100082992754	0.00150315146646936	1	0.274	0.175	0.00468541121464611
Tmem109	0.313933085543052	2.66919988858976e-05	0.611513694475915	0.642	0.459	0.000141665432726125
Atp1a3	0.313820168277249	1.66247645262848e-08	0.000380873355297185	0.939	0.823	2.4615922525699e-07
Alkbh7	0.313624384981314	0.000142423867288898	1	0.807	0.614	0.000601651307850972
Cds1	0.313520384223672	0.000372146501072526	1	0.302	0.188	0.00136484963617531
Septin6	0.313425207411812	8.9334931601463e-05	1	0.83	0.667	0.000403531521442803
Arpc5l	0.313108087751287	1.42643109442308e-08	0.000326795363732327	0.953	0.879	2.14850035187586e-07
Rpl22l1	0.312992516943947	1.3305845997655e-11	3.04836931806275e-07	0.991	0.948	4.96751583912452e-10
Orai2	0.312672978812201	4.10147724632247e-05	0.939648437132478	0.462	0.299	0.00020659465692528
A530083I20Rik	0.31261966173994	0.0296628770708523	1	0.146	0.097	0.0657201022350383
Usp27x	0.312602745116579	0.00908173596930014	1	0.274	0.189	0.0230365985562735
Dsel	0.312565152924844	0.00489217305648979	1	0.302	0.206	0.013322326627648
Parm1	0.312315062238051	2.04032900590164e-05	0.467439375252067	0.481	0.32	0.00011252723608306
Tpbg	0.312028279310621	0.00812302248949721	1	0.335	0.248	0.0209206145248371
Apbb2	0.311930720984234	0.0021349818630936	1	0.731	0.62	0.00640494558928079
Zcchc12	0.311760256499145	4.90321542431173e-06	0.112332665370982	0.92	0.79	3.36749134801787e-05
Gm56912	0.311725790042669	0.000366099278988146	1	0.377	0.244	0.00134492989959649
Ganc	0.311398739685297	0.0268912520410547	1	0.241	0.171	0.0600516303248093
Prkcz	0.311292206112953	1.74532231162457e-05	0.399853341593188	0.835	0.644	9.8878960534061e-05
Lcmt2	0.31121747814749	0.00162952858316112	1	0.25	0.156	0.00503379126679476
Ubald1	0.310991353293183	6.55959426024354e-05	1	0.821	0.619	0.000307098689482785
Coa4	0.310954372473368	0.0166887277408481	1	0.255	0.178	0.0393608870259311
Tmem74b	0.310392454381345	0.0021037773552318	1	0.401	0.286	0.00632871865540805
Fam98c	0.310062741903378	2.89863610374622e-05	0.664077531368258	0.717	0.526	0.000152178395446676
Fbxo34	0.30992960359894	0.0431922692742554	1	0.448	0.356	0.0907037654759363
Surf2	0.309845239053189	3.91951986725784e-05	0.897962001588772	0.755	0.564	0.00019907514860677
Fbxw2	0.309681890933036	1.49085219184524e-05	0.341554237151745	0.901	0.758	8.6366609734483e-05
Cops9	0.309669943832387	9.5600884396155e-09	0.000219021626151591	0.948	0.86	1.49671922237421e-07
Prdm4	0.309600741800148	7.83956657690384e-05	1	0.33	0.197	0.000359697760587353
Zc3hc1	0.309481769576112	3.32581685715432e-05	0.761944641974055	0.594	0.423	0.000172122843981636
Tenm1	0.30923284194578	7.87210972696972e-07	0.0180350033844876	0.792	0.585	6.9611537033236e-06
Zfp575	0.309083676773573	0.00183390105326191	1	0.467	0.345	0.00559000683925192
1190005I06Rik	0.309062606788802	0.000141556521251945	1	0.514	0.359	0.000598566200221198
Thap11	0.308966920919603	0.000135249898343673	1	0.627	0.463	0.000575152249562549
Zscan18	0.30883642442877	0.00157692019436928	1	0.467	0.341	0.00488509745319505
Elapor1	0.30860230941679	0.000440090734291523	1	0.354	0.225	0.00158215335587274
Hdac7	0.308545417899385	1.63085101236747e-07	0.00373627966933387	0.519	0.316	1.73745298098075e-06
Panx1	0.308286119098692	3.13742817443175e-06	0.0718784794762314	0.811	0.594	2.26666935822568e-05
Dnajc30	0.308172488092112	2.72168266520426e-05	0.623537498598296	0.807	0.623	0.000143926269753174
Mvp	0.308084004903162	0.233121741065965	1	0.127	0.101	0.379670307597366
Rnf11	0.308073497733985	1.41326837372318e-06	0.0323779784419981	0.929	0.826	1.14317708452275e-05
Fxyd4	0.308030513776729	0.0264816475787798	1	0.108	0.066	0.0593188905764668
Eno2	0.307896219337495	7.71939970522536e-07	0.0176851447246713	0.84	0.664	6.8672785972351e-06
Dynlt1a	0.307863601320436	2.32039788405249e-05	0.531603155236427	0.906	0.737	0.000125594770229756
S1pr5	0.307759582481049	0.0607617022778548	1	0.127	0.087	0.121746383279665
Aplf	0.307392128990093	0.0100286726260091	1	0.16	0.1	0.0250771040939574
Hypk	0.307369793744553	3.66774216428459e-06	0.08402797298376	0.915	0.786	2.61349066453428e-05
Tspyl4	0.307336258297617	3.38235857787691e-06	0.07748983501916	0.948	0.817	2.42199053576498e-05
AI837181	0.307145110608652	5.45479928899348e-05	1	0.745	0.566	0.000262407084739246
Zbtb26	0.307140470184589	0.0061957699977674	1	0.184	0.115	0.0165220533273797
Ncam2	0.307123941315454	5.29494117630455e-06	0.121307102349137	0.788	0.597	3.58023267153224e-05
Chchd6	0.306967910602507	1.24753545876101e-06	0.0285810373602147	0.934	0.788	1.0301011122624e-05
Mrpl14	0.30691445565939	2.8555753590612e-05	0.65421231476092	0.901	0.746	0.000150278953835895
Shq1	0.306886809702306	0.0789763793583415	1	0.146	0.105	0.15216975078837
Wdr27	0.306569387054392	0.00110513463142894	1	0.255	0.16	0.00356779606066639
Gm16894	0.30649470088485	0.11870938628133	1	0.108	0.076	0.216711000369475
Dctn3	0.306478710616761	2.37758305678069e-08	0.000544704278308456	0.962	0.892	3.37184506234352e-07
Sh2d5	0.306402290902471	0.00367255801276043	1	0.278	0.189	0.0103295128137396
Rfc5	0.306309456831298	0.00700405247103698	1	0.321	0.222	0.0183966934416654
Ufsp1	0.306299036403494	5.37512124069093e-05	1	0.613	0.445	0.000259431266070033
Kcnq3	0.306184086458789	0.000207468634334087	1	0.585	0.422	0.000821598363346592
Zscan2	0.30604701633116	0.0561071495911924	1	0.189	0.137	0.113618928796629
Gm3854	0.305974445333021	0.0424484002098526	1	0.179	0.125	0.0894858166586081
Fbxl16	0.305887239583758	2.50966893879951e-05	0.574965153878967	0.731	0.536	0.000134176669824679
Spdya	0.30569169484089	0.110412512578304	1	0.104	0.072	0.203924674394094
Zfp7	0.305208205642767	0.276204324622692	1	0.113	0.091	0.436175159057092
Camk1g	0.304667759991265	0.032753655806872	1	0.288	0.22	0.0716773389601287
Kbtbd4	0.304404294968927	0.00204456007996407	1	0.439	0.317	0.0061675679760242
Fdx2	0.304283846571474	1.99688316790891e-06	0.0457485933767931	0.877	0.693	1.53563128123699e-05
Tceal5	0.303841991582367	8.30538290156568e-06	0.19027632227487	0.863	0.694	5.24247290665302e-05
0610009E02Rik	0.303789902707998	0.376327558125861	1	0.104	0.084	0.555337423612757
Sephs2	0.303532920524589	1.1322238145632e-05	0.25939247591643	0.712	0.541	6.82291680210801e-05
Atp6v1b2	0.303512294643298	2.30730445751294e-07	0.00528603451216215	0.943	0.846	2.37136608715683e-06
Xkr4	0.303496415796007	0.000127380544647295	1	0.434	0.295	0.00054705501125089
Faf1	0.303462864160605	1.74382159815671e-06	0.0399509528137702	0.807	0.603	1.37739832563264e-05
Hoxb6	0.303462330590599	0.011615438689225	1	0.373	0.286	0.0287132066748923
Hddc3	0.303094374676514	0.0118771473604698	1	0.354	0.264	0.0292607894362842
Pgap4	0.302868967547926	2.83344998856629e-07	0.00649143392380536	0.896	0.818	2.85173031107317e-06
Cd99l2	0.302814386515398	0.00017072789181205	1	0.717	0.564	0.000704192097672365
Xkr8	0.302204141717855	0.0268015463363097	1	0.156	0.102	0.0599125662215972
Fgd5	0.302182374057451	2.83194470574878e-06	0.0648798532087047	0.41	0.238	2.07549236152864e-05
Prxl2b	0.302157046484461	0.000339718857523646	1	0.807	0.665	0.00125647076178093
Trappc2l	0.302074278052234	3.13950311750581e-06	0.0719260164220581	0.91	0.805	2.26666935822568e-05
Atp6v0c	0.302017876178061	4.57175968216186e-09	0.000104739014318328	1	0.988	7.9877785166732e-08
Itga2b	0.302006574239616	0.00217916220082959	1	0.396	0.273	0.00648937220075806
Ndufb1	0.30183481309677	2.94592728021087e-09	6.74911939896311e-05	0.986	0.91	5.49906425639363e-08
Fam185a	0.301812036390351	0.010144797743757	1	0.222	0.148	0.0253142353578243
Ppp4r4	0.301661987582439	0.00285185800933781	1	0.222	0.139	0.00823325564096996
Mrps27	0.301623588497868	3.17570808959528e-05	0.727554723326279	0.472	0.303	0.000165728708905044
Nefm	0.301343016791908	1.05735922583252e-09	2.42240998638229e-05	0.594	0.372	2.19930718973163e-08
Dgkb	0.301227935240901	0.00080756535830235	1	0.495	0.369	0.0027134196038959
Zfp28	0.300664596339502	0.0167529872658353	1	0.222	0.153	0.0394698211311589
Coq4	0.30046190539733	5.03903253730882e-05	1	0.632	0.434	0.000245378975729821
Prkaca	0.300425381475298	1.04149007694049e-05	0.238605376627066	0.925	0.792	6.3804048472315e-05
Sgsm1	0.300230760142305	3.30406572195758e-06	0.0756961456900482	0.59	0.4	2.36981265574889e-05
H1f10	0.300208055807357	4.05361983949116e-05	0.928684305227424	0.929	0.814	0.000204696086230028
Pfdn2	0.300170205286267	3.27415858235765e-09	7.50109731218138e-05	0.986	0.898	6.03439860242119e-08
Kif3c	0.300115832468039	0.000465556690253301	1	0.745	0.568	0.00166004214124605
Zfp551	0.300049182662717	0.0258514897149596	1	0.132	0.085	0.0579965624421898
Map1lc3a	0.299939637116209	1.76753982524942e-07	0.00404943373964643	0.991	0.945	1.86038890522638e-06
Map3k10	0.29987440383052	6.52166575777085e-06	0.14941136251053	0.797	0.623	4.29662685217844e-05
C1d	0.299846141430055	1.11444202038113e-08	0.000255318666869317	0.986	0.897	1.70205690385482e-07
Gm12802	0.299427171946632	0.0758703114592843	1	0.142	0.101	0.146962980245745
Tmem276	0.299409241055212	0.000238951604775653	1	0.811	0.696	0.000930250097736233
Cracdl	0.29937043768421	0.10730954317449	1	0.123	0.089	0.199204455837728
Zfp286	0.299071804963755	0.00403127966910568	1	0.297	0.195	0.0112352923960413
Ubiad1	0.299031051125157	0.00974037123636697	1	0.146	0.089	0.0244657513286089
Ephb1	0.298990917120707	0.000138258829777814	1	0.547	0.389	0.000585756128486412
Tafa5	0.298871629644041	0.000910603871798043	1	0.854	0.757	0.00300871233889096
Dnajc27	0.298801317332908	0.00173608971123746	1	0.519	0.376	0.0053327987754467
Arf3	0.298778384551213	1.61500310587025e-05	0.369997211554874	0.906	0.768	9.23342089848331e-05
Mterf3	0.298720301486059	0.00615266630272019	1	0.476	0.345	0.0164365584846429
Cux2	0.298662697213445	0.000101584173525934	1	0.491	0.335	0.000448654873570557
Ghr	0.298451941877097	0.000421606572727104	1	0.292	0.182	0.00152322374662696
2310061I04Rik	0.298254530462237	7.12672789864487e-06	0.163273336157954	0.755	0.561	4.6049626422013e-05
Etfbkmt	0.298249633448229	0.0158180421841509	1	0.193	0.13	0.0375710757261398
Pja2	0.298212824068657	2.66246241261675e-08	0.000609970138730496	0.962	0.874	3.71553860009902e-07
L3mbtl1	0.297863084977974	0.0106803168585032	1	0.146	0.091	0.0265367599760762
Gm16638	0.297814290426063	0.0656797581542904	1	0.132	0.092	0.130108473296118
Trmt10a	0.297763473129891	0.0223720114601134	1	0.311	0.231	0.0510825645884868
Ptges2	0.297692224089136	0.00148042084986068	1	0.689	0.523	0.00462552093862048
Slc41a2	0.297495854879668	0.009112126645997	1	0.297	0.217	0.023086873079881
Kank3	0.297353155700611	0.0411278602145549	1	0.264	0.195	0.0872493897120814
Dusp22	0.297313346407162	8.68282629414512e-06	0.198923550398865	0.561	0.373	5.44140391001806e-05
Eid2	0.29720048912862	1.9431128518522e-06	0.0445167154359338	0.958	0.847	1.50487888951957e-05
St6galnac5	0.297159978570096	4.40875698384246e-08	0.00101004622499831	0.42	0.227	5.58186971171706e-07
Lrrc75b	0.297078567402628	0.000128364142099101	1	0.453	0.306	0.000550240012452279
Ndrg4	0.296861487841767	4.14354033420436e-06	0.0949285090566219	0.929	0.805	2.91449020608771e-05
Macrod1	0.296733791224963	0.0770130565705006	1	0.118	0.081	0.148846473938029
Npnt	0.296591303533184	0.0118291912863115	1	0.208	0.141	0.0291590900330749
Acta1	0.296407859081165	0.0804690464947869	1	0.302	0.242	0.154500569269991
Capn10	0.296398805746988	2.01231021096046e-05	0.461020269331042	0.759	0.572	0.000111403941717051
Perp	0.296341718681692	0.000972528741863844	1	0.269	0.166	0.00318680085856059
Dipk1a	0.296149889463239	3.60995283579948e-05	0.82704019468166	0.844	0.712	0.000184208808256684
Ikzf4	0.296128411768925	0.00389765911377505	1	0.425	0.311	0.0109204458043421
Cmip	0.296060679528822	1.20246524852885e-05	0.27548478843796	0.934	0.75	7.16557736094682e-05
Nqo2	0.296041630850165	0.0930892658020054	1	0.189	0.142	0.175947171364414
Sdk1	0.296004312211589	0.0154631390451158	1	0.274	0.197	0.0368684450595337
Gm15706	0.295898656001447	0.0107874040614297	1	0.396	0.297	0.0267875957591387
Znhit2	0.295877588029053	3.9673621524118e-05	0.908922669117542	0.656	0.478	0.000201037562433117
Lrfn3	0.29579512864106	0.00583475376764079	1	0.5	0.369	0.0156645386951782
Tmem126a	0.295783597592252	2.45644157907637e-06	0.0562770765766396	0.896	0.763	1.83414304571035e-05
Ptprn2	0.295528787385961	5.85270473799047e-05	1	0.429	0.282	0.000276673314886822
Smim45	0.29548092093428	6.35616820278118e-05	1	0.67	0.494	0.000299178261958494
Rpp21	0.295449671958566	3.53036262167203e-05	0.808806076625061	0.877	0.739	0.000181205921638818
Zswim5	0.295132751929056	0.102710006339425	1	0.108	0.075	0.191561617288903
Htr7	0.294954227483761	0.0104541785752924	1	0.231	0.158	0.0260489743393482
Rwdd3	0.294831979794553	0.0125864941735379	1	0.231	0.155	0.0307654205652007
Zswim3	0.29453166822517	0.103672558548861	1	0.16	0.115	0.193109482192505
Sertad4	0.294391094209725	0.0133903065761241	1	0.316	0.231	0.0323679353207028
Srr	0.294352553337304	0.000759859394672788	1	0.467	0.341	0.00257092628654588
Chpf	0.294122020917304	0.000343354209058113	1	0.67	0.496	0.00126776938729149
Vstm2a	0.294101046326337	2.70202819652401e-05	0.619034659823652	0.585	0.416	0.000143060111059599
BB218582	0.29392783465789	0.00761190367777962	1	0.241	0.161	0.0197791762430347
2700038G22Rik	0.293793461547121	0.163802833031877	1	0.132	0.101	0.284150426800333
Ttll1	0.293761741044982	0.000118797310010338	1	0.797	0.646	0.00051478834337813
Vcpkmt	0.293685568054118	0.000375000862391392	1	0.434	0.292	0.00137301237797619
Guk1	0.293632545147466	1.49160018107058e-07	0.00341725601483269	0.939	0.84	1.6008131673013e-06
Necap1	0.293569515641467	2.33462211933837e-06	0.053486192754042	0.863	0.718	1.761248604019e-05
Fzr1	0.292916375011922	3.26960132191699e-05	0.749065662851183	0.849	0.691	0.000170019268739684
Nyap1	0.292420309138772	1.35641188131701e-05	0.310753962009728	0.731	0.541	7.96345039999022e-05
Gm57212	0.292401851453972	0.00674871282352037	1	0.193	0.124	0.0177902097846331
Dnajc6	0.292223959001141	3.54551360620788e-05	0.812277167182226	0.75	0.564	0.000181556898381196
2900060N12Rik	0.291824026316063	0.00201686687846273	1	0.179	0.104	0.0060966605710209
Noct	0.291697547034946	3.59371778372555e-05	0.823320744251525	0.731	0.557	0.000183594845372084
Trim32	0.291685139598648	7.61642821807192e-05	1	0.877	0.732	0.000350934160933946
Mkln1os	0.291569638019474	0.000973429788058812	1	0.311	0.201	0.0031873623045284
Gm16536	0.291535390776909	0.00557723669887007	1	0.288	0.198	0.0150751051365498
Nub1	0.291413439407054	0.000200592104882659	1	0.731	0.571	0.000799747429976005
Tmem14a	0.291354463505178	0.00355693164211416	1	0.623	0.495	0.0100236628469385
Dtd2	0.291307750748267	0.0043991527581169	1	0.665	0.532	0.0121004403321503
Zfp646	0.291246053469159	0.114298370895426	1	0.151	0.112	0.209947554277216
Dusp12	0.291230759003572	4.66482261785857e-05	1	0.561	0.379	0.000229717533199619
Isyna1	0.291227575789596	0.000180756223664449	1	0.632	0.464	0.000734161076048005
B3gat3	0.291209718442487	6.60383105298334e-06	0.151293769423848	0.896	0.745	4.33116126718187e-05
Gpr27	0.291121065129906	4.16195035360059e-06	0.0953502826009895	0.825	0.61	2.91804159623232e-05
Cfap410	0.29039905120993	5.40899200880836e-05	1	0.712	0.544	0.000260777892874999
Pgrmc1	0.290027180443962	4.08043283190561e-07	0.00934827161789576	0.986	0.957	3.92584374664399e-06
Cltb	0.290022243411344	1.05023745043178e-06	0.0240609399893922	0.948	0.852	8.89038213853883e-06
Nefh	0.289854417883302	0.0237988162351326	1	0.142	0.093	0.0538338836432208
Ccdc166	0.289577522878535	0.00347393576579732	1	0.363	0.255	0.00982145723301146
Pik3r3	0.289422947068887	0.0306711269226276	1	0.519	0.427	0.0676282091862885
Ccm2	0.289350090870133	0.000203945590326394	1	0.684	0.49	0.000810586295309999
Ppp2r2c	0.289142263174708	1.29188065817414e-05	0.295969858787695	0.811	0.622	7.60503330849682e-05
Ramac	0.289138225245805	1.01783039304789e-05	0.233184943047272	0.92	0.784	6.24421791690055e-05
Mfsd9	0.288888140866984	0.0825041512239708	1	0.123	0.085	0.157852883287913
Lrpap1	0.288827540083165	9.88840375191402e-08	0.0022654332995635	0.972	0.89	1.12188435294443e-06
Psmg1	0.288772410011332	0.000171639503078988	1	0.778	0.599	0.000706782298524725
Proca1	0.288599479204024	0.00215551911572881	1	0.16	0.091	0.00644442676078266
Habp4	0.288574423432448	0.000636573710479875	1	0.731	0.589	0.00219459665933393
Mapk1	0.288384572329132	1.59855109553637e-06	0.0366228055987383	0.953	0.824	1.27650295892191e-05
Araf	0.28834732020843	2.46433358173612e-07	0.00564578823575745	0.958	0.908	2.51500212266901e-06
Stard10	0.288120613813879	0.00399503446617623	1	0.5	0.382	0.0111574875628247
Hsbp1	0.288048844035231	1.49731789436652e-08	0.00034303552959937	0.991	0.949	2.24752046824501e-07
Rtn1	0.287562741123622	1.30565316381286e-07	0.00299125139829527	1	0.985	1.42577325488365e-06
Gstp1	0.287532710458564	0.000196593494563818	1	0.896	0.749	0.000789227006374845
Lysmd3	0.287323123217058	0.00857565673305151	1	0.307	0.218	0.0218799466179726
Cyb561d2	0.28697859238873	0.000320599957045956	1	0.745	0.593	0.00119998338678383
Gnptab	0.286721971695563	5.61020480761453e-05	1	0.524	0.354	0.000268404979185764
Zc3h10	0.286554357623027	0.050907093137055	1	0.208	0.152	0.104542634143233
Ttc3	0.286549743690114	1.15935950995699e-07	0.00265609263731145	0.995	0.972	1.27880867158892e-06
Atp6ap2	0.286398689818409	5.24347120085578e-07	0.0120127925211606	0.958	0.909	4.89390645413206e-06
Rasip1	0.286064979378113	0.0399852445857396	1	0.226	0.166	0.0852173355867872
Nsg2	0.286007783116456	1.4009270958784e-07	0.00320952397665742	0.981	0.905	1.51466573138536e-06
Vav3	0.285668666182658	0.00284180199158548	1	0.354	0.255	0.0082096501979136
Aven	0.285649951108399	0.00198745775634662	1	0.297	0.195	0.00601608834353572
Gm49769	0.285632499919441	0.120760146255424	1	0.104	0.072	0.219600465796708
Frat1	0.285574258505284	0.00824966507288223	1	0.325	0.233	0.0211581702061668
Camkmt	0.285480773993313	0.000321803508138051	1	0.5	0.353	0.00120139976371539
Cbx4	0.285283943296068	0.00012451586283433	1	0.759	0.58	0.000536376024517115
Arl5a	0.285199927321654	0.000984325124877647	1	0.717	0.557	0.00321821268373171
2510046G10Rik	0.28516206179662	0.0900650768012525	1	0.151	0.109	0.170674297383024
Celsr2	0.284950044213338	2.17020521440214e-05	0.497194014619531	0.755	0.563	0.000118737446064625
Ebp	0.284899306506639	0.00177542107888861	1	0.722	0.543	0.0054345054468013
Mcee	0.284602802402103	0.000413123677326099	1	0.802	0.617	0.00149877427122957
Ccdc91	0.284435333254994	5.54708373183122e-05	1	0.585	0.401	0.00026567611557718
Shroom2	0.284239884732981	0.000147399846652043	1	0.637	0.473	0.000618484659150934
Ndufaf3	0.284225523092583	6.54006709278235e-05	1	0.821	0.674	0.000306513015678898
Itga3	0.283938673547142	0.00259875740893996	1	0.255	0.165	0.00759180192429138
Atp6v0b	0.283734578707203	2.80246518558719e-12	6.42044774018025e-08	0.995	0.979	1.22411679306448e-10
Gm44643	0.283448959094222	0.000436907789440871	1	0.358	0.231	0.00157589861624915
Coq10a	0.283292636566386	1.54291096923871e-05	0.353480903052589	0.797	0.594	8.87936115103387e-05
Mir22hg	0.28317783381291	0.00212093704789547	1	0.288	0.188	0.00637156329106424
Gpr135	0.283053011033831	0.000120568761663391	1	0.467	0.314	0.000521430050441277
Zswim9	0.282980017543584	0.0441066330339293	1	0.179	0.128	0.0924018096365484
Shtn1	0.282416464207448	4.22542571635912e-05	0.968045031617875	0.722	0.533	0.000211416489450821
Ctxn1	0.282211333733127	0.000135025113067792	1	0.967	0.867	0.000574843756218436
Matk	0.281806653304001	1.31722849276895e-09	3.01777047693366e-05	0.892	0.67	2.66372872982165e-08
Slc25a22	0.281525974211645	4.3647227505821e-05	0.999957982158359	0.774	0.55	0.000217142471236248
Cst6	0.281349463059964	0.0224894605694673	1	0.264	0.194	0.0513239100143329
Atp1b1	0.281158788347851	2.83077555513156e-06	0.0648530679680641	0.962	0.874	2.07549236152864e-05
Tmem68	0.281094895957624	0.000202201356207403	1	0.632	0.462	0.000805118982601583
Trappc6b	0.281033410350694	0.000105538975699848	1	0.925	0.826	0.000463776907300738
Pigg	0.281002540033258	0.00742438040652306	1	0.17	0.104	0.0193841563751899
Mettl15	0.280442204889918	0.222289534473425	1	0.241	0.199	0.365273547468879
Plpbp	0.280347710397897	0.000621656722572316	1	0.698	0.54	0.00214995769136649
Ildr2	0.280182943397001	0.00482889962236907	1	0.392	0.285	0.0131664379216655
Sh3bp2	0.280026569569363	0.113188890185581	1	0.123	0.089	0.208540601032589
Rprd1b	0.279960490964864	0.000586075215237009	1	0.585	0.439	0.00204144859661504
Macrod2	0.279894124927961	1.30408187911791e-06	0.0298765158505914	0.868	0.722	1.07071985864418e-05
Kantr	0.279833631038414	0.00044165545694781	1	0.519	0.384	0.00158647289140463
Znfx1	0.279622655357947	0.250575110624385	1	0.132	0.103	0.403432393367974
Retreg2	0.27956203383552	2.22669333629594e-06	0.0510135443345399	0.92	0.821	1.689045045091e-05
Ccnj	0.279497899678853	0.0164885137682275	1	0.17	0.11	0.0389728507249014
Atp5md	0.279441917904991	3.25757517452742e-08	0.000746310472484231	0.986	0.918	4.37818103456485e-07
Thyn1	0.279240234584423	0.00103450326006397	1	0.849	0.733	0.00335963586614082
Usp50	0.279148779827961	0.0132002018915543	1	0.222	0.149	0.0320324899235052
D130020L05Rik	0.279139907429908	0.0125436677447592	1	0.335	0.244	0.0306950928342342
Ankrd42	0.278788522063279	0.000463781736392134	1	0.259	0.157	0.00165506423575232
Acsl5	0.278694744492367	0.000718821786255225	1	0.392	0.264	0.00245106445149322
Armcx5	0.278631774639396	0.000123603803290652	1	0.561	0.4	0.000532972766805104
Map7d2	0.278291584513714	6.45559097554674e-05	1	0.811	0.661	0.000303204530980518
Sap18b	0.278211874857053	0.147468371846851	1	0.118	0.086	0.260259332616988
Dnajb6	0.278200394742765	1.42368999635561e-07	0.00326167378165071	0.991	0.913	1.53169406504466e-06
Plekhb2	0.278136615297476	1.46344109758395e-05	0.335274355456482	0.896	0.737	8.51173197636042e-05
Armc9	0.278022135641115	2.32612318050301e-05	0.532914820653239	0.613	0.443	0.000125748837282638
Cntnap1	0.278021907408327	6.69500836582606e-05	1	0.349	0.222	0.000313102746701587
Ccne2	0.277987136682518	0.00274331044994595	1	0.16	0.091	0.00795564398612219
C1qtnf12	0.277955407865315	0.0139735340078999	1	0.41	0.33	0.0336288686206649
Tmem192	0.277898637425593	0.00416041990058448	1	0.472	0.358	0.0115382311909543
Gpr12	0.277733843303768	0.120089882593733	1	0.217	0.175	0.218902486609179
A930005H10Rik	0.277695874921177	0.00714471667895525	1	0.415	0.313	0.0187211292463566
Cyb5b	0.277681279836511	3.93468866060584e-05	0.901437172144798	0.712	0.521	0.000199613473513662
Cnksr2	0.277535386397371	0.00333404657262768	1	0.302	0.206	0.00946886568871113
Reep2	0.2773309669021	2.092633218658e-05	0.479422270394547	0.873	0.712	0.000114976376089285
Micu3	0.277305717068788	0.00164963228220504	1	0.83	0.73	0.00508510501670543
Agpat1	0.276983454061874	0.000526147941029447	1	0.745	0.532	0.00185339855356179
Fnip1	0.276918643568376	0.0653556609673094	1	0.462	0.366	0.129583988699595
Kifap3	0.276881283406409	1.01728422484837e-05	0.233059815912762	0.967	0.83	6.24421791690055e-05
Tfap2b	0.27687720240571	0.113485451828101	1	0.354	0.306	0.208981641477716
Uqcc2	0.276813446555408	6.10625775454838e-07	0.0139894365156703	0.962	0.89	5.5524966739282e-06
Gtpbp8	0.276641334133271	9.32129426259513e-05	1	0.557	0.367	0.000418022724219872
Micu2	0.276447970360526	0.0199411701139205	1	0.59	0.46	0.0462085045398433
Tmem199	0.276442805318476	6.15970563189708e-05	1	0.844	0.665	0.000290871288650016
Abt1	0.276339139256171	2.19531300766506e-05	0.502946210056065	0.538	0.361	0.000119864090218512
Tbc1d7	0.276281538027005	0.000405461242299186	1	0.712	0.528	0.00147587892196904
Tmem169	0.27623670823783	2.49650631778117e-05	0.571949597403665	0.693	0.481	0.000133800485841327
Tceal9	0.27620164117052	4.60898713484206e-07	0.0105591895259232	0.953	0.873	4.37653387065003e-06
Grk2	0.276148781555974	7.59775246891991e-05	1	0.807	0.624	0.000350790028636335
Stoml1	0.2759700576486	0.000121438678939844	1	0.811	0.63	0.000524672749366211
Krt1	0.275874810698075	0.000221239013624534	1	0.764	0.564	0.000871390452219984
Ccdc85c	0.275771656522626	0.0296703391958552	1	0.245	0.182	0.0657201022350383
Alkbh2	0.27573093363002	0.025222627452172	1	0.269	0.193	0.0568099501021257
Pnma8c	0.275495443971864	5.21890801760372e-06	0.119565182683301	0.717	0.519	3.53978109020079e-05
Eif2b1	0.274918194597944	0.000156621129489838	1	0.712	0.546	0.000653410786639554
Cep19	0.274601730852301	1.56227729167231e-05	0.357917727522127	0.759	0.559	8.97898317108509e-05
Fabp3	0.274457677554254	7.70036730260859e-06	0.176415414902763	0.915	0.728	4.91024881427654e-05
Pfdn4	0.273743750733559	4.41179391760011e-05	1	0.91	0.797	0.000219234537338763
2210408I21Rik	0.273713431139029	0.0089266201608278	1	0.311	0.222	0.0226826508798696
Tex264	0.273527030817927	0.00030044252121666	1	0.863	0.656	0.00112937429662166
Isoc2b	0.273385882367736	0.0500374514533343	1	0.104	0.066	0.103096032051021
Gcnt2	0.273374890779821	0.00660257164164619	1	0.203	0.133	0.0174576470524882
Ydjc	0.273334051305931	8.60277339702027e-05	1	0.783	0.611	0.00039020679333525
Mn1	0.273150486165406	0.0166502226547756	1	0.283	0.202	0.0393125257059782
Alg12	0.272994982208672	0.0758442255032704	1	0.17	0.125	0.146962980245745
Chst12	0.27295529161657	0.000258317422580233	1	0.524	0.363	0.000991503077179664
Ywhaz	0.272869603961865	4.69902176204721e-08	0.00107654588568502	0.967	0.924	5.88562523481211e-07
Pianp	0.272777607128527	4.49422328124121e-05	1	0.882	0.732	0.00022257105773766
Fancm	0.272711617450351	0.0359931752899044	1	0.25	0.186	0.07763861218089
Gm1604a	0.272519444967679	0.00832880583730263	1	0.208	0.138	0.0213248674662004
Lgi1	0.272440482204886	5.69370357767481e-05	1	0.651	0.458	0.000271211529196113
Unc119	0.27215708127637	4.23722781766205e-06	0.0970748893026376	0.892	0.762	2.96131377720766e-05
Dync2i2	0.272114640784826	0.000146846928949779	1	0.731	0.57	0.000616757101589073
Rpusd3	0.272107537243687	0.000792318110622979	1	0.349	0.232	0.00266834657455757
Rabgap1l	0.271825722453292	3.91909877518006e-06	0.0897865529393752	0.892	0.677	2.77449326580008e-05
Fads6	0.271678762096388	0.0188250772283789	1	0.156	0.102	0.0438548999112316
Nucb2	0.271571751313823	0.000314929409310592	1	0.646	0.483	0.00118179695865006
Pnma8b	0.271498426001182	2.9037186558545e-06	0.0665241944056267	0.925	0.791	2.12452983061516e-05
Tcea2	0.271490645982873	0.00604161577272683	1	0.368	0.261	0.016160304773589
Clstn3	0.271436690248465	1.23483397080406e-05	0.282900462711211	0.896	0.761	7.28885781685426e-05
Cacng2	0.271434173168207	6.88326232628696e-06	0.157695539895234	0.642	0.446	4.50091165287746e-05
Rab42	0.271370288767551	0.054461510134255	1	0.146	0.1	0.110645523844849
Usp5	0.271348551376159	0.000615801384002281	1	0.868	0.688	0.00213308520644089
Camk2g	0.271258682958798	1.75125704877214e-06	0.0401212989873697	0.901	0.774	1.37850669867164e-05
Adcy5	0.270683059482963	5.15127964422663e-05	1	0.495	0.32	0.000250008772066466
Zfp72	0.270628445765432	0.0312188024836971	1	0.222	0.159	0.0686342191302784
Ociad1	0.270543318415355	2.0481881165434e-06	0.0469239897500093	0.972	0.888	1.56955889351957e-05
Gdap1l1	0.270414354428516	8.28668666837462e-05	1	0.868	0.706	0.000377044243411045
Zfp335	0.270336922569954	0.0062252935058844	1	0.255	0.174	0.0165502629541711
Pole4	0.27011249115885	0.00093930490966632	1	0.83	0.687	0.00308803632966737
Ssh3	0.270105332866996	5.22639071375859e-05	1	0.292	0.169	0.000253372637488319
Abitram	0.269969058773189	0.0351563226422602	1	0.203	0.143	0.0760484054453548
Rab4a	0.269851390417591	1.82280589480123e-05	0.417604830498962	0.783	0.621	0.000102735692238603
Gm47204	0.269841119831736	0.0967072198005946	1	0.104	0.072	0.181684789715698
Snu13	0.269611350588088	1.56507020474198e-07	0.00358557583906387	0.986	0.903	1.67554574860612e-06
Tmem17	0.269431543315539	0.00104875300044431	1	0.557	0.408	0.00340338269386384
Mrpl27	0.269258884614433	8.28231492511366e-05	1	0.939	0.793	0.000377044243411045
Pus3	0.26921399138767	0.00973375764203524	1	0.316	0.223	0.0244632067781415
Glra2	0.269135454159264	0.00650964901864107	1	0.476	0.372	0.0172432667758788
Pcdhb20	0.268985771229908	0.0274382932005905	1	0.175	0.119	0.0611794102604284
Gsk3a	0.268869797616585	4.00149546470063e-05	0.916742610962914	0.887	0.731	0.000202297826270976
Syt16	0.26854417996597	0.000248611892954016	1	0.873	0.697	0.000959922386705215
Zfp346	0.268490517707451	0.00263686383745159	1	0.373	0.257	0.00768366994128655
Gopc	0.268274299750321	4.43355286578194e-05	1	0.632	0.432	0.000220065442246995
Gm44644	0.267927135377521	1.01688635675932e-06	0.0232968664333561	0.717	0.506	8.658400792056e-06
Cryz	0.267757914693021	0.0278059682845382	1	0.283	0.21	0.06180990812563
Ak1	0.267031974372575	0.000183323277495553	1	0.788	0.632	0.000742816397124837
Rufy1	0.267008688982176	0.00040761614500565	1	0.505	0.343	0.00148125401113534
B4galnt1	0.266992979731408	0.000255578481498321	1	0.802	0.637	0.000981852952669011
Yars2	0.26691753964673	0.00145210004395586	1	0.533	0.385	0.00454679067526823
Ppp1r11	0.266880964071603	9.1359762730907e-06	0.209305216416508	0.906	0.796	5.68485073496435e-05
Pkig	0.266793921093999	2.05690941292347e-05	0.471237946500768	0.906	0.742	0.000113298616842998
Tti1	0.266768530363796	0.0332398299086738	1	0.189	0.132	0.0725957885205435
Gm17259	0.26655542785798	0.0388648205292417	1	0.123	0.078	0.0831756668651287
Gmpr	0.266465836998889	8.57919200361927e-06	0.196549288802917	0.684	0.478	5.39969894406469e-05
Cnrip1	0.26633181490446	1.04634996845122e-05	0.239718777772174	0.943	0.839	6.40119980699568e-05
Pdik1l	0.26626011909113	0.00186796789763468	1	0.443	0.319	0.00568591203962946
Timm8b	0.2659483914559	1.15946489066053e-06	0.0265633406450329	0.943	0.868	9.69030538452892e-06
Lyrm4	0.265797671987526	2.4184103283717e-05	0.554057806229956	0.698	0.5	0.000130254208561376
Baiap2	0.265715225698204	0.000203008826884976	1	0.59	0.415	0.000807597956132581
Dusp19	0.265539779469519	0.00433788476934376	1	0.363	0.26	0.0119620458790995
Cad	0.265437163753944	0.0528070259013458	1	0.222	0.164	0.108088607843055
Gpatch4	0.265289675343074	0.00331987612541201	1	0.467	0.335	0.00944089773164041
Ndufa11	0.265026435641378	2.84491631533327e-07	0.00651770327842853	0.986	0.921	2.856688382845e-06
H2-DMa	0.264620019316385	0.0101302209069881	1	0.368	0.274	0.0252994882342618
Vdac3	0.264468389050398	9.1645292303088e-09	0.000209959364666375	0.981	0.943	1.4451503132848e-07
Socs5	0.264436307111084	0.00168146043121972	1	0.406	0.283	0.00517956217458939
Jade3	0.264345339737188	0.145222584499459	1	0.113	0.081	0.256814675746412
Zdbf2	0.264003943434854	0.000829770015500249	1	0.722	0.58	0.00277973407738956
Gm57382	0.263998066124473	0.0246085413439101	1	0.118	0.073	0.0555791667994826
Rem2	0.263971279326844	0.0470506421580196	1	0.33	0.269	0.0978599956512561
Myl12b	0.263895288460088	7.97895436659027e-06	0.182797844538583	0.972	0.892	5.05102502511106e-05
Med9	0.263440577048407	0.000451351224124435	1	0.759	0.613	0.00161598536637339
BC051226	0.263379404550369	0.00327864800199035	1	0.514	0.39	0.00933581125990473
Celf5	0.263322447310398	1.86533187848764e-08	0.000427347533361519	0.896	0.726	2.73415088766242e-07
Ywhab	0.263093885612093	2.64507288908046e-08	0.000605986198888334	0.981	0.944	3.70310204471265e-07
Fam241b	0.263073896376778	9.60464053709666e-05	1	0.802	0.637	0.000428967994540268
Zfp169	0.26300718094177	0.00979331455678098	1	0.104	0.057	0.0245704755795631
Diras2	0.262705298758949	0.0343616303449551	1	0.297	0.225	0.0746051810141074
Slc25a11	0.262597657659354	0.000235766036045677	1	0.892	0.805	0.000920309245261411
LTO1	0.26259231413843	0.0117810118010584	1	0.307	0.218	0.0290731409870188
Slc9a6	0.262542315968351	6.33916318439216e-05	1	0.792	0.607	0.000298699728041262
Prrt3	0.262315774664622	0.0154163500458356	1	0.33	0.246	0.0367769617696394
Bad	0.262246427831525	0.000121624515027355	1	0.821	0.71	0.000524956404782102
Coq2	0.262200150897101	0.000990018722455713	1	0.75	0.617	0.00322957563830213
Olfm2	0.262180606685618	2.9953256493415e-05	0.686229106264138	0.962	0.839	0.000157065815562109
Rilp	0.262110409710927	0.0412604866754937	1	0.137	0.091	0.0874033975744697
Gm10575	0.262095917584528	0.0470704786774929	1	0.113	0.072	0.0978599956512561
Slc35g2	0.261985000147344	0.00027389545628493	1	0.623	0.475	0.00104304738714261
Nectin1	0.261913804370546	0.000155244750092452	1	0.67	0.487	0.000648287828301942
Plbd2	0.261723982437595	0.00562854275618189	1	0.538	0.403	0.0151855928097607
Trmt2b	0.261675284414285	0.0688862190145884	1	0.146	0.103	0.135721698085576
Tmem242	0.261449775992122	0.00151268103246265	1	0.618	0.48	0.00470276921693728
Mdp1	0.261444185222915	0.000875136373699953	1	0.816	0.701	0.00290660013785224
Tox	0.261424459014385	0.00137926145670061	1	0.401	0.277	0.00434676337869282
Fxyd2	0.26130788269003	0.000423487665256111	1	0.462	0.323	0.00152875547259396
Tppp3	0.261280500755321	2.00120965994367e-05	0.458477133093094	0.759	0.6	0.000111183527873391
Rnf220	0.261035141088881	1.97963310589887e-05	0.45353394456143	0.858	0.695	0.000110518902985734
Xk	0.260995165022441	0.0168565053278065	1	0.16	0.104	0.0396709134007859
Ergic1	0.260756389985919	0.000163072086713608	1	0.703	0.513	0.00067580538402755
Rad18	0.260732401304615	0.101257351725995	1	0.165	0.123	0.189256359580293
Ccdc97	0.260664581617689	0.00113038419612849	1	0.434	0.305	0.00363587494012462
Bcl7b	0.260663152559944	0.00218614645288573	1	0.604	0.446	0.00650482813774173
Tpgs2	0.260475556596245	0.000100135046989721	1	0.854	0.727	0.000444954105036727
Alox5ap	0.260281092820062	0.0401995069343006	1	0.104	0.065	0.0854609033376758
Prelid1	0.260244001568151	9.11302423541184e-05	1	0.948	0.782	0.000411215804341724
Fn3k	0.260059605379217	0.0892387998435249	1	0.245	0.194	0.169328878243491
Camta1	0.259905985805858	2.47885754593049e-06	0.0567906263772676	0.976	0.886	1.84457406484232e-05
Sanbr	0.259704613216911	0.000858117872278597	1	0.717	0.573	0.00286564133494871
Jmjd4	0.259633240394396	0.0185853081370065	1	0.165	0.108	0.0433657189863485
3830408C21Rik	0.259448406588819	0.0206006989535522	1	0.142	0.091	0.0475350517850586
Syt3	0.259410944212606	7.37136132864848e-05	1	0.684	0.492	0.000341639311933582
Galnt2	0.259398136333043	0.000180851034301203	1	0.722	0.542	0.000734161076048005
Tmem255a	0.259160468356184	0.0017193956730251	1	0.533	0.394	0.00528523596043182
Map2k1	0.259142406626746	0.000242551273924081	1	0.854	0.719	0.000940909382327164
Akap17b	0.259012599956011	0.00652367775814178	1	0.41	0.299	0.0172699542106444
Btbd8	0.258862111294768	0.00944635712334515	1	0.443	0.337	0.0238644811537141
Slc4a1ap	0.25863045820568	0.00127691808049588	1	0.434	0.305	0.00406825541619695
Nup205	0.258626540144131	0.0342553462316965	1	0.255	0.188	0.0744414688258958
Erp29	0.258568885364544	1.79504789385268e-09	4.11245472481648e-05	0.991	0.947	3.484786311266e-08
Pard6a	0.258565475889715	0.0153889797651896	1	0.844	0.691	0.03673172875101
Scg2	0.258384448457389	0.000197418260367551	1	0.892	0.731	0.000791121982830699
Cyb5r3	0.258373073654848	0.00975387626442815	1	0.797	0.662	0.0244855928293231
Map4k1	0.258355635763836	0.161615046564363	1	0.108	0.08	0.280913061437778
Astn2	0.258179196801508	0.000231881742119893	1	0.42	0.283	0.000908394125183581
Pakap.1	0.258103801334925	0.000236325683026935	1	0.547	0.387	0.000921670163805046
Scamp3	0.258054133877651	0.000140439151341752	1	0.873	0.731	0.000594416873120904
Tut1	0.258008912583528	0.0182149981158129	1	0.184	0.122	0.0426154856828446
Sap30	0.258006241440704	0.023111893120896	1	0.34	0.252	0.0525521859198717
Uchl3	0.257998317152205	2.73946203485503e-05	0.627610752185287	0.934	0.828	0.000144691295867555
Plpp5	0.257963319709478	0.000406732574299723	1	0.656	0.487	0.00147927384224912
Cibar1	0.257734731208692	4.12333073294454e-05	0.944655070917593	0.958	0.843	0.000207019639557491
Klhl23	0.257720009136765	0.00197053448422545	1	0.745	0.605	0.00597313992164938
Polr2j	0.257533481738739	1.76794851610171e-05	0.405037005038903	0.943	0.838	9.99016703535871e-05
Minar2	0.257486382087984	0.00013656201053239	1	0.906	0.791	0.000579128992238331
Afmid	0.257478945811513	0.0126828685317024	1	0.226	0.154	0.0309144920460247
Clip4	0.257440071059335	0.000114977375192809	1	0.585	0.406	0.000500109105157198
Notch4	0.257437217062851	0.278696833091812	1	0.16	0.13	0.439475728139002
Fhip2b	0.257358471517047	0.00113824715108458	1	0.316	0.212	0.0036577683925801
Rbm12b1	0.257115826413774	0.058731154769638	1	0.156	0.109	0.118161800287453
Mapk6	0.257047041591898	0.00207431766978935	1	0.571	0.444	0.00625301558429253
Igsf8	0.256874393015758	1.69413678321698e-05	0.388126737035011	0.91	0.794	9.62287317177084e-05
Vti1b	0.256800972102809	0.000199293758469802	1	0.901	0.785	0.000796445688011067
Fam171a1	0.256785187702593	0.000207890472400693	1	0.476	0.315	0.000822523173411438
Tusc2	0.256775884931668	0.000166745717911955	1	0.863	0.707	0.000690374687999448
Ptp4a3	0.256699081171099	0.000438725802808836	1	0.807	0.64	0.00157984691398928
Apbb1	0.256557589229902	0.000158388323972532	1	0.943	0.838	0.000658907397269613
Fxyd6	0.256495440149245	1.13246673111912e-05	0.25944812809939	0.986	0.931	6.82291680210801e-05
Pla2g12a	0.256351616124344	7.88672237863404e-05	1	0.741	0.598	0.000361102760480854
Tars2	0.25618388487425	0.0126040054885065	1	0.448	0.347	0.0307737819864708
Gpr37	0.256010154826876	5.54246991823722e-05	1	0.193	0.099	0.00026567611557718
Scoc	0.255841431876834	4.32868627891582e-06	0.0991702026499614	0.972	0.89	3.01558240291935e-05
Becn1	0.255800848433548	0.000621547972896704	1	0.783	0.63	0.00214995769136649
Efna2	0.255774908692949	8.3595353190991e-06	0.19151695416056	0.642	0.431	5.26904044355337e-05
1110059E24Rik	0.255530377686482	0.000242182916485693	1	0.75	0.595	0.000940909382327164
Kcnc4	0.255478590587009	0.000323482643630663	1	0.571	0.415	0.00120355382229875
Akr1b3	0.255472169991829	0.000386346812478078	1	0.821	0.674	0.00141100574991994
Fam207a	0.255415407987959	0.487212874046178	1	0.467	0.396	0.665878695761373
Rab12	0.255406659648299	0.000652447591799383	1	0.943	0.824	0.00224400872518087
Phlda3	0.255241605650562	0.00037586349165581	1	0.703	0.549	0.0013750182006303
Ncapg2	0.255201298792886	0.127292878333738	1	0.127	0.093	0.229902057745231
Dtwd1	0.254905011886272	0.0046510013013707	1	0.358	0.253	0.0127131249589407
Nwd2	0.254835622785644	0.0127820460891347	1	0.16	0.102	0.0311215035213714
Tubb3	0.25477638092258	0.000336633884810678	1	0.953	0.907	0.00124611593970597
Sema4a	0.254651627535203	0.000161255748543715	1	0.476	0.331	0.00067018564190195
Mmd	0.254568751011594	0.000333714872181112	1	0.736	0.55	0.00123635840685928
Ap1b1	0.254526972887651	6.21558329558226e-06	0.14239901330179	0.642	0.449	4.11982819956044e-05
Hgh1	0.254432954942536	0.0301387901803493	1	0.236	0.168	0.0666225888197196
Ptprd	0.254103247612324	1.62233975379608e-05	0.371678037594683	0.892	0.761	9.26324188834155e-05
Tspan7	0.253960340988015	2.59154164744144e-06	0.0593722191428834	0.953	0.906	1.91537291303286e-05
Lancl2	0.253876635342508	0.0015575217912385	1	0.726	0.567	0.00482842809377556
Gm57158	0.253798832634353	0.0265986366036806	1	0.245	0.176	0.0595504073218231
Marchf9	0.253699545990973	8.79893816748043e-05	1	0.892	0.688	0.000398690476302433
Oxld1	0.253631742278893	0.0202956069828748	1	0.274	0.193	0.0469302336163033
Thsd7b	0.253570580604937	4.28986975092245e-05	0.982809159936333	0.311	0.181	0.000214395321190266
Sec22c	0.253523811263499	0.000233920790686935	1	0.344	0.215	0.000915560944194023
Nkrf	0.253085204299542	0.00747399238365755	1	0.472	0.354	0.0194903873025768
Gm42517	0.252979516846545	0.00373512932560977	1	0.462	0.333	0.0104987418882004
Gtf2h5	0.252864042665012	9.74850298289066e-08	0.00223338203338025	0.981	0.896	1.11178749423672e-06
Stk25	0.251941057264736	7.945183263158e-06	0.18202414855895	0.939	0.839	5.03694637060583e-05
Chchd4	0.251935644850173	0.000238483929892822	1	0.844	0.684	0.000929257632267481
Ap1s2	0.251907597266603	0.0961889844028313	1	0.689	0.604	0.180866760168561
Tlcd4	0.251654264310045	0.0205411127038633	1	0.269	0.199	0.0474226111471855
Hexim2	0.251597423586981	0.00136980978678238	1	0.401	0.282	0.00432321470279295
Fstl5	0.251487770143269	7.00010046793613e-06	0.160372301720417	0.755	0.562	4.55684632547616e-05
Amdhd2	0.251462223533147	0.000359070350173608	1	0.627	0.458	0.00132133048825469
Ppfia2	0.251444806882236	4.13386096900973e-05	0.94706754800013	0.788	0.572	0.000207072301750396
Pdcd2l	0.251199586257807	8.21543931949221e-05	1	0.642	0.436	0.000374582870016096
Apex1	0.251126071488914	0.00440912869343282	1	0.877	0.745	0.0121202480383351
Gt(ROSA)26Sor	0.250908237994578	0.000179925112952362	1	0.863	0.754	0.000733227921249805
Insig2	0.250714246341893	0.000104674923853924	1	0.802	0.631	0.000460443169581009
Efcab10	0.250641035837158	0.00124262638784273	1	0.16	0.093	0.00397349345687923
Lmna	0.250496967392567	5.47526013975084e-05	1	0.764	0.57	0.000263101609355684
Rnf208	0.250178027964997	9.28566706316758e-05	1	0.858	0.727	0.000416852967440041
Bpgm	-0.250299536074617	0.456451473270838	1	0.807	0.711	0.637784275565303
Mettl25	-0.250455329337275	0.901339062343077	1	0.113	0.112	0.948923682833423
Nek1	-0.250648237680498	0.2746042297314	1	0.472	0.388	0.433962111239782
Fgfr1	-0.250976884734696	0.0433975886419519	1	0.566	0.415	0.0910911423296712
Mturn	-0.251163326948272	0.64628471128047	1	0.481	0.468	0.794778525067359
Zfp157	-0.25116445278303	0.556786742162601	1	0.651	0.607	0.724685485627604
9330020H09Rik	-0.251231807970912	0.523025287782769	1	0.151	0.129	0.696516602754614
Eif4ebp2	-0.251240948641125	0.991108061105004	1	0.377	0.344	0.996125175082066
Stac3	-0.251492515406442	0.115381720296281	1	0.104	0.072	0.211404091549562
Odad3	-0.251731177677843	0.385397978595347	1	0.108	0.089	0.565474763353872
Katnip	-0.251943124545023	0.971792992369518	1	0.307	0.283	0.985556487269573
Fyco1	-0.252168947930956	0.490566065739747	1	0.354	0.305	0.6692044269679
Ttc21b	-0.25226611104013	0.216894802752602	1	0.264	0.214	0.358183931350989
Phaf1	-0.25231066562381	0.437190576814753	1	0.297	0.254	0.619613380767956
Socs1	-0.252334587500826	0.200334048087504	1	0.16	0.121	0.33565750749759
Zfp772	-0.252354301972233	0.192649500289745	1	0.156	0.121	0.325277548227911
Upf3b	-0.252416448572117	0.256261290342179	1	0.877	0.763	0.410770391271426
Psmg2	-0.252533515094823	0.437523626827486	1	0.726	0.648	0.619884269212604
Cerox1	-0.252652260332568	0.765102735853759	1	0.382	0.358	0.875262491497743
Tmem86a	-0.252684021914621	0.216574483820608	1	0.363	0.297	0.357925594146203
Ddah1	-0.252720419406328	0.15458206406508	1	0.788	0.737	0.2710616041093
B3galnt2	-0.253058583127685	0.41259192780851	1	0.222	0.19	0.594001826192344
Arrb1	-0.25305974368163	0.470395593812038	1	0.552	0.468	0.65104181044708
Taf15	-0.253060542958473	0.369772148612503	1	0.792	0.699	0.547961878320263
Ccdc93	-0.253210957118772	0.903699335954113	1	0.189	0.178	0.949569088151928
Zfyve19	-0.253279786734121	0.868632757053163	1	0.349	0.321	0.929948010492209
Fgfr1op2	-0.253283654565513	0.954825730191433	1	0.538	0.483	0.976054011110738
B3gat1	-0.253343939660299	0.977679771921753	1	0.75	0.653	0.988950685499459
Zfp354c	-0.253355551019805	0.391473908058148	1	0.486	0.403	0.571343511974727
Lrp1	-0.253509759586329	0.576765475815	1	0.858	0.78	0.74032077530412
Zfp420	-0.253852015146887	0.572503610397529	1	0.217	0.227	0.736798989456809
Pias3	-0.253896368299667	0.819929218946847	1	0.325	0.296	0.907845583868144
Zfp592	-0.253927440703095	0.287940771105781	1	0.212	0.171	0.451120978547365
Sik2	-0.254553788398861	0.258962164527259	1	0.297	0.239	0.414339463243615
Nsmce2	-0.254554986601688	0.384270617396825	1	0.675	0.61	0.564518776680121
Arvcf	-0.254688479798116	0.565757237119988	1	0.571	0.485	0.732418502390804
Usp35	-0.254846342312693	0.885445669503172	1	0.137	0.129	0.941065082772368
Ralgapa2	-0.254861376152604	0.122338931730714	1	0.42	0.337	0.222101601745536
Mynn	-0.254938250575651	0.821815821987813	1	0.368	0.345	0.908552647543094
Pld5	-0.255038523169014	0.83542923044579	1	0.344	0.313	0.913327933958545
Smad4	-0.255249909444664	0.858056736871492	1	0.486	0.429	0.923605674385085
BB187676	-0.255438088209678	0.288931310145484	1	0.175	0.14	0.452348373733144
Myo9b	-0.255904845740849	0.547132957331677	1	0.226	0.198	0.717465252964505
Tmem178	-0.255914952235735	0.691244443007802	1	0.491	0.429	0.825637333075766
Vps25	-0.25593925457952	0.767866618237591	1	0.118	0.108	0.876873565610927
Zfp438	-0.255980607152611	0.938409935548963	1	0.127	0.122	0.965828133477349
Mapkbp1	-0.256141517434427	0.51468754635334	1	0.236	0.205	0.689672055882958
Dync2i1	-0.256178463342263	0.19790039242703	1	0.241	0.192	0.332600582578402
Setdb1	-0.256200656975533	0.875279091536715	1	0.434	0.392	0.93379478028926
Ptpro	-0.256271516253528	0.554788333335921	1	0.401	0.352	0.723161874070816
Rdh13	-0.256315294921267	0.166310649455748	1	0.311	0.246	0.28792171339533
Hmg20a	-0.256424439630642	0.174229510948923	1	0.575	0.553	0.299266419121075
Arl4a	-0.256501208197231	0.26954317853485	1	0.915	0.799	0.427976955230907
Dele1	-0.256570328137546	0.930308918704955	1	0.495	0.445	0.961796297491892
Bzw2	-0.256620418406796	0.0127730205252686	1	0.896	0.83	0.0311168732037775
Chkb	-0.256720216191834	0.586377212526681	1	0.665	0.601	0.749355080256449
Rcbtb1	-0.257007708746347	0.376659012661838	1	0.349	0.287	0.555451238118471
Tada2a	-0.257012755800185	0.552616828333371	1	0.344	0.295	0.72076151273818
Aldh9a1	-0.257103093521715	0.772072017041525	1	0.396	0.358	0.878918574521079
Spats2	-0.257130313108898	0.622707241567061	1	0.443	0.421	0.77669481186891
3110009E18Rik	-0.257196496799985	0.68489932127145	1	0.198	0.176	0.820301682290566
Rpusd4	-0.257228780343815	0.714573739610636	1	0.222	0.2	0.840524253709749
Nfkbia	-0.257378930859137	0.0347350024200803	1	0.476	0.368	0.0752596296962583
Rimbp2	-0.257436302257995	0.160758415452164	1	0.495	0.391	0.279981163754008
Aifm3	-0.257437476649547	0.844420655646743	1	0.259	0.248	0.915697473650689
Golim4	-0.257540418896177	0.448854349425111	1	0.278	0.237	0.630416655398355
Ttc14	-0.25769225541616	0.27867069028604	1	0.958	0.899	0.439475728139002
Zfp623	-0.257987453241447	0.568374279176853	1	0.184	0.159	0.734719718374837
Ewsr1	-0.258182106361289	0.00183287287578196	1	0.925	0.89	0.00559000683925192
Fam114a2	-0.258334117157137	0.758249587430728	1	0.632	0.572	0.871129457626885
Nudt2	-0.258457667781954	0.34965036619928	1	0.67	0.617	0.524655719532277
Odf2	-0.258640454169389	0.512860141606384	1	0.774	0.647	0.68801385090193
Fam174c	-0.258753000338396	0.83102166762056	1	0.151	0.151	0.912265052567631
Rrm2	-0.258834964624769	0.427978420462083	1	0.094	0.112	0.608928254260058
Actl6a	-0.258896456607131	0.812879809486736	1	0.524	0.462	0.903705525028777
Abcd1	-0.259086083491335	0.604074334055488	1	0.156	0.137	0.762852855779584
Plekha6	-0.259097943278815	0.156118848526481	1	0.509	0.426	0.272880004147126
2610507I01Rik	-0.259136842556198	0.179292164376388	1	0.245	0.191	0.305440005458683
Kdm5b	-0.25914477795721	0.992053297374668	1	0.703	0.62	0.996616560012086
Uspl1	-0.259242418878182	0.370198092374307	1	0.344	0.286	0.548144158471516
Haus3	-0.259339765215616	0.673929393098339	1	0.16	0.165	0.813408010238614
Dnaaf9	-0.259407771885912	0.549884177162056	1	0.844	0.766	0.718344845254289
Xpa	-0.259412593281567	0.723211643902274	1	0.514	0.47	0.845780042989326
Polg2	-0.259452133172045	0.991625793227119	1	0.193	0.184	0.996416255996333
Vps33b	-0.25954145030309	0.307743978026684	1	0.335	0.277	0.475066191570814
Zfp598	-0.259592991372772	0.657806118316278	1	0.42	0.363	0.803116910571049
Pxmp4	-0.25962373041963	0.905045001746331	1	0.222	0.212	0.950165190866058
Smc3	-0.259657476961459	0.018876981166809	1	0.849	0.787	0.0439523740600328
Cblb	-0.259662541674744	0.560243489111412	1	0.217	0.19	0.728099839464042
Syt14	-0.259714101518423	0.409507137698048	1	0.302	0.259	0.591119358051908
Cbx7	-0.259817596016438	0.359858011269039	1	0.184	0.151	0.536837361073485
Gpsm2	-0.259923047979234	0.219248925667027	1	0.132	0.162	0.361115877569221
Gm15446	-0.259925671248875	0.328206894774612	1	0.307	0.25	0.500243261675555
Rab22a	-0.260439953213855	0.701303345128423	1	0.604	0.5	0.831287113031466
Vps13d	-0.260484187547914	0.120175861467219	1	0.42	0.333	0.218902486609179
Gps2	-0.260533639465046	0.555656060548885	1	0.486	0.412	0.723645102110176
Inpp5k	-0.260541259259765	0.909764111389879	1	0.382	0.355	0.952733070858545
Sgcb	-0.260676032274659	0.715446258327159	1	0.632	0.559	0.840976656720407
Zfp768	-0.260751925432712	0.34423161587729	1	0.321	0.332	0.518841855815046
Nrf1	-0.260793715226654	0.432743071664108	1	0.344	0.293	0.614107127039904
Sri	-0.260868639054398	0.0771800935547496	1	0.849	0.778	0.149103338632086
Med17	-0.260904287915781	0.415568783737127	1	0.363	0.3	0.596910374009789
Smoc2	-0.260909822504434	0.135510110190687	1	0.104	0.073	0.24218828204293
H2aj	-0.261045639639803	0.534501986629881	1	0.821	0.742	0.706228694307656
Mib1	-0.261077660662423	0.864042530883788	1	0.547	0.474	0.927306578599604
Zcchc8	-0.261081611237677	0.913992575214413	1	0.344	0.319	0.954874359323363
Smg6	-0.261328529444516	0.836861979681745	1	0.34	0.312	0.913624875593568
Capn15	-0.261373667222362	0.135066600045479	1	0.321	0.25	0.241679733807453
Parp1	-0.261564970939935	0.786033138350823	1	0.481	0.46	0.8867233337594
Kcnn3	-0.261659346751756	0.160915055351093	1	0.193	0.149	0.280142272528327
Bcat2	-0.261662721047851	0.524895495484284	1	0.189	0.162	0.697518565340844
Pitpnc1	-0.261673410828368	0.949883835041691	1	0.642	0.593	0.973626933561023
Tiam1	-0.261830569310528	0.834333816790842	1	0.193	0.187	0.91291836466493
Larp4	-0.262058355452823	0.850034493407807	1	0.66	0.604	0.918592446117096
Nup37	-0.262228972615686	0.952002498686875	1	0.245	0.229	0.974308086753578
Hnrnpl	-0.262232487419072	0.0732915890685826	1	0.925	0.847	0.142918598683736
Lin28b	-0.262303412634187	0.157654778092244	1	0.297	0.239	0.275124279147791
Gcat	-0.262538843182549	0.976307093622546	1	0.241	0.219	0.988069829690287
Stt3a	-0.262542956014394	0.383501874115929	1	0.618	0.56	0.563829076451827
Tacc2	-0.262562470886454	0.849486964524206	1	0.764	0.624	0.918564881976147
Caap1	-0.262655199642503	0.890741480120536	1	0.491	0.448	0.943671788786442
Bmpr2	-0.262687347397173	0.589799461214249	1	0.642	0.597	0.751680508181561
Akap10	-0.262777405752763	0.21226344504869	1	0.17	0.133	0.352266993910592
Tmem107	-0.262841535979549	0.0162952858586021	1	0.448	0.334	0.0385578594964106
Atg14	-0.263040822510455	0.933990708785497	1	0.212	0.2	0.963550169101335
Rnf165	-0.263049686686579	0.663691532406923	1	0.665	0.551	0.806324838055745
Mast4	-0.263265505301946	0.410583842690037	1	0.575	0.482	0.592477774981857
Raver1	-0.26339456121849	0.424285062908451	1	0.354	0.301	0.605052939857694
Tomm34	-0.26356345223105	0.839989494085801	1	0.575	0.509	0.914981074854558
Zmpste24	-0.263613169453527	0.520813105475248	1	0.396	0.329	0.695385911986884
Cep250	-0.263642123323246	0.0639611549651516	1	0.302	0.223	0.127223280914291
Gspt1	-0.263657453957848	0.603890485703387	1	0.736	0.653	0.762852855779584
Tnr	-0.263838011791372	0.75258349134247	1	0.425	0.412	0.867332732364217
Far1	-0.263842734957297	0.704780310496734	1	0.783	0.661	0.83396264920947
Arv1	-0.26413394370571	0.859730876314713	1	0.212	0.199	0.924548257570447
Casp2	-0.26416231102109	0.565356085582581	1	0.146	0.157	0.732412714310112
Lhfpl3	-0.264179725403316	0.007830993303261	1	0.778	0.6	0.0202161812935248
Zfp512	-0.264195156978569	0.215947050195807	1	0.745	0.692	0.357158922853193
Plod1	-0.264509560324246	0.957384462175969	1	0.137	0.133	0.977497212026218
Tnfsf9	-0.264639971922939	0.0675374328058949	1	0.137	0.093	0.133365057186324
Nras	-0.264674296342521	0.646835676707769	1	0.689	0.581	0.79498543496329
Kcna2	-0.264801820080437	0.495053803607331	1	0.363	0.304	0.673433514218879
Larp7	-0.264913512023255	0.703742373764061	1	0.377	0.357	0.833951895985192
Ptpn1	-0.264990718059854	0.700405179724273	1	0.623	0.535	0.830898920433358
Yipf1	-0.26499926143093	0.409107472036939	1	0.745	0.676	0.590933015164467
Armt1	-0.265122979305709	0.757911311732233	1	0.151	0.138	0.871129457626885
Slc2a8	-0.26520271796975	0.873327324358354	1	0.34	0.309	0.932590343600232
Zbtb16	-0.265302022445935	0.48694875100678	1	0.113	0.095	0.665878695761373
1600020E01Rik	-0.26533409897774	0.363747918790202	1	0.472	0.39	0.541161753840464
Itm2c	-0.265416182601088	0.343347516566415	1	0.953	0.879	0.517687936611011
Synm	-0.265490932092798	0.829418999331065	1	0.113	0.106	0.911421934359269
Plscr3	-0.265651458309577	0.833874611955267	1	0.307	0.3	0.91291836466493
Serf2	-0.265772909436504	0.000101060878282002	1	0.991	0.947	0.00044684135756742
Hat1	-0.265895925934304	0.41163346035234	1	0.59	0.536	0.593314883752052
Orc3	-0.265951420735151	0.357995291006685	1	0.429	0.351	0.53460630123665
Alg6	-0.266454346001323	0.775851173515667	1	0.528	0.462	0.881583250239602
Gm42659	-0.266537379947224	0.74291466952549	1	0.104	0.11	0.861293714292366
Adk	-0.266642830497823	0.978782665150728	1	0.59	0.518	0.98915734938687
Parvb	-0.266709385822259	0.555286642301102	1	0.217	0.189	0.723379675983064
Dnajc18	-0.26709483875914	0.939880567828882	1	0.505	0.446	0.966886085792877
Gclm	-0.267095249540336	0.204649328479235	1	0.731	0.669	0.341805319207285
Aars2	-0.267212500251771	0.266572995479771	1	0.236	0.189	0.423568877502961
Rab8b	-0.267324905811805	0.672158729979265	1	0.297	0.265	0.812751811427485
Tmbim4	-0.267425146613437	0.210637520728066	1	0.844	0.761	0.349967550604865
Emc1	-0.267715779996134	0.818522169768444	1	0.712	0.601	0.907059030978764
Ncstn	-0.26793946974677	0.792358435429457	1	0.453	0.41	0.889951567486723
Pnpt1	-0.267977697858446	0.165468497800628	1	0.363	0.282	0.286698293690258
Kdm3b	-0.268266647557645	0.72701894797667	1	0.297	0.266	0.84886895609786
Gm56517	-0.26839337081057	0.807947905284144	1	0.184	0.169	0.900284808745189
Tm9sf1	-0.268574553841884	0.442222194941451	1	0.637	0.513	0.624111970114461
Rbm5	-0.268732993997274	0.0631556301466258	1	0.925	0.883	0.125965202045873
Tmcc1	-0.268912837418693	0.977908117050348	1	0.745	0.655	0.988950685499459
Mbd2	-0.269473978317526	0.830329778700267	1	0.566	0.485	0.911963910827953
Pola2	-0.269579758542757	0.706638312288716	1	0.208	0.213	0.835570153783734
Ero1a	-0.269910317254871	0.868456600876955	1	0.41	0.385	0.929948010492209
Rab43	-0.269932390326318	0.877739823816237	1	0.156	0.146	0.935008773037258
Dab1	-0.269938813933903	0.432444606895314	1	0.472	0.45	0.614107127039904
Rc3h1	-0.270009536114961	0.682653619862725	1	0.406	0.357	0.81856571733809
Aatf	-0.27010948391555	0.899367821735318	1	0.434	0.393	0.948669076392144
Rbm33	-0.270185840506415	0.29097059769385	1	0.542	0.458	0.455051761806922
Galnt1	-0.270442156573029	0.650548090025649	1	0.642	0.54	0.797461988884499
Ctsb	-0.270808827451368	0.0617928374569077	1	0.967	0.923	0.123529113964198
Tmem87a	-0.270974078158413	0.869184783085469	1	0.184	0.171	0.930158745191311
Ralgps2	-0.270987616995115	0.83799353354818	1	0.623	0.546	0.914163680434116
Dgcr8	-0.271089332043491	0.576104071439707	1	0.363	0.314	0.73968917814481
Tia1	-0.271176092932848	0.254330718849309	1	0.986	0.927	0.408275112066806
Naa40	-0.271304847054696	0.455223645656151	1	0.434	0.369	0.636497082018588
Dnaaf2	-0.271340134903816	0.406117768430091	1	0.231	0.19	0.588951664177503
Sptssa	-0.271374253670298	0.0240365834554806	1	0.92	0.869	0.0543435799863039
Adprs	-0.271410905017554	0.443622931971926	1	0.594	0.529	0.62568452271662
Myo16	-0.271451846626215	0.583039436992146	1	0.165	0.146	0.746298680053565
Morc3	-0.271543120712319	0.758756717896528	1	0.472	0.413	0.871482867150153
Amotl2	-0.271579794520729	0.541573140163307	1	0.373	0.327	0.711028396823963
Tmem35b	-0.271652634214939	0.724850065215789	1	0.142	0.127	0.84678927115875
Abi1	-0.271742755444295	0.772373164881143	1	0.552	0.502	0.879032304377497
Rab2b	-0.271848589426389	0.530757062073087	1	0.585	0.546	0.701678827825437
Atp2c1	-0.27188604174771	0.575639886016904	1	0.821	0.737	0.739310503417182
Snw1	-0.272088240031944	0.221941723897543	1	0.792	0.721	0.364863172745377
Hibadh	-0.272159272738824	0.175330845310144	1	0.755	0.686	0.300905617327899
Tra2a	-0.272245434769335	0.0150822024926358	1	0.953	0.932	0.0361575524082508
Snx12	-0.272408434419344	0.83086611915765	1	0.415	0.379	0.912265052567631
Zfp868	-0.272470712682631	0.414897988670304	1	0.292	0.246	0.596394010848899
Pnn	-0.272692128701835	0.0532189294330264	1	0.958	0.901	0.108626300824046
H3f3b	-0.272752604876115	9.81433857569699e-08	0.00224846496769218	1	0.992	1.11638101298553e-06
1110059G10Rik	-0.2730502171424	0.599911925919772	1	0.528	0.481	0.760360460813735
Tbkbp1	-0.273156379063998	0.0531711044606111	1	0.321	0.235	0.108626300824046
Ldb1	-0.273291506857669	0.768402765926298	1	0.458	0.414	0.87725647714743
Ccdc134	-0.273569057060683	0.647865224546833	1	0.189	0.169	0.795355621366095
Rbm28	-0.273732508553223	0.980898589428112	1	0.547	0.481	0.989964195615063
Klf16	-0.273763795887921	0.963698156320008	1	0.189	0.182	0.981677599534934
Rptor	-0.273773391692544	0.283375007705482	1	0.396	0.318	0.4454055536731
Sqle	-0.273823499039186	0.261863563087109	1	0.825	0.774	0.418106696967453
Sin3a	-0.273881048753218	0.624006399834156	1	0.241	0.211	0.777712998084861
Ints14	-0.273886630255577	0.999652529659352	1	0.373	0.343	1
Tdp2	-0.273921168928128	0.581574822722081	1	0.495	0.458	0.745180060325623
Csad	-0.274080575456769	0.162070981184665	1	0.514	0.412	0.281557024875936
Taldo1	-0.274222917013242	0.32082827544262	1	0.958	0.879	0.491711546362584
Acyp1	-0.274255838991695	0.380199786880943	1	0.439	0.456	0.559916611293311
Tbc1d30	-0.274373723111727	0.714648043398533	1	0.269	0.242	0.840524253709749
Clk1	-0.274778907381139	0.0250622037124192	1	0.821	0.811	0.0565161103850526
Socs4	-0.27488128846683	0.422428449713003	1	0.193	0.207	0.603785166343716
Wnk1	-0.275894598081353	0.307792427231091	1	0.764	0.719	0.475066191570814
Selenos	-0.275989990520627	0.0510035738728437	1	0.873	0.831	0.104691546370574
Gtf3c2	-0.27609512704998	0.948329736506141	1	0.552	0.494	0.97311944738606
Mon2	-0.27612519786195	0.642312173608456	1	0.481	0.46	0.791653378758955
Xpo6	-0.276201961200872	0.900661500997226	1	0.585	0.537	0.948923682833423
N4bp2	-0.276296631650107	0.776576026322926	1	0.632	0.566	0.881583250239602
Lars	-0.276367079061598	0.390461572043285	1	0.594	0.562	0.570222717046162
Slc43a2	-0.276835494545954	0.563835430876683	1	0.491	0.405	0.731462180596778
B3galt1	-0.276899600853625	0.6933159809114	1	0.392	0.384	0.826980940639267
Aifm1	-0.277136958353029	0.825297275408977	1	0.406	0.359	0.909134999696211
Tchp	-0.277151620236883	0.579562930081177	1	0.208	0.183	0.743256276745326
Srgap3	-0.277212733108116	0.507715365379374	1	0.679	0.623	0.684053274514839
Rpap1	-0.277546563084359	0.529453220011391	1	0.222	0.191	0.701015963931421
Pigt	-0.277575135497209	0.0990211116028464	1	0.948	0.858	0.185553073994523
Gm6297	-0.277684314837357	0.473823653202552	1	0.137	0.115	0.653508593997078
Fmn2	-0.277786386054484	0.989730553645483	1	0.552	0.498	0.995372982080688
Smg1	-0.278080651643103	0.196807419277511	1	0.59	0.486	0.331401236470381
Mllt3	-0.278105438628898	0.599182852486426	1	0.467	0.403	0.760159947621466
Arf6	-0.27815687831459	0.630528181108539	1	0.462	0.436	0.781497124096804
Niban2	-0.27823158886695	0.873449426664045	1	0.127	0.119	0.932590343600232
Rhobtb2	-0.278325981913326	0.798209067123575	1	0.344	0.305	0.894902567175037
Dffa	-0.278801378628962	0.444823352980964	1	0.217	0.182	0.626366346170486
Rln1	-0.278880727248964	0.180272918568431	1	0.156	0.116	0.306991075363316
Zfp362	-0.278958240512854	0.950222439965806	1	0.33	0.307	0.973626933561023
Yipf6	-0.279083677233678	0.964733759515149	1	0.401	0.364	0.982503395094934
Thg1l	-0.279133873024668	0.630446887622762	1	0.118	0.126	0.781497124096804
Gigyf1	-0.279134463480615	0.498993732262556	1	0.764	0.632	0.677076195692008
St3gal2	-0.279173258018248	0.598463582325576	1	0.396	0.339	0.759688732228456
Ank	-0.279253876935487	0.472933262420604	1	0.505	0.431	0.653130155297626
Gm10125	-0.279273972982705	0.241114245684462	1	0.226	0.183	0.390938019728928
Vxn	-0.279345670853566	0.547364958427773	1	0.382	0.329	0.717554063149013
Zdhhc13	-0.279405359715096	0.861354807606312	1	0.307	0.275	0.925331480478203
Hlf	-0.279605480049566	0.757339117582245	1	0.175	0.159	0.870999806634872
Smim15	-0.279726616397182	0.656138047866835	1	0.594	0.526	0.801905705954767
Crlf3	-0.279844722661165	0.859779080185704	1	0.344	0.309	0.924548257570447
1810030O07Rik	-0.279890932045935	0.575087882536768	1	0.288	0.248	0.739310503417182
Hace1	-0.279925511242108	0.368215595362432	1	0.392	0.331	0.546033316379563
Trpm7	-0.279974019709575	0.835544511011526	1	0.462	0.432	0.913327933958545
Ints6l	-0.280044050260848	0.992286042955923	1	0.401	0.38	0.996621162481369
Rfc1	-0.280207040093388	0.613855652033541	1	0.458	0.43	0.770894280695801
Gdpd5	-0.280220399429334	0.53906901134127	1	0.17	0.178	0.709660470626482
Tars	-0.280299162386975	0.83523452750561	1	0.396	0.368	0.913327933958545
Alg13	-0.280344315779601	0.807232661788901	1	0.212	0.191	0.900284808745189
Gm47283	-0.280393151572614	0.0362997888293688	1	0.981	0.968	0.0782613413655889
Tceal8	-0.280474982625603	0.0703569480719002	1	0.849	0.803	0.137996923744077
Ldhb	-0.280530627745283	0.1293005603486	1	0.953	0.915	0.233189449877245
Pknox2	-0.280572914318733	0.842263408875997	1	0.208	0.203	0.915558126862191
Galc	-0.280926986141556	0.64739936333198	1	0.269	0.239	0.795201534016536
Carf	-0.281107995352477	0.712094141470627	1	0.325	0.29	0.839471162628365
Prpsap2	-0.281430591837751	0.65969252483575	1	0.5	0.481	0.804449176014113
Rbms1	-0.281712784332978	0.818939258591983	1	0.741	0.646	0.907206501555052
Zfp513	-0.28171587054797	0.480123664594914	1	0.358	0.302	0.66038373408746
Map4k2	-0.281897517538246	0.6475576594544	1	0.41	0.356	0.795201534016536
Map2k3	-0.281931583982553	0.387059465943887	1	0.255	0.213	0.567098408425046
Pgm2	-0.281987404660436	0.738687768640349	1	0.259	0.233	0.858363440654707
Cdkn1a	-0.282229071378692	0.905789344039896	1	0.571	0.508	0.950165190866058
Kbtbd3	-0.282257207579121	0.78908477390974	1	0.127	0.131	0.888330487741687
Zfp800	-0.282260508242223	0.852805620306928	1	0.321	0.289	0.920221084362811
4833420G17Rik	-0.282352038486218	0.431497490137995	1	0.708	0.648	0.613335840196147
Scrn3	-0.282376382138757	0.513363188536071	1	0.104	0.116	0.688477251312729
Fam122b	-0.282551312959959	0.672269298234318	1	0.118	0.105	0.812751811427485
Rfc3	-0.282717292718862	0.929383680743406	1	0.552	0.485	0.961591432794248
Mid1	-0.282815099741231	0.0216779784122644	1	0.193	0.129	0.0497057268791449
Elavl1	-0.282819554515709	0.132143265469618	1	0.83	0.775	0.237367596685839
Zfp267	-0.282903122906282	0.765484083158611	1	0.335	0.297	0.875296983046286
Aqr	-0.282998020760073	0.845076305975585	1	0.429	0.385	0.916181013775467
Tgs1	-0.28313708155935	0.382851160655573	1	0.632	0.577	0.56306190900456
Agrn	-0.283143991802427	0.63415661592216	1	0.745	0.638	0.784701444291217
Trim41	-0.283150571214246	0.91741743140017	1	0.274	0.255	0.956683453130015
Gtf2h3	-0.283157730897849	0.251040081306685	1	0.325	0.261	0.404032083694769
Wdr20	-0.28317049098505	0.58197521774682	1	0.406	0.389	0.745474413817628
Ctbp2	-0.283230675427873	0.967535215112203	1	0.486	0.438	0.984438346054066
Pnrc2	-0.283332844312855	0.642977376541154	1	0.566	0.521	0.792249698372851
Ugdh	-0.283358955912611	0.708694427659169	1	0.491	0.467	0.837065073479672
Erich1	-0.283419903194325	0.921832591015504	1	0.198	0.19	0.958692222776907
Zfp553	-0.28377978450577	0.802804178000937	1	0.363	0.34	0.897193889990925
Ddx51	-0.283837763728718	0.801307320879739	1	0.151	0.15	0.896544666394134
Tnrc6a	-0.283918306012585	0.342208574524154	1	0.731	0.718	0.51664224888416
Asf1a	-0.283926208473018	0.5090731471898	1	0.642	0.558	0.68524853834362
Tmem33	-0.284021055471239	0.273728180674324	1	0.774	0.702	0.43304769764051
Tspoap1	-0.284055109980986	0.432291391486068	1	0.547	0.472	0.614107127039904
Wdr41	-0.284061187524718	0.937269572202865	1	0.368	0.331	0.965564502684461
Atp11b	-0.284091092661098	0.897180384175982	1	0.689	0.651	0.947505782901521
Gdf11	-0.284436989641799	0.542832058911223	1	0.245	0.21	0.712253058973933
Med20	-0.284716872538569	0.876958135524118	1	0.377	0.35	0.934737222052061
Pxn	-0.284733931502823	0.541251915665431	1	0.16	0.138	0.711028396823963
Brd1	-0.284868920830469	0.522867948334775	1	0.618	0.559	0.696516602754614
Abcc5	-0.284885642464931	0.262700160040103	1	0.84	0.775	0.418939138026714
Cd1d1	-0.28498691150041	0.712634352069983	1	0.217	0.198	0.839705111907658
Plekho1	-0.285413118792748	0.753847381874768	1	0.42	0.403	0.868355844944353
Btf3l4	-0.285496792548661	0.730303955501383	1	0.66	0.555	0.85202128141828
Sox3	-0.285649119949553	0.356665209307712	1	0.165	0.191	0.532984479731813
Mycl	-0.285670393472514	0.282344586468941	1	0.585	0.498	0.44426554527966
Htatip2	-0.285682286137433	0.349913923578811	1	0.156	0.125	0.524870885368217
Rock2	-0.286064033442105	0.742031658730072	1	0.665	0.624	0.860874976184052
Mical3	-0.286182777727578	0.824407362936514	1	0.651	0.575	0.909134999696211
Dcc	-0.286183463030591	0.627420852370153	1	0.321	0.332	0.780357736975925
Nfrkb	-0.286217926790795	0.966545961287034	1	0.453	0.401	0.983660941030234
Emsy	-0.286384332864267	0.956108669810398	1	0.575	0.489	0.976679763735224
Slc38a9	-0.286527031835094	0.465851165904575	1	0.425	0.358	0.646596089186903
Slc41a3	-0.286604510947772	0.443268984572539	1	0.297	0.246	0.625387249551954
Sema4b	-0.286628792765611	0.257757766058542	1	0.33	0.276	0.412563547872376
Scrib	-0.28663884844868	0.588771158546762	1	0.358	0.319	0.751095917211524
Pycard	-0.286718117119287	0.167731465040674	1	0.123	0.091	0.289470975621361
Map2	-0.286733639068426	0.0212744802123515	1	0.972	0.961	0.0488729900735703
Proser1	-0.286784381649881	0.774354034206208	1	0.368	0.325	0.880648444474345
Fam53a	-0.286828223930495	0.849798692322713	1	0.335	0.299	0.918564881976147
Sltm	-0.286879707139731	0.0917574467774313	1	0.807	0.776	0.173580133184851
Pex11g	-0.286947040631687	0.755876013164198	1	0.099	0.104	0.870233638772065
Gtf2b	-0.287063823951227	0.0766954962808117	1	0.75	0.684	0.148298330125979
Pcnt	-0.287369961070024	0.916317695423337	1	0.108	0.109	0.956386067768014
Jmjd8	-0.287491057997529	0.932290713350844	1	0.387	0.356	0.962250906407488
Cr1l	-0.287517807927332	0.978837530523267	1	0.373	0.335	0.98915734938687
Abcg4	-0.288019287105656	0.302541111372716	1	0.33	0.269	0.46995006204695
Trim67	-0.2880945894867	0.896779980558745	1	0.307	0.288	0.947311960116227
Brpf1	-0.28809743874869	0.670970083173616	1	0.146	0.154	0.811920161681466
Twsg1	-0.288108325089501	0.750536919914002	1	0.231	0.238	0.86596973227984
Nom1	-0.288151767896408	0.471449308216268	1	0.382	0.326	0.651880524941013
Dck	-0.288325117890126	0.720317417254047	1	0.321	0.281	0.844652084773934
Inpp5e	-0.288404092631389	0.82588087884491	1	0.212	0.197	0.909134999696211
Dido1	-0.288450767862561	0.419105388988929	1	0.5	0.42	0.600607722803032
Tspan14	-0.28863457032172	0.798405518379377	1	0.222	0.2	0.894902567175037
Phc3	-0.289014500520682	0.469294674625719	1	0.5	0.431	0.650136104904897
Fam183b	-0.289162593622605	0.104290272732477	1	0.297	0.235	0.193929293867799
Alg10b	-0.28933052505522	0.393160508730627	1	0.373	0.373	0.573588878468731
Irak1	-0.289331719462141	0.947152305387013	1	0.618	0.543	0.972515877608108
Pygo1	-0.289342670479706	0.748577627502253	1	0.42	0.407	0.864762744152776
Epc1	-0.289418148175955	0.609722701816639	1	0.637	0.535	0.767733860344503
Inip	-0.289526480440889	0.884136233261137	1	0.25	0.238	0.940552135139953
Itgb1	-0.289679734043997	0.17876419785697	1	0.604	0.569	0.304778304543031
Tmem41b	-0.289760791491787	0.42183537850528	1	0.66	0.599	0.603600441933235
Bak1	-0.289835884222856	0.473484152100518	1	0.415	0.408	0.653453009913131
Fam76b	-0.28988906083277	0.825713493604686	1	0.311	0.285	0.909134999696211
C2cd3	-0.289967543683281	0.157187587273371	1	0.241	0.187	0.274418617589963
Rasa1	-0.29005022652151	0.794038548093602	1	0.575	0.538	0.891380205107389
Bptf	-0.290274865333859	0.0586149263860828	1	0.858	0.786	0.117986174402954
Mdga2	-0.290294090811034	0.764121226999234	1	0.792	0.727	0.874425339149242
Prkdc	-0.290306659917246	0.555004116703373	1	0.132	0.114	0.723227321527546
Exoc4	-0.290497398028209	0.656766210110849	1	0.571	0.517	0.802224498256205
Rps27rt	-0.290823892743364	0.901347152032022	1	0.255	0.237	0.948923682833423
Ghdc	-0.291172328864599	0.766448679422015	1	0.179	0.181	0.875483219590837
Odc1	-0.291395589094992	0.320055832747905	1	0.807	0.705	0.490699851682292
Slit2	-0.291417015300728	0.0230841658470455	1	0.434	0.325	0.0525164773020284
Cnot3	-0.291686580161265	0.898797176640467	1	0.514	0.448	0.948296151585884
Slc1a4	-0.291854860540665	0.034454210703112	1	0.608	0.454	0.0747620428967676
Mbd6	-0.291950516302878	0.810692016506858	1	0.392	0.37	0.901502731186852
Tprn	-0.291975281246744	0.365483988347992	1	0.151	0.123	0.542635642795387
Baalc	-0.292092138900069	0.955064254707889	1	0.538	0.481	0.976069411456261
Ehd3	-0.292233079483162	0.705940945052025	1	0.533	0.458	0.834971580825141
2610008E11Rik	-0.292257120260789	0.637445212805237	1	0.42	0.417	0.787432321700587
Ttll4	-0.292351591644441	0.508098187049481	1	0.118	0.1	0.684147004017304
4933421O10Rik	-0.292445192492939	0.786572957416271	1	0.212	0.198	0.886896554465122
Vti1a	-0.292469531947982	0.949176180761028	1	0.392	0.361	0.97323980224511
Atic	-0.292590513691214	0.805898198839571	1	0.542	0.485	0.89937744827063
Ascc2	-0.292742460280624	0.741413180953618	1	0.212	0.192	0.86038596556998
Glo1	-0.292794302047523	0.00223159588775883	1	0.906	0.853	0.0066257558147781
Mysm1	-0.292802716746116	0.780371236075348	1	0.519	0.487	0.883506850258804
Fbxl3	-0.29282907010966	0.575311603251524	1	0.505	0.42	0.739310503417182
Snhg15	-0.292829680594964	0.580051874962161	1	0.245	0.217	0.74366498087312
E530011L22Rik	-0.292872590459478	0.549543299122776	1	0.104	0.088	0.718344845254289
Ino80dos	-0.292933963623113	0.763413469579163	1	0.189	0.172	0.874050813430603
H1f0	-0.293008490413812	0.346820475801333	1	0.679	0.617	0.521378979271936
Med13	-0.293196309435154	0.739034820046395	1	0.453	0.433	0.858471407018562
Eif2ak3	-0.293310475445304	0.801681532804392	1	0.132	0.123	0.896684280368379
Stxbp5l	-0.293483331454073	0.298987140393434	1	0.59	0.466	0.465422604860485
Gadd45a	-0.29353329693106	0.654196588389702	1	0.165	0.174	0.800428766970929
Efhd2	-0.29405896746844	0.0287838341302871	1	0.481	0.369	0.0638860708745396
Gm15050	-0.294226167685642	0.303858904943709	1	0.189	0.214	0.47166158379322
Brd7	-0.294334795953201	0.0750081175878771	1	0.684	0.651	0.145745310330893
Safb	-0.294600014538823	0.142666249353748	1	0.816	0.744	0.253319584218362
Lrrn3	-0.294763264791653	0.56573982488754	1	0.491	0.464	0.732418502390804
Mob1b	-0.29491059823638	0.332692614623208	1	0.448	0.37	0.505637209698737
Gm45847	-0.295006707224995	0.526968597776486	1	0.151	0.13	0.698997520524655
Iftap	-0.295063767512696	0.818562803241468	1	0.642	0.586	0.907059030978764
Zzef1	-0.295260499955319	0.326421108260755	1	0.486	0.405	0.498011666392936
Zfyve27	-0.295281155275945	0.802735891083526	1	0.524	0.464	0.897193889990925
Gm41077	-0.295362454356871	0.9187378933658	1	0.123	0.122	0.95731085835444
Gins2	-0.29536620028116	0.995236588857475	1	0.132	0.127	0.998207444346601
Tmem108	-0.295612944115241	0.776190280519354	1	0.689	0.6	0.881583250239602
Mipep	-0.295908419434748	0.559410509326511	1	0.269	0.229	0.727450165149807
Wdr43	-0.296280806496311	0.628686940689857	1	0.476	0.413	0.781001899407724
Zfp106	-0.296287085627333	0.507923326861594	1	0.547	0.52	0.684122445800629
Mettl9	-0.296353038333417	0.00177035692431431	1	0.962	0.91	0.00542280437966683
Ormdl1	-0.29639350875389	0.814945882574466	1	0.448	0.407	0.904850944353144
Acaca	-0.296405299885412	0.68176364245981	1	0.679	0.574	0.817976443689636
Zfp507	-0.296423725396096	0.326200870715613	1	0.212	0.173	0.497883538079732
Cabcoco1	-0.296465706214669	0.570651115743909	1	0.123	0.104	0.735942849752244
Ptrh2	-0.296571406798499	0.799707161652825	1	0.5	0.441	0.895442420430541
Pwwp2a	-0.296730295515698	0.860419935295964	1	0.528	0.465	0.925009667086578
Zfp446	-0.296733734887874	0.825404401139855	1	0.189	0.182	0.909134999696211
Fam13c	-0.296887925406251	0.904008033196318	1	0.415	0.38	0.94966500456987
Tma16	-0.296921154888313	0.565914021421466	1	0.406	0.355	0.732418502390804
Xylt1	-0.29715270789586	0.120426509819375	1	0.425	0.328	0.21926760937517
Snx22	-0.297398909002699	0.704433376894145	1	0.132	0.139	0.83396264920947
Carhsp1	-0.297407179012736	0.341652247800967	1	0.533	0.521	0.516200974885722
Mfhas1	-0.297434081176538	0.650508463733938	1	0.373	0.355	0.797461988884499
Ints13	-0.297616660448001	0.527818884018952	1	0.264	0.227	0.699275973732115
Wdr45b	-0.297669535790246	0.212055205739854	1	0.689	0.641	0.352055164831502
Spsb2	-0.297772449404132	0.872608223054296	1	0.316	0.287	0.932147889044061
Snhg9	-0.297789983031061	0.998506815303609	1	0.448	0.401	0.999422036949167
AI506816	-0.298186518372998	0.884357155132157	1	0.236	0.233	0.940558084640191
Rab3il1	-0.298197645598187	0.516319105534528	1	0.127	0.109	0.691168205018333
Zup1	-0.298471782672954	0.695334063081789	1	0.33	0.301	0.828135511290672
Gtdc1	-0.298549107824194	0.404057891890284	1	0.316	0.314	0.587329408245178
Cers2	-0.298833016754158	0.854559189474276	1	0.665	0.588	0.921037150547483
Sorcs1	-0.298842043089521	0.241612142858115	1	0.321	0.261	0.391454688428875
Acox3	-0.298866200731945	0.117655997233034	1	0.118	0.159	0.215119881085765
Riox2	-0.298956099906597	0.929531208174183	1	0.231	0.214	0.961591432794248
Flrt1	-0.299280222968494	0.871855868945524	1	0.288	0.266	0.931954534870504
Cyp51	-0.299549816971828	0.217965448044791	1	0.825	0.776	0.359137335744869
Zbtb8a	-0.299557266310558	0.931304800530519	1	0.255	0.237	0.96205348090943
Gna13	-0.29973470106079	0.527704502509988	1	0.458	0.387	0.699275973732115
Cln5	-0.299780331521412	0.606619216593902	1	0.193	0.168	0.765066158731186
Osbpl1a	-0.299921310971759	0.77893486928116	1	0.679	0.609	0.883091340266681
Celf1	-0.300044214061255	0.170752738086367	1	0.792	0.739	0.294236902423475
Urod	-0.300118306408002	0.569097473313593	1	0.495	0.46	0.734796855877557
Cilp2	-0.30024435567983	0.604175752388948	1	0.165	0.173	0.762852855779584
Csnk1g1	-0.300266360408837	0.87116558140969	1	0.486	0.447	0.931737526668961
Ctc1	-0.300313262175071	0.867633708310899	1	0.425	0.377	0.929754618330631
Hey1	-0.300349881167395	0.516872389557508	1	0.269	0.232	0.691696874260783
Lingo2	-0.30044171145547	0.987161567910403	1	0.561	0.511	0.993879643227395
Snapc5	-0.30070742336334	0.108860876972135	1	0.689	0.638	0.201399538591396
Zfp113	-0.300805598872534	0.911080987896797	1	0.175	0.165	0.952986724157946
Rps6kb2	-0.301306104524654	0.333129763778319	1	0.458	0.379	0.506125498498677
Cd320	-0.301312978839353	0.720888175658081	1	0.538	0.495	0.844652084773934
Kdm6a	-0.301405622622542	0.694862392355622	1	0.34	0.303	0.828135511290672
Ivns1abp	-0.301411788270836	0.108059941185796	1	0.618	0.605	0.200427101103847
Ece1	-0.301438259175095	0.6175055311488	1	0.349	0.337	0.773519977074264
Arhgef1	-0.301448143106367	0.36126219965739	1	0.476	0.472	0.538380514535476
Tex9	-0.301465272618275	0.855075125365792	1	0.462	0.405	0.921304427133147
Dusp18	-0.301566630824473	0.80865380386622	1	0.274	0.246	0.900611885590935
Ptpre	-0.301690920908514	0.167072780622636	1	0.472	0.381	0.288562240316202
Ezh1	-0.301726276115807	0.838401946845025	1	0.33	0.302	0.914163680434116
Hnrnpu	-0.301876859801594	0.00148374434015374	1	0.976	0.943	0.00463259133509044
Rpl9-ps6	-0.302005824282462	0.953315139188824	1	0.193	0.184	0.975194503039059
Evi5	-0.302078520057814	0.629021218433236	1	0.618	0.553	0.781001899407724
Sfmbt1	-0.302111994280437	0.785889653517299	1	0.222	0.218	0.8867233337594
Wdfy1	-0.302460736679389	0.720519740781359	1	0.382	0.333	0.844652084773934
Crat	-0.30258707318781	0.339722371818732	1	0.358	0.286	0.5136404707872
Eps15	-0.302618184560495	0.909573490412656	1	0.712	0.644	0.952733070858545
Ipo11	-0.302658774921478	0.680542838011873	1	0.311	0.312	0.817553534570281
Lbr	-0.302817917790879	0.680545936743942	1	0.231	0.233	0.817553534570281
Abhd18	-0.302906550128772	0.411126881227748	1	0.354	0.308	0.59306546142761
Rnf40	-0.303253487434942	0.417125012073919	1	0.283	0.237	0.598751906913861
Plekha1	-0.303435251572265	0.27399805031635	1	0.585	0.554	0.433317698690014
Ncoa2	-0.303475765686242	0.996600923139217	1	0.509	0.464	0.998658598823607
Pecr	-0.303548196103283	0.678101931846786	1	0.146	0.151	0.815963977494976
Pde7a	-0.303567192891034	0.946834004051486	1	0.453	0.403	0.972436146178437
Ccdc181	-0.303856408683492	0.971472906537938	1	0.283	0.263	0.985556487269573
Sec24c	-0.304266880377426	0.736442845478777	1	0.406	0.354	0.856666404540958
Prkg2	-0.304724878536288	0.589248665724838	1	0.09	0.1	0.751485597630976
Ngly1	-0.30494453103023	0.927855407728521	1	0.476	0.418	0.961161235413017
Coasy	-0.305019504689259	0.761765868651402	1	0.434	0.4	0.872873377300452
Zscan26	-0.305127843458915	0.824443111860183	1	0.519	0.474	0.909134999696211
Mark3	-0.305131050543043	0.217588407577626	1	0.797	0.728	0.358801781956714
Eml5	-0.305187845640118	0.370782032212517	1	0.656	0.558	0.548822743715444
Gm5617	-0.305503246468116	0.652217033571743	1	0.245	0.222	0.798677881312412
Clcn7	-0.305618923332806	0.695610912976849	1	0.274	0.244	0.828135511290672
Zfp462	-0.305620243859171	0.511401018439267	1	0.561	0.477	0.687111549843962
Tra2b	-0.305752838058384	0.120626344608212	1	0.83	0.791	0.21944851030765
Arhgef3	-0.306015062381556	0.83627775927806	1	0.123	0.124	0.913510223279798
N4bp2l2	-0.306037130930712	0.814895600312047	1	0.675	0.588	0.904850944353144
Ints6	-0.306096732336352	0.189597224060827	1	0.5	0.395	0.32086814207582
Nudt15	-0.306104776976826	0.845769640809739	1	0.113	0.113	0.916250444210551
Senp6	-0.306320927434461	0.125014859590374	1	0.835	0.767	0.22630124603844
Ctr9	-0.306371130341412	0.710472073696736	1	0.59	0.537	0.838093198934982
Mettl21a	-0.306397530820421	0.570876864128807	1	0.283	0.239	0.735942849752244
Ptbp1	-0.306535351283147	0.594318166093235	1	0.368	0.315	0.755304553242726
Zfp277	-0.306613477569929	0.86950177280095	1	0.373	0.341	0.930194402055976
Rsad1	-0.306627561094002	0.745136786688734	1	0.203	0.182	0.862415867582509
Pde4a	-0.306627648844959	0.548486352611306	1	0.453	0.398	0.718049434924654
Epha4	-0.307253952528232	0.771952978443	1	0.302	0.296	0.878918574521079
Ankrd27	-0.307255382276953	0.824461884958681	1	0.193	0.176	0.909134999696211
Tctn1	-0.307332293860767	0.318065350721902	1	0.198	0.162	0.48833372652136
Acads	-0.30741716580456	0.848637147769897	1	0.387	0.356	0.91799085226818
Gsdme	-0.307532837146467	0.110009203345264	1	0.594	0.604	0.203265736130335
Sema3f	-0.307540871060578	0.468296054274015	1	0.127	0.107	0.64916444464262
Utp14a	-0.3075850470284	0.765756900361214	1	0.462	0.388	0.875379780365816
Scrt1	-0.307612679144341	0.985816000627393	1	0.297	0.282	0.992862414281866
Xpo4	-0.307689734536273	0.444409784264536	1	0.392	0.327	0.626187721828224
Slc25a20	-0.307851630612868	0.810207984892439	1	0.264	0.241	0.901193908329558
Wdpcp	-0.307853985116563	0.621282971412193	1	0.118	0.126	0.775408638182456
Gtf2i	-0.307933127821919	0.13541386775622	1	0.868	0.781	0.242115339483901
St7l	-0.308210233022852	0.335599917702911	1	0.481	0.386	0.508816536107711
Ing3	-0.308350914380437	0.599621716119842	1	0.344	0.297	0.760360460813735
Hus1	-0.30835970526155	0.630634994741892	1	0.151	0.133	0.781497124096804
Cxxc5	-0.308525011194629	0.0504665275238943	1	0.712	0.689	0.103833156959195
Lrrc42	-0.308635793880764	0.204707581283484	1	0.613	0.508	0.341805319207285
Ppp1r14c	-0.308752652318425	0.26603635255244	1	0.788	0.711	0.423023949016766
Sv2c	-0.309081507639659	0.343213291395606	1	0.358	0.299	0.517687936611011
Acaa1a	-0.309097708973673	0.0218527370583392	1	0.807	0.77	0.0500003661867841
Dram2	-0.309758704846664	0.611494358557988	1	0.505	0.466	0.769077845718771
Ybx3	-0.309916618332045	0.269885431808198	1	0.722	0.648	0.428068074565303
Akr7a5	-0.309975600750443	0.502871764780357	1	0.689	0.626	0.680255146658594
Tmcc2	-0.310080380972457	0.673034973993258	1	0.41	0.395	0.813408010238614
Leng1	-0.310155729660287	0.820723683666006	1	0.297	0.27	0.908494944311483
Sik1	-0.3102260105157	0.77142948423502	1	0.193	0.173	0.878918574521079
Sspn	-0.310271160786992	0.680203052400667	1	0.104	0.093	0.817553534570281
3110056K07Rik	-0.310480274725974	0.97460478957138	1	0.358	0.331	0.987491004603987
Meis2	-0.31058523740959	0.330030133999219	1	0.642	0.659	0.502464839772948
Smim20	-0.310599280425206	0.30965474150362	1	0.613	0.576	0.477603075878465
Fam184a	-0.310721612061903	0.658048402686306	1	0.434	0.381	0.803116910571049
Ccdc130	-0.3109800327064	0.935420189560012	1	0.25	0.238	0.964569260622788
Kmt2b	-0.311070583341659	0.43941651155831	1	0.401	0.344	0.621558070753465
Gabpb1	-0.31108037142682	0.825567908498955	1	0.321	0.286	0.909134999696211
Pex13	-0.311557029258838	0.179083597807583	1	0.731	0.675	0.305203728140274
Cd164	-0.311561891640527	0.477653634658966	1	0.288	0.245	0.657545249350887
Cdk4	-0.311569121488017	0.100782424905364	1	0.91	0.85	0.188772569462535
Cand2	-0.311872211064112	0.979201983106785	1	0.137	0.131	0.989166110594458
Ssr3	-0.311978898396126	0.152688544546858	1	0.849	0.765	0.268387751541519
Ccnl1	-0.312005906474238	0.723162184915694	1	0.642	0.57	0.845780042989326
Klhl15	-0.312100147201821	0.643837667025737	1	0.127	0.138	0.793085992546085
Rab9	-0.312257295048009	0.0148459692241452	1	0.849	0.766	0.0356499140027852
Derl2	-0.312945694231644	0.724450698418594	1	0.505	0.427	0.846549130736335
Nf1	-0.313098455079728	0.916625036549461	1	0.632	0.564	0.956478299008134
Epha8	-0.313145970064218	0.789482707163624	1	0.184	0.184	0.888549462739168
Zbtb44	-0.313219060945505	0.501976859734424	1	0.467	0.383	0.679254932874835
Mob1a	-0.313246186450297	0.495785569399712	1	0.17	0.144	0.674009140098955
Alkbh5	-0.313521186225961	0.980224655273779	1	0.594	0.512	0.989512663331608
Sptlc1	-0.313659793704183	0.493732807771618	1	0.354	0.35	0.671845764593903
Zfyve1	-0.313791825708408	0.824579178305784	1	0.278	0.256	0.909134999696211
Hdhd5	-0.313800850206552	0.481484957360438	1	0.212	0.184	0.660944781191199
Slc44a1	-0.314353201043047	0.509583039688657	1	0.222	0.231	0.68572357281579
Dbt	-0.314509036519925	0.825784635776218	1	0.241	0.221	0.909134999696211
Cc2d1b	-0.314589620122587	0.108329848370725	1	0.231	0.169	0.200757792394036
Dexi	-0.314633043209731	0.548777160145245	1	0.458	0.421	0.718112233527391
Rcor3	-0.314705626500142	0.71224361920804	1	0.566	0.49	0.839471162628365
Ncln	-0.31479287582533	0.395144207471897	1	0.505	0.48	0.575970604841616
Gls	-0.314839044056473	0.856352120750678	1	0.896	0.803	0.921998043736496
Bicd2	-0.315038409948143	0.993018876478157	1	0.396	0.367	0.997127920104963
Scp2	-0.315196158195738	0.0573822579423637	1	0.896	0.837	0.115825186086989
Nt5dc2	-0.315552777535561	0.241391152211643	1	0.703	0.632	0.391241763584584
Hspa1a	-0.315566038584047	0.286568577697783	1	0.429	0.377	0.449454774644135
Srek1	-0.315680617570121	0.0257870240124573	1	0.858	0.822	0.0579106707025699
Abca5	-0.31573004446052	0.63805021030874	1	0.632	0.535	0.78795683308696
Msrb1	-0.315849170122769	0.752090309141499	1	0.491	0.447	0.867017806896296
Xrcc5	-0.316323111616364	0.743777937570023	1	0.208	0.207	0.861756506977682
Arhgef2	-0.316417217894662	0.720523193798001	1	0.358	0.355	0.844652084773934
Zfp148	-0.316493316917767	0.0909569649537559	1	0.642	0.623	0.172196329489761
Bcat1	-0.316675246115016	0.140158926200623	1	0.679	0.538	0.249374415333736
Tsen54	-0.316689332210625	0.843864731239517	1	0.179	0.176	0.915697473650689
Adamts20	-0.316753530975332	0.165355958104523	1	0.137	0.102	0.28661699404784
2810459M11Rik	-0.317005513782656	0.526222494226776	1	0.094	0.104	0.698516122794333
Zfp146	-0.317009351136248	0.896156976403504	1	0.123	0.115	0.947111946027221
Abca7	-0.317053438996229	0.624191078132738	1	0.151	0.134	0.777712998084861
Cflar	-0.317109824978139	0.675843437841482	1	0.264	0.239	0.814351223214952
Pank3	-0.31715464145513	0.481328217405361	1	0.542	0.511	0.660937332168066
Fubp3	-0.317413649807314	0.621151597420714	1	0.481	0.446	0.775408638182456
Kif13b	-0.317622425054835	0.462769351253877	1	0.165	0.139	0.643340714919457
Xpo7	-0.317670747344635	0.478273613045966	1	0.472	0.4	0.658191286006547
Telo2	-0.317671672975611	0.871370832518935	1	0.528	0.485	0.931737526668961
Snd1	-0.31796984055299	0.458416972210874	1	0.519	0.485	0.639733333743482
Spata2	-0.318143995916376	0.213331249030978	1	0.274	0.213	0.353542483074558
Vps8	-0.318150258163593	0.994883146515791	1	0.311	0.294	0.998082127694298
Ankle2	-0.318238369275309	0.996883740569605	1	0.236	0.226	0.998712885047714
Dclk2	-0.318387183304168	0.832273596673267	1	0.627	0.532	0.912548245182878
B4galt4	-0.318405579138504	0.931879184461492	1	0.467	0.415	0.96205348090943
Tmed5	-0.318610959713385	0.721804356947857	1	0.623	0.552	0.845039247158467
Arhgef25	-0.318809624306467	0.535727963141425	1	0.524	0.485	0.706576825848651
Cpne2	-0.318836042064712	0.423662926524915	1	0.698	0.634	0.60466483521357
Srsf10	-0.319036805818174	0.0750692852743243	1	0.863	0.795	0.14579930550389
Rbms3	-0.319068732340164	0.80536240907315	1	0.755	0.655	0.899009200825842
Bambi	-0.319203329828097	0.85416162019863	1	0.189	0.185	0.921037150547483
Arrdc3	-0.31941086543284	0.414011872481456	1	0.321	0.329	0.595653444993083
Pex11a	-0.31990986551456	0.772867425335412	1	0.189	0.171	0.879365697802834
Cdk11b	-0.319934414460354	0.331881620573048	1	0.722	0.639	0.504580201414227
Rfc4	-0.320256951872028	0.350632389722728	1	0.255	0.277	0.525587604086779
Nktr	-0.320648332674099	0.14593127840687	1	0.953	0.908	0.257963506305628
Mettl23	-0.320667802098628	0.248266222101301	1	0.665	0.612	0.400009907096452
2810013P06Rik	-0.320678162494412	0.153867320530829	1	0.425	0.439	0.270133623825828
Fat3	-0.320772823544741	0.198520571027868	1	0.231	0.185	0.333514559326818
Zfp143	-0.321303293511585	0.82551648827164	1	0.113	0.104	0.909134999696211
1810037I17Rik	-0.321578676828343	0.0978872960851496	1	0.953	0.864	0.183657450137124
Wdr75	-0.321584963955595	0.905733307354964	1	0.425	0.372	0.950165190866058
Gnai2	-0.321822624302639	0.351811697700715	1	0.972	0.903	0.527174441014314
Nxt1	-0.321907747009329	0.926253292668456	1	0.425	0.388	0.960794035342043
Cmtr1	-0.322518317042605	0.795653983697243	1	0.462	0.403	0.892734806264977
H2bc4	-0.322625088521417	0.97626448903352	1	0.189	0.176	0.988069829690287
Vmac	-0.322645796369984	0.791678457386307	1	0.193	0.175	0.88987429281096
Tmtc4	-0.322658121388877	0.51276132540855	1	0.439	0.415	0.68801385090193
Aff2	-0.322659166414205	0.269809362432832	1	0.094	0.119	0.428068074565303
Ccdc9	-0.322717734659752	0.63093596211117	1	0.269	0.267	0.781497124096804
Pttg1ip	-0.323286046961506	1	1	0.557	0.493	1
Akr1e1	-0.323350279671535	0.928737540903189	1	0.509	0.448	0.961591432794248
Gpx7	-0.32355552669562	0.704897001117528	1	0.429	0.405	0.83396264920947
Insr	-0.323720292974021	0.115234879846563	1	0.425	0.325	0.211312323748862
Slc35e1	-0.323805857008011	0.607829386091708	1	0.212	0.186	0.765570576253916
Micall1	-0.323995689381718	0.87722647457829	1	0.316	0.286	0.934795130753348
Gm3752	-0.324173837862284	0.770521838210804	1	0.208	0.188	0.878757020706212
Krit1	-0.324366755516485	0.102458219345821	1	0.858	0.812	0.191173644640131
Mpdu1	-0.324652974313249	0.121365226638077	1	0.75	0.719	0.220517183841564
Slc17a5	-0.32490430465116	0.86925549401807	1	0.302	0.276	0.930158745191311
Plpp6	-0.325109510719004	0.676388790710587	1	0.255	0.23	0.814351223214952
Syn3	-0.325219031472885	0.422367842172938	1	0.269	0.23	0.603785166343716
Phc2	-0.325242784472333	0.298809601118046	1	0.608	0.557	0.465312063345321
Rtn4rl1	-0.325372600618639	0.846457148439899	1	0.189	0.189	0.916767871159306
Parp2	-0.325397600478805	0.507205999242957	1	0.42	0.409	0.684053274514839
Grhpr	-0.325417089685151	0.911087494717465	1	0.429	0.379	0.952986724157946
Ubn2	-0.325513055634248	0.0436752828948656	1	0.863	0.811	0.0915859988885133
Hsd17b10	-0.325543251552818	0.222364975144286	1	0.693	0.656	0.365273547468879
Rsbn1l	-0.325582900877171	0.829230943547562	1	0.509	0.47	0.911421934359269
Txlna	-0.325603720665928	0.602536175515232	1	0.335	0.327	0.762421209342564
Znrf3	-0.325728648156488	0.886557503716733	1	0.132	0.123	0.941751745193262
Btg1	-0.325759468717134	0.323952319437683	1	0.811	0.737	0.49545648855175
Hsd17b4	-0.325918648185292	0.219853551630386	1	0.608	0.576	0.361948973904447
Snx13	-0.325960152451351	0.442192450157842	1	0.363	0.304	0.624111970114461
Hif1an	-0.326060525642291	0.936557972462243	1	0.307	0.284	0.965286744623661
Elmod3	-0.326262298460647	0.989362333177936	1	0.208	0.197	0.995286658526307
Cdk5rap3	-0.326540885482613	0.353237168774164	1	0.665	0.602	0.528947532809582
Insig1	-0.326554110573741	0.176808720904347	1	0.665	0.643	0.302388603332102
Ercc6l2	-0.326733095161718	0.982076403956459	1	0.245	0.233	0.990636763421556
Ppat	-0.326752262859818	0.987859585987703	1	0.241	0.227	0.994003840496265
Cuedc1	-0.326775890732502	0.214097621639826	1	0.821	0.755	0.354637243580872
Cep135	-0.326939694091657	0.526285842517433	1	0.104	0.087	0.698516122794333
Kri1	-0.327119422409946	0.684777959807718	1	0.222	0.196	0.820301682290566
Tipin	-0.327267339878232	0.272421650796067	1	0.557	0.523	0.431136873433775
Nxt2	-0.327317758028306	0.487564294487451	1	0.401	0.381	0.666149777391675
Tut7	-0.327521550126114	0.472104100184363	1	0.476	0.389	0.652579338482689
Tbc1d12	-0.327524836661247	0.0728563734348476	1	0.434	0.451	0.142196889706619
Nr4a1	-0.327623136695408	0.561590413032341	1	0.349	0.304	0.72910712600148
Nos1ap	-0.327865040828956	0.600033182401289	1	0.307	0.27	0.760360460813735
Clcc1	-0.327924333595659	0.474081116219498	1	0.358	0.35	0.653657296605672
Zkscan1	-0.328179375288439	0.564576614262791	1	0.476	0.437	0.731988913950689
Nup188	-0.328461906850111	0.511184232758896	1	0.222	0.189	0.687111549843962
Fbxo8	-0.328507515862418	0.954665620829399	1	0.495	0.439	0.976054011110738
Zfp687	-0.32869027708003	0.360349089455067	1	0.292	0.244	0.537386419508273
Cnep1r1	-0.32912551276274	0.919180256245932	1	0.505	0.443	0.957315059437824
Aldh2	-0.329247256833451	0.77674318974041	1	0.642	0.601	0.881583250239602
Chuk	-0.32965623215032	0.791997194561964	1	0.66	0.59	0.889950180575351
Ndc1	-0.329661405061685	0.575492970740753	1	0.236	0.202	0.739310503417182
Rrnad1	-0.329661754298311	0.823029924852299	1	0.392	0.367	0.908974642668734
Hdx	-0.329740912535792	0.131631593160795	1	0.179	0.134	0.236709262629211
E2f5	-0.329771011250746	0.711210372805231	1	0.321	0.285	0.838705968794074
Baz1b	-0.330084991992428	0.843018113892317	1	0.59	0.499	0.915697473650689
Xrn1	-0.330280547364518	0.423158252310766	1	0.594	0.498	0.604235124581048
Jmjd7	-0.330487372525434	0.922258406618261	1	0.259	0.238	0.958692222776907
Cenpm	-0.330489712200668	0.598806608993734	1	0.151	0.134	0.759903331808434
Qsox2	-0.330522163664113	0.914494173938547	1	0.292	0.264	0.954939170873433
Sdcbp	-0.330656823964835	0.122835836370485	1	0.774	0.73	0.222725999695425
Gm12371	-0.330931324130025	0.653741908316601	1	0.203	0.182	0.800320811526602
Tstd2	-0.330942010618462	0.839585645624887	1	0.179	0.165	0.914981074854558
Hoxaas2	-0.33110074866451	0.759723185014773	1	0.16	0.146	0.872134263375697
Sorl1	-0.331314958116534	0.306368958986137	1	0.533	0.444	0.473743652564879
Entrep2	-0.331607235286216	0.592574694772493	1	0.165	0.175	0.754017924256096
Dyrk1b	-0.331785258064116	0.951306882041756	1	0.156	0.152	0.97405261621153
Nxnl2	-0.331804947757507	0.78215211771404	1	0.236	0.215	0.884732688312782
Mtm1	-0.331904531113248	0.345619554414078	1	0.226	0.186	0.520274893082333
Ccdc51	-0.331982024127986	0.684385208677024	1	0.127	0.133	0.820135690398145
Slc12a9	-0.332073167780207	0.452268411214236	1	0.443	0.378	0.63317577569993
Amer2	-0.332222083322858	0.401243506414755	1	0.689	0.621	0.584015873382089
Lynx1	-0.332275349800481	0.490869943261128	1	0.142	0.159	0.669409900769468
Firre	-0.332359097868678	0.895575489896162	1	0.292	0.267	0.947111946027221
Usp53	-0.332366272395057	0.48132680939013	1	0.335	0.287	0.660937332168066
Rpl22	-0.332450806721859	7.91765409686918e-08	0.00181393455359273	0.986	0.939	9.22248349203322e-07
Gm57315	-0.332513092815232	0.373259724148702	1	0.184	0.15	0.551929070779123
Rbm25	-0.332532019720713	0.00379673613897842	1	0.962	0.921	0.010651344544032
Cfap45	-0.332561202448446	0.0446725802576025	1	0.146	0.097	0.0934977626091076
Slc35d1	-0.332706835249253	0.407822699745993	1	0.236	0.198	0.589857467712085
Pacrg	-0.332994247487703	0.936960386305701	1	0.542	0.487	0.965473688932131
Fam135a	-0.333007783228744	0.842450730208118	1	0.439	0.389	0.915558126862191
Ercc6	-0.333022075780006	0.348842259968894	1	0.17	0.139	0.523623021149185
Sc5d	-0.333180523345768	0.269894568991036	1	0.717	0.657	0.428068074565303
Snap23	-0.333292003232139	0.194722929561667	1	0.151	0.182	0.328270843815268
Tank	-0.333398024815152	0.676944428175977	1	0.401	0.337	0.814795608231652
Gm56860	-0.333447614707344	0.600489024044161	1	0.118	0.127	0.760491753269033
Mllt10	-0.333551996665858	0.78455501600017	1	0.443	0.412	0.886091385568196
Nsmf	-0.333679771650358	0.549141889697533	1	0.656	0.578	0.718344845254289
Stk3	-0.333952302596885	0.473188838005897	1	0.245	0.209	0.653251847158583
Sympk	-0.334021167162556	0.867813548290747	1	0.547	0.472	0.929754618330631
Riiad1	-0.334089548297693	0.0799185512274457	1	0.302	0.23	0.153713884527293
Epha3	-0.334266886428887	0.662315598319304	1	0.165	0.15	0.805623651756814
Prkx	-0.334369453798239	0.713543562620899	1	0.241	0.239	0.840323074016739
Pnisr	-0.334501996243379	0.0153355083260199	1	0.986	0.965	0.0366241117375915
Tgfbrap1	-0.334553375658762	0.896461086882584	1	0.307	0.285	0.947204167272164
Gm4258	-0.334643678317233	0.933246675807305	1	0.283	0.267	0.963010035418453
Uty	-0.334727164914168	0.321435183806369	1	0.231	0.189	0.492296242239208
Ccng1	-0.334849859946681	0.566629299207899	1	0.189	0.197	0.733127007979889
Skic2	-0.335011046037071	0.625786528193199	1	0.368	0.356	0.778978499614675
Nfat5	-0.335422750206601	0.898339306789287	1	0.585	0.535	0.948042061380915
Aco1	-0.335850730087811	0.969630145922436	1	0.325	0.297	0.985422167842997
Uhrf2	-0.33594628578801	0.567786626716256	1	0.689	0.641	0.734406865708204
Tspan33	-0.336108018813322	0.90075511816596	1	0.538	0.464	0.948923682833423
Rif1	-0.336254991512971	0.970908874742217	1	0.514	0.444	0.985467870135772
Rpp40	-0.336431947121273	0.841088813478636	1	0.142	0.143	0.915493630021102
Yif1a	-0.336462989755233	0.911875693664669	1	0.552	0.49	0.953572666968464
Rbm6	-0.336491968886393	0.984236753950739	1	0.712	0.591	0.992173330262349
Kctd18	-0.337388898271019	0.761598701821004	1	0.33	0.288	0.872873377300452
Pard6g	-0.337753148976348	0.668204675358757	1	0.373	0.349	0.81030483674821
Susd6	-0.33780627216339	0.807858192118458	1	0.151	0.138	0.900284808745189
Zfp760	-0.338022624319293	0.519624543771443	1	0.146	0.16	0.694604108218547
Spa17	-0.338193736311522	0.0659135163162812	1	0.245	0.18	0.130473059193551
Cdkn2aip	-0.338363564051954	0.843999005635107	1	0.358	0.334	0.915697473650689
Dennd1a	-0.338410116897505	0.539455231626046	1	0.519	0.443	0.70991773644927
Hars2	-0.338465976940041	0.748748328385028	1	0.406	0.361	0.864762744152776
Ccs	-0.338495812529628	0.407557000217255	1	0.58	0.536	0.589857467712085
Pacc1	-0.338667707370733	0.946629887523462	1	0.25	0.237	0.972436146178437
Zfp729a	-0.339533552060083	0.89431721372477	1	0.104	0.103	0.946370609096312
Cnot1	-0.339589395590265	0.471022673996561	1	0.599	0.54	0.651496846110506
Aup1	-0.339677787788893	0.736874098670254	1	0.486	0.422	0.856794743833954
Scaf8	-0.340028373560806	0.667173484246594	1	0.354	0.316	0.809503827552534
Nudt13	-0.340034193038425	0.89437222398113	1	0.217	0.207	0.946370609096312
Slitrk2	-0.340452139998474	0.561272513576096	1	0.259	0.224	0.729003371781262
Qars	-0.340480026386012	0.326090021710339	1	0.505	0.475	0.497883538079732
Stmp1	-0.340509870421008	0.0950190149472859	1	0.731	0.714	0.179052224887724
Lifr	-0.34053336816039	0.0779695412589827	1	0.222	0.163	0.150495340795067
Snx14	-0.340964377458597	0.603027031496814	1	0.509	0.473	0.762821336107178
Elovl2	-0.341007216299489	0.881278451701885	1	0.208	0.193	0.937968878419551
Cebpz	-0.341286071404546	0.90269495028628	1	0.524	0.476	0.949428188555817
Gm42303	-0.341313351427766	0.885560362900553	1	0.151	0.149	0.941065082772368
Gatad2a	-0.34150899662361	0.761129827607617	1	0.368	0.322	0.872627287790092
Prkcd	-0.341582810878416	0.689676686636401	1	0.156	0.163	0.824712825724758
R3hdm1	-0.3416460785325	0.201740895078554	1	0.849	0.788	0.337367622397826
Clip2	-0.34175247777502	0.444259496715109	1	0.443	0.432	0.626177954711712
Srsf6	-0.341771472948665	0.051352448654032	1	0.934	0.871	0.105358147355947
Macf1	-0.341792751356703	0.00141768010927737	1	0.948	0.903	0.00444538888537224
Angel2	-0.341969605439273	0.331114198364083	1	0.627	0.591	0.503939657998019
Mtarc2	-0.342169845012741	0.0389715396312046	1	0.764	0.739	0.0833224107239851
Zbtb25	-0.342208954563081	0.852154328190875	1	0.241	0.218	0.919972838738937
Ifrd1	-0.342633681384946	0.325863848781314	1	0.585	0.538	0.497857044937664
Arhgap17	-0.342660793028884	0.59288977473511	1	0.349	0.335	0.754087544134304
Pcyt1a	-0.342735490345013	0.675995670415387	1	0.321	0.314	0.814351223214952
Tert	-0.342745706705419	0.646506337608409	1	0.113	0.1	0.794804301343521
Gnpda2	-0.342808821926332	0.334043311122029	1	0.59	0.546	0.506984427720995
Zfp46	-0.342917125306292	0.80895182196971	1	0.259	0.251	0.900714136722839
Phldb1	-0.343193801350408	0.860886052786529	1	0.368	0.342	0.925238554806316
Nphp3	-0.343280564397511	0.418980168772114	1	0.151	0.165	0.600607722803032
Ret	-0.343766501143784	0.495966194276173	1	0.132	0.147	0.674044908711364
Nr3c1	-0.343892590893708	0.21791147169451	1	0.42	0.326	0.359137335744869
Cpne3	-0.343919670077302	0.803325390053687	1	0.217	0.216	0.897193889990925
Dnph1	-0.343987540026021	0.904326616502279	1	0.151	0.142	0.949771257725885
Med7	-0.344133055637252	0.398152103936566	1	0.547	0.505	0.57970946333164
Calcoco1	-0.344168335592489	0.501839552726294	1	0.396	0.34	0.679254932874835
Intu	-0.344352351350929	0.897489148213571	1	0.108	0.102	0.947602755474228
Kalrn	-0.344470213578668	0.788016527424524	1	0.542	0.482	0.887585402730872
Nhlrc2	-0.344500922645302	0.981655908114681	1	0.283	0.264	0.990499655034633
Smarcd2	-0.344520917246638	0.318770526669166	1	0.146	0.117	0.489072588862282
Sumf2	-0.34453717712961	0.931011700813999	1	0.434	0.393	0.96205348090943
Zfp212	-0.344766962814852	0.921570930905975	1	0.292	0.274	0.958692222776907
Ncapd3	-0.344975901283921	0.501117660884227	1	0.297	0.305	0.678933605068953
Pcdh15	-0.345020717506305	0.265251013433574	1	0.575	0.464	0.422082486950037
Rdm1	-0.345066764994211	0.31767740805522	1	0.09	0.111	0.488081223491102
Tab1	-0.345164522869642	0.887257777968648	1	0.33	0.305	0.942266465880636
Adamtsl1	-0.345181903707159	0.568440838573696	1	0.127	0.109	0.734719718374837
Zfyve26	-0.345286614007193	0.83633868656042	1	0.259	0.237	0.913510223279798
Lhpp	-0.345293898403565	0.854616202190693	1	0.415	0.36	0.921037150547483
Uba6	-0.345405706295405	0.726716646455464	1	0.509	0.438	0.84874286409558
Spns2	-0.345558529999403	0.847954219593986	1	0.226	0.219	0.917928618350071
Tob2	-0.345590715556889	0.358135746912773	1	0.259	0.278	0.53463326811859
2610037D02Rik	-0.345611182466666	0.618198964536717	1	0.311	0.311	0.774130215855619
Atp11c	-0.345828158460075	0.375521681606198	1	0.231	0.193	0.554335486737369
Cep70	-0.345828395145879	0.662241234236929	1	0.297	0.291	0.805623651756814
Ankrd28	-0.345894573741049	0.219920461708425	1	0.311	0.327	0.361948973904447
Hbs1l	-0.346010683216638	0.161210008842217	1	0.594	0.562	0.280432225656233
Dhfr	-0.346271387842888	0.673825618830014	1	0.175	0.178	0.813408010238614
Utp20	-0.346335926353234	0.507268448432264	1	0.151	0.128	0.684053274514839
Ep400	-0.346380640919384	0.728245384560606	1	0.594	0.528	0.849846604264153
Ogt	-0.346429379404611	0.0546479873780703	1	0.958	0.922	0.110972760979736
Lins1	-0.346531432427961	0.519680912467539	1	0.151	0.127	0.694604108218547
Cplx2	-0.346549105575665	0.459318735496052	1	0.533	0.507	0.64058245103664
Zc3h3	-0.346563756642221	0.681051387081839	1	0.236	0.207	0.817710956232401
Vamp3	-0.346820302267279	0.63035978531284	1	0.542	0.494	0.781497124096804
Bok	-0.347473756925558	0.411624637074627	1	0.538	0.494	0.593314883752052
Nf2	-0.347492857655681	0.671751826288807	1	0.283	0.282	0.812576011417754
Phf12	-0.347540875326759	0.984677515267235	1	0.382	0.35	0.992173330262349
Cd83	-0.347565147244313	3.41193227117277e-05	0.781673683325682	0.552	0.376	0.000175746700005692
Gm37529	-0.347709557017601	0.786998865638006	1	0.203	0.186	0.886896554465122
Klhl32	-0.3477698518176	0.82208383698706	1	0.514	0.447	0.90861897772254
Gnasas1	-0.348156888744367	0.525310190183886	1	0.104	0.087	0.697857332945016
Pak2	-0.348484538004503	0.0637802370397162	1	0.613	0.608	0.126979068090009
Erbin	-0.348567692310854	0.972697578025524	1	0.321	0.297	0.986016017826756
Zfp869	-0.348899133320282	0.783587460401343	1	0.325	0.309	0.886017957079917
Kctd1	-0.34892429878688	0.779267132171944	1	0.349	0.318	0.883091340266681
Vars2	-0.348982110701243	0.706956867315123	1	0.17	0.152	0.835720594433682
D2hgdh	-0.349033760632253	0.314335716786426	1	0.208	0.168	0.483861921031059
Sppl2a	-0.349355024900448	0.99655652309684	1	0.443	0.401	0.998658598823607
B230334C09Rik	-0.349675933497889	0.746035909904336	1	0.443	0.409	0.863227776016461
Nkain3	-0.34980429607748	0.405839354890135	1	0.406	0.392	0.588951664177503
Acsl1	-0.349832081849989	0.354201746564741	1	0.476	0.4	0.53021015387073
Fam78b	-0.34996870129486	0.786971436699727	1	0.203	0.185	0.886896554465122
Agpat3	-0.34999398295193	0.698318022207262	1	0.783	0.668	0.829697677292877
Arhgap21	-0.350087821019417	0.492468351459316	1	0.481	0.479	0.670542942386002
Plxna3	-0.350130734554138	0.329872706198764	1	0.429	0.362	0.502429400503777
Ralgapb	-0.35026623703372	0.968659112574437	1	0.396	0.359	0.984847383037545
Rmnd5a	-0.350550678476443	0.795995011256153	1	0.434	0.398	0.892785506580788
Lsm14a	-0.350918338370331	0.924362841801437	1	0.557	0.475	0.960194267060327
Kcng2	-0.350959208588189	0.651041541291695	1	0.137	0.142	0.797461988884499
Med15	-0.350993001821531	0.43248128789739	1	0.481	0.464	0.614107127039904
Tsbp1	-0.351096017255483	0.721086910284341	1	0.113	0.102	0.844652084773934
Ccnl2	-0.352079147375239	0.108566802091143	1	0.873	0.824	0.200940589633098
Zbtb10	-0.352092916329727	0.65098716573008	1	0.212	0.214	0.797461988884499
Smad7	-0.352112134555631	0.874394308036635	1	0.288	0.264	0.933143009407286
Naa16	-0.352420568363153	0.441532778680359	1	0.245	0.209	0.623743589028398
Msh3	-0.352542354755518	0.831559243273817	1	0.41	0.383	0.912396577397647
Cdr2l	-0.352789575661407	0.842615309062731	1	0.274	0.245	0.915558126862191
Smg9	-0.352977812335822	0.556600277263064	1	0.453	0.415	0.724658721634892
Faim	-0.35298864294237	0.000852574335192374	1	0.821	0.77	0.0028514890475653
Usp45	-0.353201861009766	0.211196014853598	1	0.222	0.173	0.350762050524911
S100a1	-0.35326585376043	0.000874447002587494	1	0.208	0.317	0.00290660013785224
Tdp1	-0.353272800144039	0.572057285839275	1	0.344	0.335	0.736441563379297
Nvl	-0.35337385539842	0.632394722436812	1	0.547	0.51	0.782743028507791
Cd151	-0.353664981643557	0.776799274746773	1	0.358	0.326	0.881583250239602
Zfp524	-0.353716103099275	0.628753838152031	1	0.099	0.107	0.781001899407724
Smc2	-0.353768239055505	0.109101112698053	1	0.236	0.278	0.201758535251945
Plekha7	-0.353843600144997	0.692380286586211	1	0.17	0.176	0.826370406259856
Clcn5	-0.354075567582677	0.821470167512971	1	0.377	0.347	0.908552647543094
Rgl2	-0.35412386384868	0.837715935301953	1	0.476	0.422	0.914163680434116
Fbxw5	-0.354139161173884	0.146575609711446	1	0.58	0.57	0.258997679295953
Etfa	-0.354359917519847	0.44918654876581	1	0.717	0.633	0.630502335322442
Sirt4	-0.354458815888413	0.807919411353708	1	0.226	0.206	0.900284808745189
Slc20a1	-0.354526816490698	0.722501138731537	1	0.472	0.431	0.845401814620775
Caprin2	-0.354607673264223	0.449204044762692	1	0.203	0.172	0.630502335322442
Hmbs	-0.354906242688104	0.235651216983517	1	0.524	0.507	0.383361085953073
Timm8a1	-0.355092090034197	0.385231964724208	1	0.491	0.468	0.565421109514563
Mettl14	-0.355121442012346	0.696069412798418	1	0.175	0.156	0.828135511290672
Zfp958	-0.355838368720951	0.887849696106964	1	0.132	0.13	0.942436809865181
Atp1b2	-0.356135752339399	0.898108261916289	1	0.892	0.813	0.948027280824155
L3mbtl3	-0.356170967305394	0.83596579963518	1	0.335	0.301	0.913510223279798
Jmjd1c	-0.356191872090685	0.571048637691407	1	0.618	0.562	0.735942849752244
Rfx1	-0.356668225197429	0.90323088953265	1	0.245	0.231	0.949428188555817
Rap1a	-0.356867450432761	0.00781226282540149	1	0.887	0.822	0.0201928661443981
Mppe1	-0.356922037732512	0.927874292625618	1	0.151	0.142	0.961161235413017
Septin1	-0.357105117517314	0.844306624824795	1	0.212	0.194	0.915697473650689
Suz12	-0.357461745243095	0.937645247098846	1	0.486	0.434	0.965723753673134
Grip1	-0.357606945545227	0.56500763236911	1	0.476	0.458	0.732330367414918
Pan3	-0.357742139132147	0.54771241591526	1	0.514	0.483	0.71779412922828
Isg20l2	-0.357810131158419	0.461056748174472	1	0.137	0.152	0.642186184957301
Chchd5	-0.357940666846824	0.965353874745481	1	0.363	0.322	0.982905763377217
Mcl1	-0.358060174151199	0.4934121271283	1	0.646	0.587	0.6716186261441
Gramd4	-0.358219120871263	0.348541601993047	1	0.269	0.223	0.523412391349031
Fen1	-0.358570210492459	0.506922943852709	1	0.226	0.194	0.684040598933776
Lurap1	-0.3586676105509	0.962111297326598	1	0.123	0.119	0.980289747311075
Stxbp4	-0.359041268244562	0.832218484842324	1	0.212	0.195	0.912548245182878
1700019D03Rik	-0.359458762381843	0.568604481719727	1	0.142	0.152	0.734719718374837
Gpr137c	-0.359609684422601	0.688812840390762	1	0.472	0.434	0.824310818308726
Gm54109	-0.359831896145384	0.453611177993757	1	0.198	0.167	0.634648823022655
Polrmt	-0.359833568843083	0.558838997728908	1	0.212	0.184	0.726923389541355
Mpp7	-0.359874615041471	0.722467062322297	1	0.34	0.328	0.845401814620775
Wdcp	-0.360039165910597	0.661327030376239	1	0.297	0.261	0.805318223775694
Ap4e1	-0.36018761550731	0.676269261744359	1	0.165	0.148	0.814351223214952
Idi1	-0.360190445400488	0.100996984887236	1	0.774	0.715	0.189012352179711
Hnrnpf	-0.360219663585537	0.00310427526856224	1	0.934	0.885	0.00889729289572169
Manba	-0.360468539772932	0.750586402566729	1	0.113	0.101	0.86596973227984
Grn	-0.360703714588353	0.909712370622132	1	0.693	0.599	0.952733070858545
Akt2	-0.360798315492779	0.446737137150566	1	0.321	0.334	0.628453402600217
Siva1	-0.360836250202301	0.350067761557242	1	0.613	0.572	0.524921380872652
1110038B12Rik	-0.360973946567796	0.155602568362379	1	0.684	0.655	0.272195441973116
Col26a1	-0.361055462293923	0.639118929626723	1	0.264	0.263	0.788830597516114
Mtrf1	-0.361369215285895	0.948833695923517	1	0.217	0.199	0.973185254445924
Pdss1	-0.361612232277513	0.41841419352133	1	0.259	0.218	0.600207946568528
2510009E07Rik	-0.3616722564023	0.692425752497956	1	0.467	0.432	0.826370406259856
Whrn	-0.361713565731488	0.931618057299026	1	0.127	0.125	0.96205348090943
Epb41	-0.36188025179163	0.688067953588162	1	0.373	0.325	0.82364505926914
Lrwd1	-0.361945776530194	0.368272470250502	1	0.269	0.289	0.546033316379563
Zfp704	-0.36196068481946	0.131159999472972	1	0.778	0.697	0.236048037629406
Atf1	-0.361974302110411	0.828179763237415	1	0.288	0.264	0.910747534194619
Cep95	-0.362280102527458	0.843572850686836	1	0.151	0.15	0.915697473650689
Jam3	-0.362283626804283	0.824554839586254	1	0.627	0.549	0.909134999696211
Josd2	-0.36237051295342	0.402629292574614	1	0.462	0.446	0.585837691527619
Leng8	-0.362516013859237	0.460631793156459	1	0.896	0.844	0.641798938598856
Commd6	-0.362583656724781	0.118724684955163	1	0.712	0.657	0.216711000369475
Dcps	-0.362780583105289	0.154967745352692	1	0.637	0.606	0.271411031154996
Zbed4	-0.362809619155638	0.853311052480448	1	0.165	0.151	0.920539065753173
Yes1	-0.362824260466849	0.84156834253246	1	0.274	0.264	0.915541376189288
Lactb	-0.362943848098004	0.530590183429665	1	0.472	0.442	0.701670578631782
Spen	-0.363015810778076	0.697534496135843	1	0.528	0.498	0.82906957255003
Sec63	-0.363046341778084	0.5771983277015	1	0.519	0.476	0.740658723678071
Rpf1	-0.363392262752422	0.892729277214573	1	0.415	0.371	0.945319147363213
Ikbkb	-0.36342604632747	0.93061185907297	1	0.42	0.385	0.961881826888484
Sox10	-0.363644916632304	0.0713400121625429	1	0.175	0.228	0.139674214758399
Pgpep1	-0.363735452645071	0.412071681979721	1	0.458	0.447	0.593448436164663
Nr2c2	-0.363827988749994	0.956034048113164	1	0.533	0.476	0.976679763735224
Fchsd2	-0.363861155434601	0.700978344069812	1	0.75	0.672	0.831172304980559
Fut11	-0.36404346582231	0.515576587188599	1	0.33	0.275	0.690385816321214
Tmem121b	-0.364153430733273	0.849646800115453	1	0.113	0.104	0.918564881976147
Hsd17b11	-0.364176792529812	0.448155703548945	1	0.255	0.264	0.629924066253298
Mks1	-0.364594556037608	0.690544914971939	1	0.151	0.156	0.825027403883323
Stx3	-0.365123807763361	0.875860168233768	1	0.472	0.414	0.93379478028926
Dscaml1	-0.365457498062799	0.0538357508254855	1	0.269	0.32	0.109629165317352
Mier1	-0.365492994814912	0.66079304463169	1	0.637	0.576	0.805318223775694
D630045J12Rik	-0.36551265041001	0.840513518344158	1	0.377	0.349	0.915177369982846
Stk4	-0.365609903820436	0.889354742358553	1	0.241	0.22	0.943188247028969
Mmp15	-0.365670619985287	0.385836134036916	1	0.325	0.333	0.56592754649874
Thada	-0.365912425583474	0.412026459242699	1	0.132	0.108	0.593448436164663
Tbc1d10a	-0.365956180538826	0.707970448278925	1	0.396	0.342	0.836692347966003
Gm5577	-0.366022068519115	0.361880641566017	1	0.203	0.169	0.539118227271611
Adal	-0.366119229385651	0.968311390305396	1	0.222	0.21	0.984769302177874
Clk4	-0.366458738913649	0.254922381561498	1	0.726	0.651	0.409074563798907
Fnbp1	-0.366549038983022	0.312190489636466	1	0.505	0.426	0.48134417886766
Spopl	-0.366828064405321	0.619775790835028	1	0.335	0.329	0.774808429984946
Dph2	-0.366935152711256	0.92003019078443	1	0.132	0.129	0.957971841083765
Paxbp1	-0.367279723905706	0.905187657433431	1	0.505	0.443	0.950165190866058
8030462N17Rik	-0.367366335796486	0.858419840196656	1	0.316	0.301	0.92376887459448
Cep41	-0.367633388405246	0.486560208948662	1	0.118	0.129	0.665610708640073
Iqgap1	-0.367759580906279	0.0689797408420151	1	0.311	0.357	0.135783464622768
Wsb1	-0.367908246492077	0.0506587960209439	1	0.84	0.803	0.104130645185639
Cep57l1	-0.368328295706408	0.451563573286735	1	0.212	0.224	0.63239169224638
Ptprm	-0.368472969750917	0.514727770645248	1	0.321	0.275	0.689672055882958
Zfand3	-0.368503232413042	0.30440912232836	1	0.472	0.457	0.472012441011813
Atp7a	-0.368593995780929	0.9101422605446	1	0.104	0.098	0.952900621778239
Ifngr1	-0.368725051232273	0.82110335494564	1	0.358	0.333	0.908527918959418
Sh3kbp1	-0.368828970796773	0.768605730735807	1	0.524	0.462	0.877258905632089
Papss1	-0.369045973807872	0.00721276538293452	1	0.934	0.864	0.0188881050315695
Tet3	-0.369345665182389	0.917503529775546	1	0.519	0.452	0.956683453130015
Grin3a	-0.369404508560242	0.838280998764685	1	0.703	0.608	0.914163680434116
Nadk	-0.36953309695119	0.54841776583039	1	0.429	0.407	0.718049434924654
Krba1	-0.369854657048754	0.537186273615379	1	0.358	0.306	0.708035498838859
Ppp1r16b	-0.369943850278125	0.0785951113540955	1	0.528	0.409	0.151635797877513
Nyap2	-0.369979786929234	0.598395992593486	1	0.467	0.444	0.759688732228456
Pcsk7	-0.370026557962667	0.665706536460582	1	0.297	0.262	0.807948361005786
Mgat5	-0.370139652850834	0.961467683062676	1	0.495	0.441	0.979994994608314
Gm33989	-0.370161418906764	0.388343293867129	1	0.231	0.243	0.56817772769675
Nrbp2	-0.370225166654391	0.720877999654572	1	0.778	0.658	0.844652084773934
Jpx	-0.370310721352633	0.645510113315988	1	0.264	0.233	0.794473985619678
Dis3l	-0.370422356645882	0.741260123726219	1	0.255	0.225	0.86038596556998
Mthfsd	-0.370511379401254	0.498285241816529	1	0.349	0.299	0.676775477691106
Mfsd14b	-0.370576657527878	0.938119484425443	1	0.335	0.31	0.965828133477349
Sowahc	-0.370639505010701	0.294345343550032	1	0.33	0.343	0.459342786933384
Bphl	-0.370647898506247	0.771976694108768	1	0.575	0.51	0.878918574521079
Dock4	-0.370685486812696	0.803066448170838	1	0.665	0.592	0.897193889990925
2010315B03Rik	-0.370984570872431	0.885695639944415	1	0.189	0.176	0.941065082772368
Otud5	-0.371188160963691	0.679623110556327	1	0.377	0.352	0.817119115582173
Fat1	-0.371495304326949	0.278860815492557	1	0.283	0.299	0.43947817815054
St8sia6	-0.371676987909674	0.79875392202511	1	0.292	0.258	0.894926064688934
Rhoa	-0.371784427171775	0.000144982014387897	1	0.967	0.922	0.00061059325844525
Bckdha	-0.371786431584265	0.535099913189263	1	0.354	0.35	0.706351290665065
Stat1	-0.371948002762667	0.708514232701272	1	0.113	0.102	0.837065073479672
Arhgap35	-0.372198940864027	0.699895432411086	1	0.656	0.564	0.830745448035767
Gm57446	-0.372277597276084	0.655433536131727	1	0.25	0.222	0.801268873726107
Ago1	-0.372594709879311	0.807356508204634	1	0.453	0.415	0.900284808745189
Nsmaf	-0.372882280306719	0.511336493259136	1	0.392	0.322	0.687111549843962
Gm57027	-0.372906954072652	0.818595856254187	1	0.123	0.113	0.907059030978764
Epn2	-0.373036180171886	0.71330228915591	1	0.745	0.66	0.840265479782366
Prcp	-0.373184710459944	0.824661301253811	1	0.34	0.299	0.909134999696211
Irf2	-0.373416519306738	0.480875179144529	1	0.373	0.315	0.660745398935562
Kif21b	-0.373646216363365	0.461447504650351	1	0.585	0.536	0.642342591614816
Gm17066	-0.373691933826696	0.689893095693503	1	0.137	0.123	0.824712825724758
Gabrb1	-0.373850213500205	0.540979270916918	1	0.736	0.644	0.711028396823963
Homer3	-0.373978593899103	0.833403634277248	1	0.113	0.115	0.912815214273576
Fgfrl1	-0.374187495470943	0.112026708071437	1	0.179	0.221	0.206556631851429
Fzd3	-0.37432686610651	0.35791040762374	1	0.627	0.572	0.53460630123665
Il11ra1	-0.374543693983598	0.634594141955756	1	0.41	0.362	0.785020450881547
Nmrk1	-0.375060143446728	0.593015273374847	1	0.137	0.119	0.754087544134304
Pcyt2	-0.37507862727322	0.037923545531468	1	0.816	0.739	0.0812806903245595
Ttc30b	-0.375100528614679	0.903206233279331	1	0.226	0.212	0.949428188555817
Ehmt1	-0.375118226845125	0.405995854361781	1	0.571	0.528	0.588951664177503
Alg5	-0.375197748063126	0.101448421362423	1	0.712	0.663	0.189532380030394
Lmnb2	-0.375265252417681	0.791336477342287	1	0.302	0.264	0.889718850201058
Sbk1	-0.375265711878749	0.390020509814627	1	0.637	0.564	0.570150464146683
4931406C07Rik	-0.375631606329638	0.89070398843473	1	0.458	0.414	0.943671788786442
Tecpr2	-0.375662690762532	0.814832541274254	1	0.269	0.261	0.904850944353144
Ciao3	-0.376273210534991	0.663875578041049	1	0.34	0.294	0.806324838055745
Ppp6r3	-0.37629022418769	0.319775250265975	1	0.608	0.581	0.490441816419164
Miat	-0.376297224351845	0.0647909183514302	1	0.807	0.671	0.128639423345021
Phkb	-0.376304303263957	0.979668320456376	1	0.321	0.302	0.989408375434324
Adam9	-0.376379598360125	0.792153457435203	1	0.358	0.327	0.889950180575351
Slc12a2	-0.376465236735257	0.534774303739655	1	0.377	0.311	0.706228694307656
Klhl11	-0.376475482772261	0.8525711919119	1	0.146	0.144	0.92019544508801
5031434O11Rik	-0.376508940142691	0.948900182849173	1	0.127	0.126	0.973185254445924
Tasor	-0.37651141490555	0.998150885452024	1	0.623	0.554	0.999294766824304
Nrip1	-0.376782496858438	0.390334000095185	1	0.443	0.422	0.570222717046162
Ddah2	-0.377068002698103	0.00153247876605343	1	0.863	0.803	0.00475754601998678
Hes6	-0.377148066804919	0.316672433685042	1	0.717	0.646	0.486708370983907
Mospd2	-0.377234834642763	0.267661883802187	1	0.297	0.318	0.425144403071983
Ago4	-0.377521114282869	0.540733868488466	1	0.302	0.263	0.710995044418309
9330133O14Rik	-0.377619909986267	0.859219828158088	1	0.241	0.219	0.924402022018357
Dip2b	-0.377783288034504	0.239221083350369	1	0.429	0.431	0.388445238689372
Dock9	-0.378011258775639	0.284438997358959	1	0.283	0.301	0.446917100886307
Vrk3	-0.378173423050749	0.301899025311493	1	0.415	0.411	0.46928645642726
Klf11	-0.378239287098597	0.90565757757078	1	0.16	0.156	0.950165190866058
Ppp1r15a	-0.378296874492758	0.524200802484604	1	0.467	0.439	0.697170721627732
Yeats2	-0.378490729074642	0.743717142937495	1	0.467	0.394	0.861756506977682
Arhgap18	-0.37859142108071	0.130006488086239	1	0.08	0.111	0.234365802707672
Ammecr1	-0.378604239723769	0.333652496196978	1	0.132	0.153	0.506567293496142
Rab13	-0.378608993834645	0.583840645678482	1	0.137	0.146	0.746768942993736
Frs2	-0.378840068796471	0.535599272321019	1	0.297	0.255	0.706576825848651
Laptm4b	-0.379153413024634	0.113763014613138	1	0.476	0.475	0.209228146454815
Polr1b	-0.379161599947781	0.488356245346322	1	0.094	0.108	0.666978762038024
Ech1	-0.379330131615459	0.526283900779677	1	0.698	0.645	0.698516122794333
Hsf1	-0.379401019167502	0.950194124199362	1	0.439	0.396	0.973626933561023
Usp38	-0.37959087612517	0.405145875941836	1	0.255	0.213	0.588519183942115
Tsc22d2	-0.379645733648935	0.159942776040201	1	0.547	0.526	0.278671737432628
Slx4ip	-0.379820233805168	0.585716954273739	1	0.245	0.252	0.748730364725693
Spata6l	-0.379951600481116	0.305778092214002	1	0.42	0.409	0.47312742004632
Rmdn2	-0.380121901153355	0.446175898351041	1	0.094	0.109	0.628068425393924
E2f3	-0.380229532659221	0.585578369087148	1	0.113	0.122	0.748730364725693
Traf2	-0.38049420984037	0.826966021744598	1	0.118	0.108	0.909870927702873
Ftl1-ps1	-0.380557774934933	0.572996371670338	1	0.226	0.237	0.737215950355239
Atxn1	-0.380595468191023	0.739173754990113	1	0.514	0.466	0.858471407018562
Bms1	-0.380857805513737	0.618543157319591	1	0.259	0.256	0.774130215855619
Dusp23	-0.38100377599517	0.539027338932495	1	0.189	0.198	0.709660470626482
Pxdc1	-0.381019025700643	0.491097460255517	1	0.302	0.259	0.669511144318382
Zfp280d	-0.381252656055707	0.405115147686778	1	0.618	0.564	0.588519183942115
Fos	-0.3812752396908	0.639401198398275	1	0.67	0.649	0.788956054972787
Kmt2c	-0.381346424480282	0.612369469477317	1	0.608	0.511	0.769828575223939
Flcn	-0.381414348650245	0.625018146998521	1	0.25	0.251	0.778465716022111
Dmtf1	-0.381435289130809	0.843389761385024	1	0.519	0.468	0.915697473650689
Zfp935	-0.381522453056796	0.826663062643218	1	0.231	0.228	0.909766756771372
Bace2	-0.381640335227774	0.984498821459102	1	0.108	0.106	0.992173330262349
Ranbp17	-0.38164766636428	0.142793325220994	1	0.189	0.141	0.253339254494436
Epha7	-0.38165797522479	0.838297211189527	1	0.217	0.206	0.914163680434116
Anxa7	-0.381708823896603	0.747283795060254	1	0.368	0.346	0.863967453617291
Zbtb43	-0.381749311936483	0.558137387593536	1	0.292	0.246	0.726227020854502
Fam193b	-0.382067871218368	0.483344290390922	1	0.575	0.532	0.662040721363294
Prr14	-0.382091256843059	0.695710786925932	1	0.245	0.243	0.828135511290672
Ryk	-0.382417835124891	0.116317599337998	1	0.585	0.555	0.2130294649511
Sav1	-0.382447726750142	0.960283271864258	1	0.288	0.265	0.979112355626302
Ranbp10	-0.382535013428892	0.903347882701002	1	0.297	0.267	0.949428188555817
Gm36220	-0.382619002012907	0.475995933923175	1	0.491	0.458	0.655883356270167
Ppwd1	-0.382731131368838	0.661705574850687	1	0.269	0.265	0.805492720620852
Traf3ip1	-0.382925346380097	0.925666376050096	1	0.179	0.172	0.960794035342043
Ptpra	-0.382925444694135	0.0149923894994858	1	0.925	0.86	0.0359817347987658
Prkn	-0.382950737148854	0.5121444118429	1	0.245	0.21	0.687898767198581
Mxd4	-0.38311007806138	0.16304199519902	1	0.613	0.591	0.282942961871006
Lcor	-0.383193434797406	0.321259380942089	1	0.344	0.284	0.492199570661187
Nars2	-0.383326677572454	0.56870132047283	1	0.16	0.17	0.734719718374837
Spg20	-0.383400362972821	0.947356927477678	1	0.175	0.165	0.972515877608108
Sepsecs	-0.383403449710289	0.814135993843973	1	0.113	0.105	0.904850944353144
Mmp16	-0.383509312692019	0.669574051486235	1	0.646	0.589	0.811438707987927
Megf11	-0.383800736928287	0.865645916324459	1	0.208	0.203	0.928788815039424
Cmtm4	-0.384077060761803	0.856176126229202	1	0.387	0.348	0.921998043736496
Csmd1	-0.384121861882298	0.453543333394833	1	0.618	0.544	0.634648823022655
Foxred1	-0.384384000049784	0.776698646064217	1	0.41	0.371	0.881583250239602
Gan	-0.384881188761758	0.71761102650216	1	0.321	0.282	0.842614237570278
Lars2	-0.385282910289663	0.604274469092802	1	0.552	0.521	0.762852855779584
Pmm2	-0.385314598551048	0.948390450440123	1	0.33	0.3	0.97311944738606
Zbed6	-0.385386374413819	0.630835531716264	1	0.189	0.195	0.781497124096804
Nfxl1	-0.385486948479675	0.982245380581218	1	0.283	0.263	0.990636763421556
Gadd45b	-0.385541407745868	0.277268355338863	1	0.203	0.166	0.437539080968264
Dhx38	-0.385644883766941	0.704754835042909	1	0.212	0.188	0.83396264920947
Slc25a40	-0.386016513746506	0.42033422717753	1	0.259	0.215	0.601776435369207
Zswim8	-0.386116089460551	0.187360762645871	1	0.613	0.592	0.31745221537516
Mtss2	-0.386504803233601	0.177562966448932	1	0.797	0.711	0.303203689385822
Rapgef1	-0.386596212074296	0.591379238758734	1	0.358	0.335	0.753103357113163
Ints15	-0.386958612278443	0.758059606622142	1	0.307	0.272	0.871129457626885
5730480H06Rik	-0.387167687012394	0.834591598563042	1	0.387	0.339	0.912971726151607
Slc45a4	-0.387329471937674	0.751912778836821	1	0.311	0.282	0.867017806896296
Cyb561a3	-0.387583369834863	0.521061833775886	1	0.123	0.103	0.695385911986884
Dynlt1c	-0.387650555400042	0.769672623776708	1	0.146	0.133	0.878017764600851
2310011J03Rik	-0.387819370307396	0.423874479263725	1	0.476	0.444	0.60466483521357
Rps27l	-0.387835085393299	0.0151896217428178	1	0.825	0.785	0.036366090306698
Cyld	-0.387851672597378	0.975680489287554	1	0.458	0.416	0.987893457859999
Dcbld1	-0.38787197926467	0.828774555957002	1	0.198	0.195	0.911172227641627
Mcm7	-0.387905896529363	0.182719345658495	1	0.255	0.277	0.310551790597785
Gm19938	-0.387987361369563	0.185448106050502	1	0.542	0.427	0.314577602807221
2700097O09Rik	-0.388207797309591	0.147924365981668	1	0.344	0.376	0.26095865533438
Sema4c	-0.388342770079987	0.575235173902007	1	0.198	0.169	0.739310503417182
Uxs1	-0.388848974754428	0.613734519775217	1	0.349	0.35	0.770894280695801
Cyth3	-0.388939502944976	0.605146738113745	1	0.415	0.36	0.763512695575054
Pus7l	-0.389028210064661	0.470942173312875	1	0.094	0.108	0.651496846110506
Ermp1	-0.389154970589672	0.908348742359648	1	0.269	0.255	0.951935534219516
Rhot2	-0.389157343078939	0.551446757191304	1	0.349	0.305	0.719477186666899
Ltbp3	-0.38916228325467	0.760229154191607	1	0.396	0.351	0.87222664500143
Ucp2	-0.389290261723425	0.260935084653175	1	0.439	0.367	0.417190501378136
Scarb1	-0.389335796629549	0.863946200722529	1	0.354	0.318	0.927306578599604
Mark1	-0.389451893965149	0.832637951149769	1	0.58	0.481	0.912548245182878
Snhg17	-0.389527120379511	0.33634515480906	1	0.198	0.216	0.509482496297445
St7	-0.389589803747678	0.256748345666355	1	0.642	0.583	0.411400137149905
Dcx	-0.389721296047915	0.102378154173421	1	0.802	0.741	0.191105887790385
Zfp710	-0.389943915106124	0.656624484886424	1	0.175	0.154	0.802224498256205
Spcs3	-0.390974583708764	0.326608262514704	1	0.439	0.43	0.498123216014046
Akt1	-0.3910220852125	0.0100229123547977	1	0.877	0.792	0.0250771040939574
Id4	-0.391080027489158	0.8343218406013	1	0.689	0.641	0.91291836466493
Parp8	-0.391485719128645	0.616473188714688	1	0.481	0.437	0.772769833400355
5830448L01Rik	-0.391737803369692	0.931728953787322	1	0.108	0.105	0.96205348090943
Src	-0.391857014704484	0.403479064832649	1	0.458	0.442	0.586683274030963
Macir	-0.391939541043607	0.67504769898161	1	0.472	0.437	0.814246155593812
Dock3	-0.39208605197433	0.958375123379536	1	0.547	0.475	0.978080032458368
Prr18	-0.392198305589894	0.952793786010318	1	0.415	0.376	0.974889495735083
Mettl4	-0.392341286341726	0.62123576924165	1	0.193	0.196	0.775408638182456
Rangrf	-0.392352247619614	0.9977917973659	1	0.316	0.287	0.999164275766678
Tent2	-0.392514623624836	0.815246429899229	1	0.363	0.335	0.90495461392626
Bmp2k	-0.392669632501559	0.945910660926859	1	0.264	0.252	0.972173592218475
Trp53i13	-0.392952806516876	0.6738640463672	1	0.255	0.246	0.813408010238614
Pisd	-0.393107152104481	0.637271082059029	1	0.354	0.339	0.787432321700587
Wdr76	-0.393118330231756	0.8516989661874	1	0.118	0.11	0.919935975347815
Dennd4a	-0.393139160606159	0.8890553151676	1	0.406	0.373	0.943188247028969
Agtrap	-0.39339069637121	0.993908354399865	1	0.108	0.105	0.997751146493656
Clstn2	-0.393420822000362	0.779376629287559	1	0.373	0.34	0.883091340266681
Cdan1	-0.393441023082867	0.378303862794153	1	0.222	0.182	0.557627445205694
Cfap418	-0.39372039360497	0.799489859462577	1	0.486	0.42	0.895428642598087
Fyn	-0.394369361914403	0.042062538419737	1	0.929	0.854	0.0887705741727612
Tnik	-0.394554695871916	0.116558030375274	1	0.816	0.78	0.213290941214577
Zmat3	-0.394778393381291	0.640838832489528	1	0.481	0.458	0.79050664228022
Mgat1	-0.394807008271044	0.682700299510682	1	0.373	0.349	0.81856571733809
Tcf3	-0.394949450374217	0.900912190115497	1	0.481	0.426	0.948923682833423
Stk40	-0.394979135658668	0.841658606673265	1	0.16	0.16	0.915541376189288
Repin1	-0.395054452125014	0.980147037853102	1	0.283	0.263	0.989512663331608
Invs	-0.395435792555982	0.737291330799062	1	0.113	0.101	0.856968742131533
Pou2f1	-0.395452069288175	0.462508290473352	1	0.406	0.347	0.643182493724164
Prxl2a	-0.395511813750173	0.0128531148694019	1	0.849	0.786	0.0312596913972982
Gm47469	-0.395648543597643	0.6639996434264	1	0.108	0.115	0.806324838055745
Cep104	-0.3957022154279	0.184611062160614	1	0.217	0.246	0.313279378211952
Bloc1s1	-0.395764129777989	0.507710018504955	1	0.538	0.485	0.684053274514839
Phf20l1	-0.395860805989061	0.139426442488262	1	0.731	0.693	0.248374674057393
Tpp1	-0.396017100145718	0.423785830712115	1	0.373	0.369	0.60466483521357
Septin8	-0.39604364699686	0.133996963107828	1	0.58	0.569	0.240467845051354
Igsf10	-0.396157243193928	0.306447577777812	1	0.123	0.143	0.473743652564879
Fam221a	-0.39635340360363	0.57116443696431	1	0.104	0.114	0.735942849752244
Taf4	-0.396447729884546	0.910901520719348	1	0.17	0.159	0.952986724157946
Slc25a5	-0.396676177925499	0.000964008955442574	1	0.943	0.906	0.00316362968998735
Emc8	-0.396696180819059	0.184527499628131	1	0.59	0.576	0.313259276477138
Nacc1	-0.397240714564768	0.467660922898927	1	0.373	0.31	0.648489813086512
Ino80d	-0.397652422404559	0.423068347978178	1	0.358	0.354	0.604235124581048
Itch	-0.398395135973462	0.171048618083769	1	0.632	0.577	0.294497581312535
Atosb	-0.398414003746353	0.9575802587592	1	0.349	0.32	0.977497212026218
Sertad1	-0.398688074161656	0.27115442727667	1	0.08	0.102	0.429720461505032
Numb	-0.398761558459362	0.644331223090369	1	0.189	0.197	0.793470195223776
Ankrd16	-0.39877259880918	0.296335060450989	1	0.344	0.342	0.461787921530474
Scly	-0.399041404459836	0.868040267071706	1	0.17	0.158	0.929769467035118
Zbtb48	-0.399100929699399	0.784090597231276	1	0.208	0.203	0.886091385568196
Edem2	-0.399262390847493	0.836832699723177	1	0.368	0.336	0.913624875593568
Ppm1h	-0.399396348489973	0.512759168344026	1	0.542	0.514	0.68801385090193
Hltf	-0.399545522593871	0.285235137395582	1	0.222	0.177	0.44784582320054
Rpe	-0.399656425117724	0.438523469859778	1	0.377	0.372	0.620898060404379
B830012L14Rik	-0.399716195423477	0.0415087653357392	1	0.561	0.441	0.0878441312919132
Asap2	-0.400632727092486	0.45658228701756	1	0.472	0.439	0.637784275565303
Hilpda	-0.400835640953638	0.975323475540566	1	0.226	0.214	0.987893457859999
Bcl2l2	-0.401154504484239	0.615174403027122	1	0.363	0.346	0.771706430908233
Trmt61a	-0.401219352454106	0.752760620053285	1	0.179	0.177	0.867332732364217
Gnpat	-0.401439347429387	0.681814109300067	1	0.33	0.291	0.817976443689636
Pdia4	-0.401516722159624	0.463737234627496	1	0.618	0.559	0.644481145673848
Rnf180	-0.401832081940418	0.999543634199242	1	0.453	0.4	1
Mtfmt	-0.402062352878326	0.875855204399656	1	0.25	0.239	0.93379478028926
Zkscan5	-0.40235762987326	0.655158328757449	1	0.151	0.157	0.801156657338336
Igsf3	-0.402388139836244	0.498883860268468	1	0.642	0.564	0.677076195692008
Snx18	-0.402521184376121	0.961597652676565	1	0.311	0.291	0.979994994608314
Bcl10	-0.402633402914774	0.289150926877851	1	0.542	0.5	0.452530006665156
Tagln2	-0.403151994920624	0.0764360735300364	1	0.245	0.299	0.147915324352024
Dact1	-0.40315256463516	0.405799799773153	1	0.222	0.236	0.588951664177503
AI480526	-0.40315425072611	0.723428448965502	1	0.41	0.388	0.845807137334398
Ogg1	-0.403350110634604	0.465197967271839	1	0.16	0.134	0.6458946983609
Irf1	-0.403464781926119	0.551467404066112	1	0.108	0.092	0.719477186666899
Ipcef1	-0.403530316008956	0.172586459098202	1	0.118	0.087	0.296794351709034
Sall2	-0.403627647361826	0.748570074021652	1	0.443	0.403	0.864762744152776
Ostf1	-0.403629154970679	0.661839142469835	1	0.34	0.325	0.805492720620852
Acad11	-0.403714528228783	0.977510045519864	1	0.113	0.11	0.988950685499459
Atp8b2	-0.403875593309717	0.696983650273997	1	0.292	0.261	0.828640333259885
Dock6	-0.403924896731951	0.960267111846438	1	0.132	0.129	0.979112355626302
Trip11	-0.404132227139417	0.462501460123309	1	0.538	0.497	0.643182493724164
Twf1	-0.404148121058588	0.0078063992379094	1	0.67	0.669	0.0201928661443981
Glmp	-0.404383895407854	0.641334517878309	1	0.396	0.339	0.790671513997306
Golga5	-0.404396746230508	0.611086986696832	1	0.264	0.261	0.768817835386565
Epdr1	-0.404424268944814	0.731393622329301	1	0.429	0.369	0.85283698407218
Zcchc2	-0.404497548169435	0.40645602881466	1	0.231	0.189	0.589051072947058
Dusp11	-0.404542503676888	0.082841030234519	1	0.712	0.666	0.158428029800516
Galnt7	-0.404603180582919	0.7146765289098	1	0.259	0.232	0.840524253709749
Cilk1	-0.404657991034509	0.197710739367046	1	0.387	0.391	0.332409741938128
Gng7	-0.405068486918789	0.344949090350823	1	0.104	0.123	0.519743920887338
Wwp2	-0.4054517102921	0.987384669114876	1	0.241	0.225	0.993879643227395
Dipk2a	-0.406530969235394	0.721054301481798	1	0.165	0.146	0.844652084773934
2610035D17Rik	-0.406689372264098	0.374071544423052	1	0.524	0.495	0.552568314521438
Eef1d	-0.406699280920207	0.000544787890970804	1	0.892	0.841	0.00191596900785867
Prr14l	-0.406867892463319	0.957577271680481	1	0.151	0.143	0.977497212026218
1810010H24Rik	-0.40712143552675	0.922230517035817	1	0.34	0.312	0.958692222776907
Ctsa	-0.407238613485993	0.73606794883062	1	0.66	0.58	0.856458391180647
Aste1	-0.407585622510686	0.674517388744366	1	0.137	0.142	0.813892804982153
Cul9	-0.407802189840592	0.607225052490904	1	0.406	0.349	0.765066158731186
Cactin	-0.407905746155131	0.763010020171798	1	0.226	0.218	0.873840526510334
Slc25a53	-0.40843209648159	0.638598351111462	1	0.175	0.153	0.788410852926757
Plcg1	-0.408480365563951	0.78724074334505	1	0.368	0.329	0.886940306146809
Mcm2	-0.40856275875131	0.606981073067284	1	0.104	0.112	0.765066158731186
Mbd4	-0.408673415682101	0.684379807839094	1	0.118	0.125	0.820135690398145
Dhx40	-0.408913115208752	0.472951163279851	1	0.316	0.318	0.653130155297626
Lamp1	-0.409087698786232	0.0208960986769991	1	0.991	0.946	0.0481403792305549
Atf7ip	-0.409109561747567	0.360752698966679	1	0.656	0.61	0.537804706172851
Proser3	-0.409413355112119	0.780552411893023	1	0.113	0.104	0.883506850258804
Tbc1d23	-0.410272919370819	0.593766839823569	1	0.505	0.469	0.754823503012034
Fbxw17	-0.410894936926697	0.821631269846195	1	0.349	0.324	0.908552647543094
Mvd	-0.411060718458679	0.810028693131838	1	0.476	0.436	0.901193908329558
Arl4d	-0.411546991912715	0.379969095846807	1	0.137	0.111	0.55976560224582
Ppp1r18	-0.41162572456782	0.627691007261797	1	0.142	0.149	0.780459527389561
Spred3	-0.412058531832514	0.522484785469219	1	0.311	0.263	0.69644449942899
Zeb2os	-0.412104818621858	0.592615277923805	1	0.165	0.14	0.754017924256096
9230114K14Rik	-0.412145566883576	0.618477254300047	1	0.189	0.196	0.774130215855619
Syne1	-0.412193824246968	0.441110025213762	1	0.59	0.565	0.623347974808707
Hs6st1	-0.412196356666527	0.571006344616757	1	0.368	0.355	0.735942849752244
Ctnnd1	-0.412289250591631	0.861056484727032	1	0.358	0.331	0.925238554806316
Tor1aip1	-0.412732436815427	0.799923504671207	1	0.363	0.309	0.895455117479199
Slc6a1	-0.412960366835617	0.07220564007412	1	0.915	0.85	0.141179156599712
Cbl	-0.413015314368447	0.782243049968856	1	0.561	0.462	0.884732688312782
Tbl1xr1	-0.413066478542587	0.647421974708953	1	0.401	0.374	0.795201534016536
Klf7	-0.413153629857428	0.00240576301589347	1	0.887	0.82	0.00707158334685241
Cnih4	-0.413186925106116	0.240147037611959	1	0.542	0.521	0.389803887138253
Ubtd2	-0.413214459674785	0.427131818792314	1	0.085	0.1	0.608516563758913
2900052L18Rik	-0.413214657823086	0.550014328547663	1	0.231	0.199	0.718344845254289
Atl3	-0.413676778848928	0.524786502320669	1	0.264	0.229	0.697518565340844
Mier3	-0.413834321765943	0.727564563739159	1	0.255	0.251	0.849278999041327
Arid2	-0.413855852380249	0.757307281102039	1	0.542	0.489	0.870999806634872
Dnajc24	-0.414395221266573	0.378390052103864	1	0.396	0.391	0.557627445205694
Efcab2	-0.4153819381136	0.779178996182439	1	0.363	0.305	0.883091340266681
Abcc8	-0.415791672969112	0.760087325297737	1	0.146	0.152	0.87222664500143
B3gat2	-0.415941077012407	0.0501543736167434	1	0.396	0.447	0.103288214973095
Kcnt1	-0.41606004233723	0.436793805925263	1	0.415	0.358	0.619251978020626
Zzz3	-0.416068826721308	0.521688922197424	1	0.476	0.453	0.696010144214523
Map3k2	-0.416184435237146	0.732532701547833	1	0.472	0.408	0.85370940244422
Zc3h11a	-0.416424449948058	0.968082667144828	1	0.16	0.153	0.984765973471963
Fam53c	-0.416593722798841	0.851139559769169	1	0.269	0.257	0.919559138528748
Carnmt1	-0.417025762107385	0.266556225628329	1	0.462	0.459	0.423568877502961
Tmf1	-0.417577180772797	0.131000278005394	1	0.58	0.562	0.235962562609304
G6pdx	-0.417865109120995	0.668416645997153	1	0.241	0.208	0.810336916379563
Snhg1	-0.417949240050899	0.00374296089758563	1	0.642	0.677	0.0105139891965621
Tgds	-0.417979025831537	0.900631027423382	1	0.17	0.157	0.948923682833423
Tsr1	-0.417980581923304	0.444056359777821	1	0.179	0.193	0.626093666723538
Rnaseh2b	-0.418249882358651	0.271231527557091	1	0.387	0.39	0.429720461505032
Hook3	-0.41832689845892	0.0263857517299515	1	0.821	0.773	0.0591344092131494
Gm2415	-0.418331969293757	0.261694298432425	1	0.175	0.135	0.418106696967453
Wdr55	-0.418374927664571	0.438043752610039	1	0.208	0.22	0.62041994533095
Srsf9	-0.418565839358064	0.0506525040663507	1	0.764	0.7	0.104130645185639
Gm47591	-0.418623902419991	0.771640833717747	1	0.241	0.236	0.878918574521079
Zfp783	-0.418735770592761	0.303518040134381	1	0.335	0.27	0.471299964204399
Nabp1	-0.419053357386745	0.708860738736563	1	0.104	0.091	0.837065073479672
Brpf3	-0.419155145958132	0.848253919504189	1	0.151	0.141	0.917928618350071
Sipa1l1	-0.419296426669262	0.243255456747299	1	0.288	0.228	0.393679079315377
Bcl7c	-0.419442889889484	0.0599040664553697	1	0.741	0.699	0.120248603987617
Eif4e3	-0.419501032227535	0.451070068090582	1	0.231	0.244	0.632112352653049
Gm49980	-0.419999618415548	0.744812415254579	1	0.198	0.196	0.862268918587861
Tmem179b	-0.420279386188019	0.252885901198431	1	0.222	0.246	0.406483633304613
Ddx17	-0.420316941934715	0.113198206283944	1	0.892	0.838	0.208540601032589
Radil	-0.420495543273053	0.994550351596833	1	0.17	0.162	0.997977472036519
Igsf21	-0.4209753392622	0.444659601249828	1	0.429	0.422	0.62633767760698
B9d1	-0.420985978005565	0.587418041255653	1	0.42	0.352	0.750246200059851
Tbc1d32	-0.421269288322401	0.243781365071791	1	0.203	0.159	0.394384075049475
Abtb2	-0.422239487390501	0.364713536524925	1	0.113	0.132	0.542044480279304
Slc26a6	-0.422496708460619	0.920560611667201	1	0.156	0.148	0.958295698704084
Gm56915	-0.422523503862409	0.495457769394831	1	0.184	0.193	0.67377320570256
Xpo5	-0.422726026578931	0.362217432147044	1	0.292	0.301	0.539435984868152
Cnot6	-0.422931206169208	0.0979254124014108	1	0.552	0.55	0.183657450137124
Rbmx	-0.423085224516791	0.088561488059816	1	0.774	0.701	0.168262975139311
Smc4	-0.423108242191123	0.451074680224257	1	0.151	0.167	0.632112352653049
Slc25a42	-0.423191836439271	0.793796070441722	1	0.17	0.156	0.891337078583404
Mpv17l2	-0.423506398486595	0.287327015475156	1	0.42	0.409	0.450320919840502
Tead1	-0.423651818081039	0.505421470776472	1	0.486	0.407	0.682895108567214
Cers6	-0.423729926513745	0.744634224359333	1	0.302	0.292	0.862268918587861
Dcp1b	-0.423937856902959	0.696137389468713	1	0.208	0.181	0.828135511290672
Ackr3	-0.423943578653428	0.996525722237605	1	0.123	0.119	0.998658598823607
Bhlhe40	-0.42404476340106	0.841823277047798	1	0.118	0.119	0.915541376189288
Ypel2	-0.424075897480754	0.965688855006604	1	0.236	0.225	0.98301769253527
Ahcyl1	-0.424478718918916	0.0209551196705656	1	0.854	0.763	0.0482509028576861
Actn1	-0.425747421536694	0.914213500615913	1	0.344	0.319	0.954874359323363
Sbf2	-0.425995002590944	0.261842896555115	1	0.632	0.605	0.418106696967453
Mga	-0.426270247823703	0.583131271754308	1	0.66	0.572	0.746298680053565
Rida	-0.426426663612014	0.713936850360477	1	0.311	0.304	0.840524253709749
Rfx3	-0.427060423495301	0.367672493797748	1	0.377	0.318	0.545514080471659
Gm17251	-0.427307158654973	0.790033301197326	1	0.212	0.191	0.888636671620741
Mccc1	-0.427556997906864	0.650090364418265	1	0.344	0.294	0.797414971013475
Ptgfrn	-0.427605816040942	0.86304356595432	1	0.269	0.256	0.926689846629417
Map6d1	-0.427670405011659	0.0414042934700589	1	0.137	0.088	0.0876655132705851
Tmem209	-0.427800386070474	0.644759835095239	1	0.241	0.204	0.793774227648254
Chd1	-0.427855638547775	0.635457424922409	1	0.274	0.262	0.785865807491812
Bhlhe41	-0.428088739601326	0.62132102418466	1	0.302	0.297	0.775408638182456
Zbtb20	-0.428147868929943	0.0062213943217553	1	0.821	0.811	0.0165499697913685
Mtr	-0.428194670592701	0.733756367808092	1	0.099	0.105	0.854451563472606
Fasn	-0.428321830972743	0.0659235443315402	1	0.731	0.693	0.130473059193551
Agl	-0.428329033325192	0.449521836731391	1	0.434	0.35	0.630745706020789
Rassf8	-0.428396969674091	0.723791487691781	1	0.264	0.254	0.846005142691383
Rnf139	-0.428566262448637	0.929870947763086	1	0.377	0.333	0.961591432794248
Pth1r	-0.428644934268872	0.522652259415803	1	0.269	0.267	0.69644449942899
Rabep2	-0.428718759906353	0.845586390365624	1	0.16	0.155	0.916250444210551
Masp1	-0.428898782255203	0.15652072442883	1	0.208	0.246	0.273473009722052
Tram1	-0.429026273667778	0.355779492138056	1	0.519	0.487	0.532207130705147
Alg8	-0.429196375086982	0.742247138409209	1	0.127	0.131	0.860896309232986
Bet1	-0.429609291916095	0.134523155116319	1	0.505	0.502	0.24118825309296
Mphosph9	-0.429788626775814	0.500063611452636	1	0.302	0.258	0.677926087779365
Lmf2	-0.430225847219742	0.692180633830641	1	0.222	0.201	0.826370406259856
Armh4	-0.43025809725214	0.660433434361615	1	0.467	0.396	0.805127893187702
1700086O06Rik	-0.430541600553301	0.901136930187551	1	0.226	0.214	0.948923682833423
Xpr1	-0.430729552573566	0.0366711673541339	1	0.736	0.705	0.0789451251862282
Tex10	-0.430734612586464	0.929414812891004	1	0.311	0.276	0.961591432794248
Dpf3	-0.430902723542969	0.483020601615926	1	0.104	0.118	0.662040721363294
Barx2	-0.431052523444996	0.751472470187031	1	0.16	0.148	0.866763070973581
Itpr2	-0.431066125276322	0.0563626717120876	1	0.175	0.224	0.114030639202593
Acaa2	-0.431284780860518	0.208229595377426	1	0.382	0.301	0.346589102677241
E4f1	-0.432307040704843	0.96883910368872	1	0.472	0.407	0.984847383037545
Pcdh8	-0.432682118354271	0.492029931117906	1	0.491	0.471	0.670154892149365
Mdm4	-0.432778354678919	0.613100958359459	1	0.613	0.578	0.770432964935016
1110038F14Rik	-0.433097783496004	0.0400881902336739	1	0.604	0.59	0.0853339254096919
Aldh3a2	-0.433153268543387	0.675810676394107	1	0.278	0.274	0.814351223214952
Rab11fip3	-0.43332203317715	0.902441821270714	1	0.377	0.341	0.949428188555817
Xndc1	-0.433442722162093	0.625679035228331	1	0.311	0.307	0.778978499614675
Pik3ip1	-0.433574205640908	0.30003016458954	1	0.571	0.528	0.466713589361506
C1ql1	-0.433576258301184	0.171799515534188	1	0.217	0.252	0.295673870706592
Foxj2	-0.433642834864651	0.925939289952786	1	0.193	0.185	0.960794035342043
Gm56936	-0.433807228727686	0.210074097513283	1	0.387	0.389	0.34929716708718
Snx5	-0.43424770826657	0.122756510991382	1	0.59	0.568	0.222674601333205
Pcca	-0.435158279455875	0.534699483683323	1	0.377	0.362	0.706228694307656
Adamts18	-0.435489391186637	0.784661510846562	1	0.104	0.096	0.886091385568196
Btd	-0.43569117838556	0.694649982730503	1	0.203	0.204	0.828119848407979
Slc9a8	-0.436185536028998	0.800706764080121	1	0.245	0.22	0.896102266334094
Tab2	-0.436267674023789	0.670823871773148	1	0.585	0.483	0.811920161681466
Irf9	-0.43635619470918	0.796107955158463	1	0.127	0.117	0.892785506580788
Sirt7	-0.436809571565765	0.658035991833855	1	0.382	0.371	0.803116910571049
Cebpb	-0.437156170682094	0.68994346015896	1	0.481	0.431	0.824712825724758
Gm57286	-0.437685185870268	0.618878826412047	1	0.16	0.141	0.774130215855619
Acap2	-0.438046282072261	0.562344375563091	1	0.283	0.282	0.729744572923227
Cln3	-0.438290112709017	0.925770512454233	1	0.278	0.255	0.960794035342043
Tmed1	-0.438490020238403	0.0936776419048732	1	0.585	0.561	0.17675332174535
Rgs20	-0.438720895242069	0.523716152374335	1	0.226	0.232	0.696886122171755
Lrp4	-0.438729056781313	0.111230729008692	1	0.075	0.109	0.205262283189678
Heatr3	-0.439972326518233	0.515298117725497	1	0.429	0.408	0.690224525674631
Abcd4	-0.440147206089506	0.92651892855955	1	0.297	0.269	0.960794035342043
Rgs7bp	-0.440386494475502	0.162114449991524	1	0.481	0.49	0.281557024875936
Coq8a	-0.440420118631631	0.561119329846765	1	0.146	0.155	0.729003371781262
Rapgef5	-0.440522993651507	0.746690007486418	1	0.425	0.403	0.863755813744882
Ak3	-0.440795952790884	0.33360466496379	1	0.42	0.406	0.506567293496142
Bin3	-0.44086942210644	0.862503088253424	1	0.217	0.196	0.926337223872868
Spag1	-0.441546656849926	0.785434408708781	1	0.142	0.143	0.886505813240299
Slc37a1	-0.441912280480466	0.951985875176709	1	0.151	0.148	0.974308086753578
Ddt	-0.44197067421639	0.0693080820398172	1	0.689	0.656	0.136306934871644
1810014B01Rik	-0.441977738650005	0.412847688033481	1	0.165	0.136	0.594174201426769
Ube3b	-0.442175989403384	0.951235965607394	1	0.25	0.227	0.97405261621153
Kat6b	-0.442539135040674	0.629341806387839	1	0.533	0.487	0.781177894373993
Sema4d	-0.442651619026133	0.714650068864226	1	0.297	0.296	0.840524253709749
Xrcc2	-0.442666629270296	0.895866757418586	1	0.127	0.127	0.947111946027221
Luzp2	-0.442676463225305	0.0334386157380485	1	0.75	0.72	0.0729569797921059
Pigl	-0.442738541068012	0.530084411971517	1	0.094	0.106	0.701214025285157
Gm43847	-0.44275595954293	0.28291645258526	1	0.137	0.107	0.444844875771207
Ubl3	-0.443316895416272	0.238583741519473	1	0.802	0.723	0.387698579969144
Slc35b2	-0.443856939260492	0.135923122477181	1	0.425	0.426	0.242827075247578
Cd24a	-0.444792255251758	0.224806699961065	1	0.505	0.525	0.368049349861294
Etv1	-0.444968537057555	0.275144983506795	1	0.217	0.247	0.434659416982886
Lims1	-0.445729061018931	0.388410873375114	1	0.448	0.424	0.56817772769675
Plcb1	-0.446150802796311	0.265722427983436	1	0.708	0.625	0.42267864728028
Aga	-0.446940859788865	0.896119271200259	1	0.278	0.25	0.947111946027221
Sat1	-0.447075866086377	0.794974277311784	1	0.519	0.459	0.892201347198837
Pus10	-0.447077841214076	0.855631299904769	1	0.165	0.152	0.921676329959071
Hsd17b12	-0.447116807191696	0.000285323455175315	1	0.816	0.813	0.00107810800363821
Sez6	-0.447228777686979	0.505899412504422	1	0.547	0.513	0.683292712992986
Trim11	-0.447248476987191	0.523781396311784	1	0.25	0.249	0.696886122171755
Tiparp	-0.447282556738255	0.663825893478252	1	0.283	0.278	0.806324838055745
Ebf3	-0.44730502656285	0.345682493031946	1	0.184	0.206	0.520274893082333
Csmd2	-0.448009713397997	0.808340137459143	1	0.349	0.327	0.900492150069252
Smox	-0.448097781782987	0.166438261520881	1	0.425	0.417	0.28792171339533
Wdtc1	-0.448215158794576	0.637413360538214	1	0.302	0.289	0.787432321700587
Lncppara	-0.448341230521327	0.117130182600223	1	0.137	0.174	0.214248173198398
Cnnm3	-0.44836126727319	0.892111630069941	1	0.415	0.366	0.944894180442653
Dclk1	-0.448608044814636	0.0044231748890605	1	0.906	0.896	0.012151212525419
Pik3c2a	-0.44872897783427	0.958914296404046	1	0.269	0.246	0.978401692757036
Mcu	-0.449189353844833	0.636892763871759	1	0.311	0.294	0.787417942992313
Sfswap	-0.450155385157391	0.621685322169039	1	0.642	0.591	0.7756416701612
Ap4m1	-0.450407125909132	0.409289780672699	1	0.425	0.402	0.591000913050695
Pde2a	-0.45050929550377	0.944945114757927	1	0.354	0.321	0.971409804957078
Ncor2	-0.450625658608874	0.872213859558292	1	0.5	0.454	0.931954534870504
Gm54728	-0.450732815280178	0.914046264586868	1	0.156	0.147	0.954874359323363
Adnp2	-0.450792435733379	0.736945479071467	1	0.123	0.126	0.856794743833954
Gxylt1	-0.450901296729614	0.901638312051752	1	0.208	0.203	0.949001481214952
Sorbs2	-0.451624233950243	0.406733901043439	1	0.868	0.748	0.58906289116636
Dubr	-0.4516510679485	0.631030301439887	1	0.123	0.131	0.781497124096804
Zfp609	-0.451782511547565	0.550270570563381	1	0.241	0.243	0.718344845254289
Msl2	-0.452321311048014	0.774398048357591	1	0.297	0.28	0.880648444474345
Gm12940	-0.452426545200472	0.588473960502766	1	0.368	0.358	0.751095917211524
Lbh	-0.452556656013749	0.461463153041962	1	0.481	0.444	0.642342591614816
Egr1	-0.452585802420096	0.771113744599892	1	0.377	0.36	0.878918574521079
Entpd5	-0.452892388024009	0.206663794642877	1	0.17	0.199	0.344544830152705
Gm10762	-0.453531872433439	0.313261845368575	1	0.354	0.352	0.482485098931571
Cdc40	-0.453592541353772	0.526479125875197	1	0.486	0.447	0.698560395450444
Sntb2	-0.453862614454106	0.446648609599343	1	0.156	0.17	0.628453402600217
Topbp1	-0.454188405440282	0.731754269475276	1	0.189	0.189	0.85302979692234
Spsb4	-0.454315230344466	0.397015477563137	1	0.325	0.266	0.578247284426737
2900060B14Rik	-0.454348596215493	0.693536085913864	1	0.123	0.126	0.827017642170833
Zfp516	-0.454430646882874	0.307078072538252	1	0.231	0.189	0.474298805108587
Eps8	-0.454792857755429	0.0909865220838755	1	0.373	0.398	0.172196329489761
F2r	-0.455117744952359	0.612443749748898	1	0.302	0.295	0.769828575223939
Tnrc18	-0.455651649834399	0.0933608248286074	1	0.67	0.619	0.176231669339394
C1ql2	-0.455719291839825	0.69977588066297	1	0.104	0.11	0.830745448035767
Rpa1	-0.455772041986159	0.0662847048126996	1	0.241	0.291	0.131128437781645
Atxn7	-0.456197183846953	0.483000203628882	1	0.354	0.295	0.662040721363294
Sfrp1	-0.456245991200405	0.765253538239441	1	0.127	0.131	0.875262491497743
Tbc1d16	-0.456347949280514	0.614929024539943	1	0.288	0.279	0.77162021809551
Septin4	-0.456676573819768	0.0315291631580425	1	0.335	0.249	0.0692753444035864
Zfp532	-0.456940075636031	0.784365786678823	1	0.434	0.405	0.886091385568196
Fkbp14	-0.457040319497613	0.867469171688999	1	0.123	0.122	0.929754618330631
Sncaip	-0.457083726447602	0.545646615831221	1	0.156	0.133	0.715731056441674
Zbtb6	-0.457620627692322	0.926699924655684	1	0.226	0.208	0.960794035342043
Sec14l1	-0.457685574682515	0.376596844314634	1	0.439	0.41	0.555451238118471
Pes1	-0.457713692598407	0.5236219181151	1	0.34	0.324	0.696886122171755
Matn4	-0.45772444601213	0.0922495814476532	1	0.165	0.213	0.174435572191926
Oxr1	-0.45841807554925	0.0716323761359761	1	0.594	0.591	0.140183789857502
Tigar	-0.458448525859883	0.929890616328504	1	0.118	0.114	0.961591432794248
St6gal2	-0.458712625242386	0.154197736858487	1	0.241	0.269	0.270604947608626
Slc44a5	-0.458919510510027	0.662854520175606	1	0.123	0.128	0.806054717184589
Setbp1	-0.459624804753593	0.60403676955847	1	0.377	0.359	0.762852855779584
Nipbl	-0.460369076896612	0.103871449555945	1	0.679	0.628	0.193315079531474
Kdm2a	-0.460463602462918	0.206315056793792	1	0.608	0.58	0.34409475680614
Zfp329	-0.460930861574889	0.190447255555024	1	0.679	0.604	0.322057147605244
Jun	-0.461206603424037	0.0214799288993561	1	0.741	0.739	0.0493033785771872
Klf2	-0.461277204118739	0.890544366197234	1	0.203	0.193	0.943671788786442
Kcnq1ot1	-0.461373189821717	0.0270782167022917	1	0.972	0.934	0.0604382476012316
Sh3glb1	-0.461515129533659	0.000405221859534053	1	0.863	0.814	0.00147587892196904
Gpcpd1	-0.461591728234027	0.0390880703323789	1	0.608	0.602	0.0835306708472754
Tex261	-0.462255411852418	0.0392386050763965	1	0.637	0.606	0.0838113579333496
Zhx3	-0.463216780683081	0.81749088876675	1	0.25	0.227	0.906754749145039
Gns	-0.464248316556864	0.614870252625058	1	0.458	0.424	0.77162021809551
Igf2bp2	-0.464578154955747	0.371786496109487	1	0.085	0.102	0.550123108064445
Aldh4a1	-0.464614487803228	0.658635904558375	1	0.189	0.167	0.803384984951405
Alg14	-0.465882662581816	0.59761057852276	1	0.387	0.36	0.759047108748884
Mboat2	-0.466665233558719	0.248026311844217	1	0.467	0.46	0.39991839429145
Avpi1	-0.466996512724741	0.591556919825872	1	0.349	0.333	0.753110062896942
Dctd	-0.467007630037074	0.499126682721672	1	0.137	0.149	0.677076195692008
Osbpl8	-0.467260031434986	0.0736553975608197	1	0.476	0.485	0.143563934201544
Ss18	-0.46727874199958	0.0155331274953284	1	0.283	0.353	0.0369747688826127
Acsl6	-0.467461831157985	0.848369467096895	1	0.472	0.411	0.917928618350071
Greb1l	-0.468476153181764	0.363382385977293	1	0.118	0.093	0.540802133543038
Kdm7a	-0.468579146071102	0.669974402798784	1	0.193	0.199	0.8115496925749
Spag4	-0.468956183716009	0.907717118938415	1	0.184	0.176	0.951730286971435
Tap1	-0.469199887408617	0.391490643621877	1	0.108	0.127	0.571343511974727
Mpv17	-0.470113817239255	0.0376455783586243	1	0.656	0.624	0.080764187755634
Gpr137b	-0.470490343987004	0.959283024578264	1	0.179	0.169	0.978549334740275
Nup93	-0.470602443784361	0.514303666975266	1	0.33	0.324	0.689526831598515
Zcwpw1	-0.471368749757026	0.742984138153305	1	0.16	0.161	0.861293714292366
Rusf1	-0.471577613941807	0.676174341144128	1	0.137	0.144	0.814351223214952
Btbd7	-0.471648521509306	0.661083684545945	1	0.476	0.434	0.805318223775694
Trappc6a	-0.472096905296334	0.517480305313986	1	0.269	0.272	0.692298307384836
Mt3	-0.472300507848003	0.927910016490184	1	0.835	0.775	0.961161235413017
Nat8f1	-0.472586449051745	0.926298879000941	1	0.344	0.305	0.960794035342043
H2az2	-0.473149512701127	4.66732304836282e-06	0.106928371037992	0.873	0.871	3.22577010684317e-05
Zfp398	-0.473193098685417	0.448215200987923	1	0.472	0.449	0.629924066253298
Mfn1	-0.473381345680008	0.534845357319076	1	0.524	0.489	0.706228694307656
Usp49	-0.473836069950422	0.927934278785873	1	0.132	0.125	0.961161235413017
Ints7	-0.473857881547349	0.817474176166358	1	0.302	0.286	0.906754749145039
B3glct	-0.473925387204254	0.125520076387402	1	0.217	0.254	0.227042990540189
Gabra4	-0.474047188966356	0.305345792198855	1	0.33	0.341	0.472961141959077
Kcnk1	-0.47412734709148	0.108014548463429	1	0.533	0.531	0.200427101103847
Plekhh3	-0.47430938279605	0.36433054524571	1	0.137	0.155	0.541659571692736
Gm4876	-0.474469103536726	0.144911074993174	1	0.179	0.218	0.256471464979816
Irf3	-0.474507040599519	0.776344961937278	1	0.358	0.337	0.881583250239602
Hmg20b	-0.474627136662394	0.455456314466003	1	0.226	0.235	0.636618618108001
Ammecr1l	-0.47515412198239	0.305473540372594	1	0.325	0.344	0.472991288318856
Supt7l	-0.475277295691796	0.785082792190582	1	0.245	0.217	0.886337977846592
Zfp606	-0.4755298932089	0.798836246845731	1	0.321	0.307	0.894926064688934
Gsn	-0.476082279052303	0.356544337781019	1	0.236	0.253	0.532984479731813
Adgrg1	-0.476383683827287	0.589917761457508	1	0.594	0.507	0.751680508181561
Stx2	-0.476680671603373	0.987508619873374	1	0.189	0.173	0.993879643227395
Trps1	-0.477416467712971	0.783785115878388	1	0.472	0.412	0.886017957079917
Snx24	-0.477507502002944	0.244226898185587	1	0.434	0.421	0.394812394994316
Etv3	-0.478062887602253	0.386112161665721	1	0.137	0.152	0.566142303509859
Laptm4a	-0.478333593042835	0.00125332650992038	1	0.976	0.935	0.00399892636620323
Hmox1	-0.479006838358798	0.265075034983993	1	0.146	0.171	0.422082486950037
Mex3a	-0.479080177064189	0.482722409571461	1	0.245	0.252	0.662040721363294
Luc7l2	-0.479195834052998	1.21131555660947e-05	0.277512394019229	0.967	0.942	7.20848276739804e-05
Cep192	-0.479254995250105	0.839915941965233	1	0.368	0.325	0.914981074854558
Tcirg1	-0.479801079960347	0.978083095548916	1	0.123	0.117	0.988950685499459
Slc29a2	-0.479954131369879	0.816565213225519	1	0.175	0.173	0.906188224433197
Efr3a	-0.479963824067296	0.222686703066955	1	0.476	0.469	0.365273547468879
Cacng5	-0.479987178885549	0.704311417032371	1	0.17	0.174	0.83396264920947
Bnip2	-0.480293992906976	0.229678504815822	1	0.443	0.428	0.374854948051967
Rnpepl1	-0.480635385752715	0.0881041993082471	1	0.462	0.48	0.167466989807843
C730034F03Rik	-0.480777710358654	0.788472058116236	1	0.222	0.212	0.887869541080618
Zfp787	-0.481247544596765	0.373060348951943	1	0.368	0.365	0.551821064755194
Drc3	-0.481357200919706	0.0207980270679188	1	0.16	0.103	0.0479397267718572
Inpp4b	-0.481365949259514	0.889421334595312	1	0.274	0.249	0.943188247028969
Zcchc4	-0.481473820699076	0.887668040130823	1	0.17	0.164	0.942436809865181
Mkks	-0.481556888611653	0.212535146092536	1	0.217	0.24	0.352583941561791
Mef2a	-0.481645434623519	0.103836023496745	1	0.627	0.585	0.193315079531474
Arhgef40	-0.481708812181915	0.408476013925461	1	0.476	0.459	0.590606828476138
Pigc	-0.482522360938586	0.971724837761848	1	0.283	0.254	0.985556487269573
Peak1	-0.48377449601327	0.847833392203736	1	0.231	0.222	0.917928618350071
Tfdp2	-0.484054098605009	0.5481714315989	1	0.236	0.239	0.718049434924654
Cdc42se1	-0.484372775986692	0.296304724127617	1	0.274	0.286	0.461787921530474
Skor1	-0.484520495126064	0.122549822874435	1	0.198	0.241	0.222392034198393
Gm16740	-0.484669936281091	0.504545846556498	1	0.09	0.102	0.682097263311292
Ifit2	-0.484698800579661	0.229735965186611	1	0.09	0.117	0.374854948051967
Ube2l6	-0.484756694070593	0.997205461926948	1	0.113	0.108	0.998806112748661
Mief1	-0.485039784653553	0.619211670868618	1	0.193	0.198	0.774324814873782
Gbe1	-0.48507146154322	0.231717735238873	1	0.189	0.212	0.377806296201342
Me2	-0.485511165735483	0.418658494431445	1	0.274	0.276	0.6003612290468
Dpp8	-0.485942585195376	0.832885771577763	1	0.443	0.391	0.912548245182878
Tmem44	-0.486126790811479	0.587808862937964	1	0.307	0.299	0.750525902751542
Galnt14	-0.486392566686949	0.189086243910232	1	0.226	0.262	0.320251536797167
Mpst	-0.486685517745798	0.00626485069841835	1	0.571	0.587	0.0166452967461626
Fah	-0.486944520010748	0.631396028153924	1	0.179	0.182	0.78172841580962
Zbed3	-0.48780885447338	0.429021620665683	1	0.292	0.286	0.610015116884018
Api5	-0.488060345245953	0.212960439444916	1	0.401	0.396	0.353155352883596
B230307C23Rik	-0.488204293989404	0.91713633898444	1	0.208	0.196	0.956683453130015
Mtap	-0.488340159071996	0.222533307180041	1	0.245	0.265	0.365273547468879
Lmf1	-0.48842878922372	0.538203626355906	1	0.335	0.325	0.708948564512242
Mns1	-0.488471505767806	0.486027244633163	1	0.127	0.141	0.665089913708539
Gpr19	-0.488564231999784	0.433392021036692	1	0.401	0.389	0.614828303958517
Nr1d1	-0.488566624695132	0.480169125334655	1	0.094	0.108	0.66038373408746
Strada	-0.488995704923493	0.345763506831588	1	0.283	0.292	0.520274893082333
Rnaset2a	-0.489042639559021	0.510232618728401	1	0.311	0.257	0.68617490104854
Mms19	-0.489577343706532	0.364901463632445	1	0.33	0.322	0.542139317396776
Srcap	-0.49021992000431	0.82748288786086	1	0.349	0.326	0.910210338498171
Map4k5	-0.490239165472818	0.696179852898202	1	0.358	0.338	0.828135511290672
Dtna	-0.490755912865554	0.568903137733089	1	0.797	0.694	0.734763129987621
Itm2b	-0.491519104993165	0.000205276141955568	1	0.991	0.983	0.000814392541382308
Hmbox1	-0.491587402724301	0.246144809575371	1	0.368	0.383	0.397618538544831
Khdc4	-0.491605884002826	0.749754942611057	1	0.476	0.441	0.865467650455892
Vcan	-0.491677526229999	0.0710169445976178	1	0.241	0.293	0.139166448632748
Pkn2	-0.492299124306841	0.488710406427904	1	0.481	0.446	0.667089704774089
Pde5a	-0.492303353037555	0.346164532333405	1	0.113	0.09	0.520677230451899
Ppfia1	-0.492391695049763	0.248178448250114	1	0.33	0.344	0.400009907096452
Arih2	-0.492438347622598	0.37399596476254	1	0.269	0.27	0.552568314521438
Bcl11a	-0.49255312902927	0.382400626510573	1	0.311	0.326	0.562588729066414
Brca2	-0.492569193671447	0.26027576678065	1	0.094	0.117	0.416288740131043
Tle2	-0.492668464606837	0.483239005759603	1	0.255	0.264	0.662040721363294
Sypl	-0.492831997487848	0.227389827866211	1	0.514	0.483	0.371721095853148
Gm715	-0.492852017091112	0.282063614306935	1	0.146	0.172	0.443983375600969
Zfp219	-0.493249376094427	0.354820232553304	1	0.476	0.448	0.530954017058182
Hacd2	-0.49333692079512	0.807662275581276	1	0.467	0.421	0.900284808745189
Nrxn3	-0.493415643224577	0.00217729496317488	1	0.792	0.791	0.00648937220075806
Psat1	-0.493465695407589	0.220275784352594	1	0.458	0.444	0.362397222618504
Cdk2ap1	-0.493525286843001	0.056389124681507	1	0.585	0.583	0.114031341022603
Vrk1	-0.49355958150398	0.561686236033649	1	0.297	0.287	0.72910712600148
Usp24	-0.494081690133493	0.225404633198748	1	0.373	0.377	0.36875184936784
Il13ra1	-0.494388354055729	0.717445080559286	1	0.123	0.108	0.842614237570278
Orai1	-0.494538994640994	0.884779571309408	1	0.358	0.325	0.940778278354307
Zeb2	-0.494769237157265	0.0169168920690445	1	0.58	0.618	0.039791591038011
Gem	-0.495154491546165	0.305225419166145	1	0.127	0.149	0.472942401886386
AI987944	-0.4953268669884	0.45493259429243	1	0.241	0.247	0.636293811037251
Fcho2	-0.496189957420694	0.834135314984132	1	0.453	0.397	0.91291836466493
Oat	-0.496290679681552	0.00147406365916701	1	0.821	0.766	0.00460895494863385
Ppp1r14b	-0.496435944626567	9.6440501014804e-07	0.0220945187824916	0.877	0.873	8.31155840140208e-06
Numa1	-0.496828320633754	0.167001121115101	1	0.41	0.425	0.28855257002799
Zfp608	-0.496981326566561	0.749101819267881	1	0.453	0.415	0.864942306783532
Gm10033	-0.49707314431255	0.606876165458144	1	0.377	0.362	0.765066158731186
Cspg4	-0.497456386056266	0.199819319545394	1	0.146	0.177	0.335309561188737
Pals2	-0.497552295337517	0.325009528741221	1	0.618	0.59	0.496899412510205
Eif2d	-0.497602035861877	0.17657330068041	1	0.415	0.406	0.302222640036061
Foxo1	-0.497670405403311	0.352667162427719	1	0.09	0.11	0.52827509104399
Tmcc3	-0.497696668399344	0.120571682310856	1	0.358	0.378	0.219440461805758
Tm7sf3	-0.498138933719929	0.424920760708329	1	0.557	0.515	0.605761711088114
Gm10830	-0.49822218431339	0.505448691849314	1	0.151	0.128	0.682895108567214
Fam120a	-0.49852353438851	0.166377603545469	1	0.476	0.47	0.28792171339533
1700016K19Rik	-0.499028686509325	0.326223142395648	1	0.132	0.106	0.497883538079732
Nadk2	-0.499272335444783	0.658503769998632	1	0.358	0.339	0.803384984951405
Scn8a	-0.499475913282194	0.607253748241992	1	0.594	0.527	0.765066158731186
Wipf1	-0.499680023018516	0.175913601785586	1	0.085	0.115	0.301684575029227
Lpcat2	-0.49969148877642	0.984058636080253	1	0.212	0.2	0.992173330262349
Zfp521	-0.499847276746824	0.38685689523916	1	0.217	0.231	0.567043932350554
9130004C02Rik	-0.50000668918666	0.866824861965639	1	0.137	0.127	0.929379233447695
St6galnac3	-0.500061756870541	0.549778652408768	1	0.208	0.21	0.718344845254289
Cd81	-0.500152007450552	0.155374146729698	1	0.991	0.962	0.271904756776971
Tom1	-0.500200154120468	0.66463534014103	1	0.241	0.236	0.806872475190667
Pdpr	-0.500291234893762	0.491395032940361	1	0.09	0.103	0.669707801523712
Phip	-0.500434543279415	0.0416219926785576	1	0.788	0.755	0.0879984821006485
AW554918	-0.500494705387909	0.700196281556312	1	0.184	0.182	0.830876761162177
Scfd2	-0.500568643577546	0.476364074060038	1	0.222	0.184	0.655976757722019
Decr1	-0.500658340414756	0.153555073415231	1	0.302	0.329	0.269693832198524
Tob1	-0.500909682044616	0.0347352137059654	1	0.533	0.538	0.0752596296962583
Chsy1	-0.500922516960691	0.389618081264435	1	0.184	0.15	0.569752855360914
Nrcam	-0.501783119528016	0.0134466201206383	1	0.802	0.787	0.0324681242050571
Amd1	-0.502115853095277	0.365115567456455	1	0.415	0.395	0.542272967919005
Mfsd2a	-0.502867216272273	0.0481350586489222	1	0.179	0.237	0.0996936634321917
P2rx4	-0.502867727402978	0.0804223083013678	1	0.226	0.278	0.154478734679144
Acap3	-0.502889058881736	0.0966916800203231	1	0.41	0.429	0.181684789715698
Armc5	-0.503619141412068	0.214858927677073	1	0.142	0.17	0.355628569948259
Pibf1	-0.504579202421925	0.466798335827704	1	0.377	0.365	0.647499247664468
Chst15	-0.504636400998675	0.698599824496371	1	0.16	0.14	0.829697677292877
Acss2	-0.504821103327217	0.877855077432645	1	0.255	0.241	0.935008773037258
Cyp4f17	-0.504906377869009	0.84197108703122	1	0.118	0.11	0.915541376189288
Cnppd1	-0.505488403076487	0.264891522177462	1	0.278	0.294	0.421971615197358
Spred1	-0.505747264699116	0.0969100054645113	1	0.533	0.535	0.181987490915299
Abhd5	-0.506117027685991	0.650707526888954	1	0.245	0.241	0.797461988884499
Acer3	-0.506272026783776	0.944397432160599	1	0.354	0.312	0.971075325724457
Pikfyve	-0.50635111464305	0.975658083859878	1	0.269	0.249	0.987893457859999
Tmem176a	-0.50663648429851	0.38044190774295	1	0.278	0.287	0.560084345473948
Shc3	-0.506846254573421	0.696694310083802	1	0.146	0.148	0.828521847657514
Sufu	-0.507585776806271	0.458185455654836	1	0.113	0.128	0.639614595813463
Nxn	-0.507721322326312	0.789712920046116	1	0.406	0.368	0.888579607099803
Zfp84	-0.507782202501676	0.91249735146758	1	0.137	0.126	0.953795728122492
Nek9	-0.507794183864702	0.839556564384566	1	0.198	0.182	0.914981074854558
Setd7	-0.507938905726376	0.786776290593551	1	0.222	0.199	0.886896554465122
Aldh16a1	-0.508509451970868	0.395188622415367	1	0.09	0.106	0.575970604841616
Selenoo	-0.508718435872124	0.685678256768294	1	0.354	0.331	0.821009491656773
Slc35a4	-0.509055741629459	0.387456330857655	1	0.363	0.354	0.567351409046676
Pdgfra	-0.509729795153804	0.0655447008433894	1	0.198	0.252	0.129899842687806
Slc39a14	-0.509730215001104	0.539589488326826	1	0.137	0.147	0.70991773644927
Npr2	-0.510217383070235	0.978966854715989	1	0.142	0.136	0.98915734938687
1600012H06Rik	-0.510257759750696	0.611111612743167	1	0.25	0.246	0.768817835386565
Asxl1	-0.510734177078465	0.234746141081194	1	0.335	0.344	0.382030977735713
Crtc2	-0.510981566855256	0.946307011075525	1	0.179	0.167	0.972352158169347
Zkscan3	-0.511177272844774	0.00960497477427013	1	0.675	0.658	0.0242133130540261
2810403D21Rik	-0.511557605161159	0.778918730010766	1	0.137	0.137	0.883091340266681
Ints4	-0.511663230783327	0.335876180458717	1	0.274	0.282	0.509058694047078
Mief2	-0.511752195070292	0.325201747908338	1	0.264	0.279	0.497019326404345
Cdc73	-0.511837069014391	0.22850204175997	1	0.443	0.441	0.373399520541544
Frmd5	-0.513162229410177	0.692652873167945	1	0.292	0.278	0.82641566511816
Ptbp3	-0.513294030295741	0.292535984038948	1	0.41	0.395	0.457336141117439
Bcl2	-0.513367350089415	0.387920284893442	1	0.476	0.452	0.567840417029006
Lap3	-0.513569890919924	0.151794260439691	1	0.566	0.526	0.267138327800391
Grm3	-0.513587596455894	0.488476433095156	1	0.311	0.263	0.666978762038024
Rnf13	-0.513805472845376	0.0096924741840079	1	0.764	0.753	0.024401571893802
Slc30a1	-0.514071077911206	0.719469454289377	1	0.212	0.186	0.844342443937668
Serpine2	-0.514492957580727	0.971028780463453	1	0.66	0.612	0.985467870135772
Fmr1	-0.514924932879376	0.225873202359367	1	0.604	0.55	0.369380062862491
Ptk2	-0.515080462528442	0.108330154915921	1	0.453	0.475	0.200757792394036
Memo1	-0.515638030389524	0.336993389710532	1	0.472	0.448	0.510044049291616
Card19	-0.516582114797491	0.390294810418867	1	0.387	0.379	0.570222717046162
Scaf4	-0.516665990426793	0.600056676658214	1	0.203	0.204	0.760360460813735
Limch1	-0.516759147920247	0.144237467374966	1	0.571	0.526	0.255589962472151
Cxcl14	-0.51748276844253	0.0528932393060169	1	0.189	0.241	0.108214365006408
Banp	-0.517532528790867	0.435237865861046	1	0.392	0.375	0.617246427948393
Tsga10	-0.517550777658591	0.951065835404747	1	0.245	0.226	0.97405261621153
Prim2	-0.517927596578254	0.280682920017221	1	0.241	0.261	0.442128739500621
Mkln1	-0.518101608044883	0.000485148240734009	1	0.783	0.771	0.00172286789880175
Cdkn1b	-0.518334564529385	0.123266052165657	1	0.344	0.375	0.223413326082818
Enpp2	-0.518347809525281	0.730588075636099	1	0.538	0.497	0.852125157377431
Prpf38b	-0.518377772380108	0.0539189448789683	1	0.689	0.64	0.109747414366884
Rnasel	-0.518425982009783	0.234295591372129	1	0.259	0.281	0.381439859527939
Ddr1	-0.518978091196701	0.152984018057378	1	0.453	0.449	0.268798950472497
S100a11	-0.519120606907194	0.667443274440822	1	0.311	0.274	0.80960628235421
Rhoq	-0.519294895993367	0.217394812842268	1	0.198	0.229	0.358738399129214
Ipo8	-0.519381104536343	0.473652437264417	1	0.241	0.252	0.653478788999043
Nim1k	-0.519602532129057	0.866618636105096	1	0.377	0.331	0.929379233447695
Mras	-0.520215316037349	0.0755008587687666	1	0.561	0.56	0.146442163011533
Elovl1	-0.520334059387983	0.970072284289257	1	0.179	0.17	0.985467870135772
Utp23	-0.520492151368867	0.374646355858412	1	0.165	0.182	0.55323031859011
Rasa3	-0.520641142750533	0.0960462686350224	1	0.241	0.275	0.18067618492583
Mthfd1	-0.521061121764707	0.670906094500853	1	0.236	0.231	0.811920161681466
Traf4	-0.521068537704746	0.108403065924446	1	0.585	0.577	0.200785801785898
Dusp16	-0.521167561958845	0.624235753499433	1	0.104	0.111	0.777712998084861
Nedd1	-0.521281560332509	0.89057756198282	1	0.104	0.102	0.943671788786442
Rab34	-0.521743213959241	0.0898819597058085	1	0.684	0.654	0.170401215275595
Dag1	-0.52193457068789	0.329891831649458	1	0.561	0.535	0.502429400503777
Cald1	-0.522519390753961	0.923436324971345	1	0.443	0.409	0.959513547083868
Stk38	-0.524473726875464	0.033078108507378	1	0.495	0.514	0.0722787283442857
Lix1l	-0.525375353588606	0.05884037865449	1	0.472	0.491	0.118276472141193
Mrtfa	-0.525448550734593	0.917697726331218	1	0.236	0.221	0.956683453130015
Septin10	-0.525650911299011	0.939277248800051	1	0.132	0.127	0.966493056009099
Son	-0.526237760289423	1.90635889054917e-06	0.0436746821824816	0.962	0.948	1.48166826226313e-05
Serinc5	-0.526470346162406	0.628466264519022	1	0.292	0.28	0.781001899407724
Prkg1	-0.526686855728888	0.921962250480888	1	0.203	0.185	0.958692222776907
Sox8	-0.526800434066763	0.00214903951034721	1	0.165	0.263	0.00643386194735887
Rmdn1	-0.526860854911697	0.164571770980576	1	0.33	0.342	0.285370978818244
Haus4	-0.526929385586433	0.240976062597195	1	0.222	0.241	0.390859057342944
Dbndd2	-0.527222660305151	0.889338099712992	1	0.632	0.53	0.943188247028969
Qser1	-0.52724439819409	0.918211447482606	1	0.241	0.223	0.956990599523746
Tmem164	-0.527942965670792	0.521041035851752	1	0.16	0.172	0.695385911986884
Mre11a	-0.528058410924722	0.757089660759077	1	0.156	0.155	0.870999806634872
1700096K18Rik	-0.528968357826408	0.734593379668802	1	0.156	0.156	0.855198262898008
Zfp26	-0.529007094705737	0.286948873594916	1	0.311	0.325	0.449889691264391
Axin1	-0.529074691929264	0.681834302077373	1	0.259	0.246	0.817976443689636
Gna12	-0.529872946808584	0.0551554099231051	1	0.458	0.479	0.111951129435001
Nr2f1	-0.530228021602092	0.873671683513334	1	0.599	0.528	0.932599685627136
Polr3a	-0.530669791194407	0.482559799171529	1	0.222	0.226	0.662040721363294
Mcm5	-0.531167620346499	0.689296817791374	1	0.123	0.129	0.824664064670699
Mmut	-0.531738968754279	0.766189138012016	1	0.269	0.249	0.875415682667143
Patz1	-0.531995124654934	0.0302803200858856	1	0.325	0.369	0.0668677644768191
Sipa1l2	-0.532132216874182	0.210547010639806	1	0.311	0.332	0.349950282524609
Zfp518a	-0.533101477130158	0.907374541566405	1	0.127	0.119	0.951599519222582
Jrk	-0.533510692359342	0.31650806956117	1	0.085	0.104	0.486626979177469
Itprid2	-0.533518299597433	0.22087680731716	1	0.094	0.121	0.363249207214365
Grid2	-0.533718968719827	0.308196860835635	1	0.741	0.658	0.475522390720613
Ctdp1	-0.534076821963945	0.865848913653969	1	0.127	0.116	0.928788815039424
Sfmbt2	-0.534125049582699	0.759366122024455	1	0.113	0.116	0.871953528129027
Poglut2	-0.534976369599842	0.973996998267667	1	0.179	0.168	0.987104150448531
Serp1	-0.535627710751999	0.0340592357255146	1	0.528	0.525	0.0741259300692814
Tcp11l1	-0.535890692201029	0.306822107351214	1	0.245	0.264	0.474071087693705
Gm15417	-0.536004386528155	0.60087833695761	1	0.108	0.116	0.760764224878504
Mipol1	-0.537087974006989	0.503291309968363	1	0.123	0.134	0.680611901529973
Arhgap31	-0.537681652493892	0.00403575406808353	1	0.165	0.253	0.0112352923960413
Chd2	-0.538066620928015	0.40693256392755	1	0.344	0.355	0.589155266567961
Iqcg	-0.538325946876531	0.506056294007114	1	0.222	0.188	0.683293320625371
Fam228b	-0.539024189314722	0.926260755001423	1	0.208	0.188	0.960794035342043
Elf2	-0.53947843536326	0.500916763029803	1	0.368	0.354	0.678871989113924
Frmd4b	-0.539658012077724	0.48088590275095	1	0.307	0.3	0.660745398935562
Fkbp15	-0.540314261025489	0.252935557537074	1	0.292	0.241	0.406483633304613
Kcnmb4	-0.540364293205615	0.272122070960996	1	0.528	0.492	0.430975056547364
Slain1	-0.540924545884904	0.331334130969606	1	0.462	0.417	0.504098740534741
Gab1	-0.541663521109012	0.288171536196269	1	0.16	0.179	0.451320641844856
Col11a2	-0.541835738486091	0.317847673858315	1	0.33	0.263	0.488171110904754
Eci2	-0.542292664869046	0.0577595882597192	1	0.665	0.627	0.116425418328774
Atosa	-0.542413273723821	0.52752957982677	1	0.292	0.292	0.699275973732115
Asl	-0.54264245357397	0.155363851524352	1	0.288	0.31	0.271904756776971
Fsd1l	-0.542938236406156	0.0309558997477502	1	0.571	0.569	0.0681872769027599
Usp36	-0.543164582965743	0.343285513894591	1	0.274	0.287	0.517687936611011
Pcp4l1	-0.543203531630224	0.439253817963437	1	0.255	0.269	0.621539782884739
Zfp397	-0.54445026289173	0.199910546651579	1	0.5	0.49	0.335333820189745
Igfbp4	-0.544621519008597	0.0366194453467058	1	0.387	0.296	0.0788726515159817
Ago3	-0.544933404457906	0.272298696719114	1	0.321	0.34	0.431098480343998
Lactb2	-0.54501814022767	0.427499990031274	1	0.104	0.119	0.608842502920315
Pcnx3	-0.545057694621117	0.300966528209293	1	0.363	0.367	0.468003487083728
Gstcd	-0.545137697537175	0.678646942884991	1	0.113	0.117	0.81639489025658
Vcl	-0.545806270912074	0.780506778256538	1	0.17	0.155	0.883506850258804
Actn4	-0.546014136190679	0.047482972133521	1	0.505	0.511	0.098576816672633
Rnf141	-0.54607917410778	0.131125574982905	1	0.259	0.298	0.236048037629406
Spata6	-0.546383218327423	0.384358709213983	1	0.165	0.182	0.564518776680121
Cklf	-0.546485307430405	0.32822737819646	1	0.425	0.416	0.500243261675555
Unc5c	-0.546898700851852	0.415144615231967	1	0.443	0.425	0.596497262938563
Oma1	-0.547967908993474	0.900602969570212	1	0.146	0.14	0.948923682833423
Ctdsp2	-0.548871784835909	0.76359384250256	1	0.259	0.249	0.874050813430603
Sirt1	-0.549024081733853	0.989903899761563	1	0.175	0.164	0.995372982080688
Igflr1	-0.549187429099396	0.698632796951283	1	0.127	0.112	0.829697677292877
Arl13b	-0.549410490422005	0.364237933750594	1	0.189	0.203	0.541659571692736
Slc2a12	-0.550068273922303	0.872193846900651	1	0.146	0.134	0.931954534870504
Zfp395	-0.550457301743319	0.880565280580592	1	0.198	0.19	0.937438251419943
Pantr1	-0.550743799137753	0.00419904242189573	1	0.401	0.458	0.0116379551388582
P4ha1	-0.551000102254895	0.588714830071987	1	0.25	0.249	0.751095917211524
Slc39a1	-0.55101918652917	0.0850053715067634	1	0.387	0.402	0.162212085077127
Lin9	-0.551147853609619	0.8031799331625	1	0.123	0.124	0.897193889990925
Pigs	-0.553086594121145	0.535756054764362	1	0.538	0.487	0.706576825848651
Ncan	-0.553575271134776	0.334442546975851	1	0.807	0.736	0.507414048346827
Gm54798	-0.553847109429294	0.814460526681691	1	0.156	0.142	0.904850944353144
Rb1	-0.554089781990125	0.510187735412976	1	0.358	0.34	0.68617490104854
Ddx23	-0.554129177504588	0.140277187621346	1	0.245	0.275	0.249483206649039
Top3b	-0.554463965387619	0.427945051653971	1	0.354	0.347	0.608928254260058
Nr2c1	-0.554684709669133	0.0744387037286276	1	0.146	0.19	0.144896728113478
Dock10	-0.555015159030519	0.902993501582242	1	0.316	0.286	0.949428188555817
Arfip1	-0.555066425954797	0.26239941965004	1	0.193	0.218	0.418612368528624
Rnf122	-0.5554158389533	0.0318812973609955	1	0.123	0.175	0.0698966119174392
Blm	-0.555574561391492	0.521882246879425	1	0.108	0.12	0.696055466983001
Tmem229a	-0.555577726533146	0.571963756543246	1	0.241	0.206	0.736441563379297
Sertad3	-0.555957219562471	0.385212548785082	1	0.108	0.125	0.565421109514563
Flna	-0.556609093015443	0.844111524949209	1	0.325	0.298	0.915697473650689
Ndst2	-0.557049377609125	0.970461761916858	1	0.142	0.133	0.985467870135772
2500004C02Rik	-0.557328966481111	0.170762488013624	1	0.099	0.13	0.294236902423475
Slc30a10	-0.557364323798633	0.148739277096627	1	0.396	0.311	0.262184488441512
Cramp1	-0.557554880146016	0.894140228831457	1	0.259	0.245	0.946370609096312
Acadsb	-0.557915460856653	0.00940084551218724	1	0.561	0.571	0.0237770082207492
Rhobtb1	-0.558003527459856	0.242240205289159	1	0.08	0.105	0.392181325686823
Rab31	-0.558044164492374	0.154870609677914	1	0.208	0.243	0.271397631320296
Sox11	-0.558424905726971	0.000514631019968456	1	0.731	0.754	0.00181722578433486
Mir124-2hg	-0.558471222410624	0.428479296943333	1	0.731	0.622	0.609442386534835
Cd2ap	-0.558757236302771	0.554594832419063	1	0.476	0.439	0.723125441195961
Rnf144a	-0.559386923245965	0.278899613057073	1	0.255	0.271	0.43947817815054
Pou3f2	-0.559406786326198	0.911097197821333	1	0.358	0.322	0.952986724157946
Itga9	-0.559740266189309	0.162262938203443	1	0.071	0.1	0.281702907024102
Thbs3	-0.560294894605621	0.285418439926495	1	0.137	0.161	0.447937173039744
Eeig1	-0.560851360050273	0.537497782906	1	0.193	0.201	0.708232372770259
Ier5	-0.561128377152072	0.21549371923238	1	0.349	0.356	0.356544153639028
Tmem198b	-0.56115669037301	0.715741066307354	1	0.123	0.125	0.841096846282088
Ddhd1	-0.561701701983544	0.336389084093826	1	0.642	0.578	0.509482496297445
Wwc1	-0.561758584630482	0.615662544797145	1	0.292	0.28	0.77209704153716
Kat6a	-0.561875045383671	0.156586656693504	1	0.33	0.352	0.27347881504887
Pitrm1	-0.562395244018806	0.915370095807574	1	0.203	0.185	0.955625377267563
Cidea	-0.562955435045512	0.442008443771559	1	0.198	0.206	0.624111970114461
Scrn2	-0.563608393325438	0.420315412785005	1	0.203	0.215	0.601776435369207
1700080G18Rik	-0.564081931627836	0.581215748274702	1	0.094	0.103	0.744938494267576
Wwc2	-0.564149994619565	0.0478769011315096	1	0.42	0.435	0.0992060266330332
Kcnip2	-0.564303005468283	0.284615004897703	1	0.368	0.287	0.447032844801571
Efs	-0.564372777871671	0.263241987475775	1	0.25	0.265	0.41965000047233
Frmpd1	-0.564697254238455	0.771367043679281	1	0.137	0.138	0.878918574521079
Syt1	-0.564868844430643	0.0830854397265846	1	0.764	0.692	0.158825908413883
Swt1	-0.566337680148652	0.256108865615785	1	0.387	0.386	0.410676771295797
Fermt2	-0.566894412514474	0.0727316090095253	1	0.594	0.553	0.142080352483724
Eif4ebp3	-0.567044692427797	0.224603514633269	1	0.094	0.121	0.367925364225591
Drp2	-0.567347523008459	0.524314519356021	1	0.184	0.194	0.697170721627732
Ankhd1	-0.567426554364706	0.147304693498781	1	0.278	0.308	0.260075546161145
Klhl5	-0.567499231189746	0.0310044666054701	1	0.377	0.429	0.0682254459106768
Mbtd1	-0.567904894855484	0.780376704887586	1	0.495	0.429	0.883506850258804
Cd55	-0.567976396096245	0.347170448565509	1	0.113	0.131	0.521651365440021
Pid1	-0.56803348511527	0.00403479184554226	1	0.533	0.578	0.0112352923960413
Fry	-0.568129556784934	0.000223027272899184	1	0.854	0.803	0.000876852500471318
Mtrr	-0.568619944821606	0.314377319571004	1	0.108	0.129	0.483861921031059
Sfi1	-0.569115080564244	0.801842673790954	1	0.212	0.193	0.896684280368379
Spry1	-0.569935370080614	0.334842166997677	1	0.274	0.283	0.507843953279811
Tmem260	-0.570687950430173	0.294796806525227	1	0.269	0.288	0.459883018179354
Rap1gap2	-0.570707444800764	0.456917160786362	1	0.25	0.249	0.638048004576351
Shb	-0.570826221407828	0.197366616321061	1	0.189	0.212	0.332070927926316
Gucy1b1	-0.571301094233138	0.450460964568849	1	0.802	0.682	0.63165762222688
Chpt1	-0.571738459646306	0.0602805247301435	1	0.561	0.555	0.120837692529264
Ibtk	-0.571744635489468	0.469913597742552	1	0.283	0.279	0.650580854180497
Fads1	-0.571858058187411	0.143822962967324	1	0.604	0.562	0.255051733518809
Cpsf4	-0.572388790631679	0.498709603095972	1	0.292	0.296	0.677076195692008
Nab1	-0.572692298215826	0.159698898019532	1	0.241	0.27	0.278357855765888
Mtcl1	-0.573220310562657	0.0359840604188165	1	0.377	0.415	0.07763861218089
Dazap2	-0.574853037016983	0.020509380738832	1	0.467	0.488	0.0473994577075229
Carmil1	-0.574895429077248	0.654027331973557	1	0.382	0.352	0.800428766970929
Fgfbp3	-0.575128709036737	0.539991601456889	1	0.307	0.303	0.71023285611674
Smoc1	-0.575370951629729	0.0955215810396828	1	0.222	0.264	0.179844080164368
Hipk2	-0.57687821846614	0.00427998684102542	1	0.528	0.559	0.0118322674187336
Tdrd3	-0.576895232021584	0.141357222227516	1	0.311	0.333	0.25119949010976
Pde3b	-0.577133956351699	0.50172121203663	1	0.146	0.156	0.679254932874835
Pcdhga12	-0.577165131644208	0.781843308615437	1	0.165	0.149	0.884732688312782
Ttyh3	-0.577713619043253	0.0728511544788388	1	0.769	0.741	0.142196889706619
Etfrf1	-0.577950551222609	0.0807376875397577	1	0.325	0.347	0.154880201657295
Kctd5	-0.577985024729759	0.0308203607441069	1	0.557	0.542	0.0679229746368611
Rell1	-0.578051649965202	0.0616490124305897	1	0.08	0.121	0.123326958422364
Tmem132d	-0.57806948426162	0.923487855297752	1	0.165	0.152	0.959513547083868
Clybl	-0.578363576760023	0.125528576500585	1	0.217	0.251	0.227042990540189
Szrd1	-0.578427198596535	0.601937143954686	1	0.25	0.212	0.761883930685038
Tmem39a	-0.578833256314068	0.483980400454631	1	0.118	0.13	0.662496518077665
Cat	-0.579387900230066	0.039435167689184	1	0.401	0.432	0.084148906920545
Maml2	-0.57951259897811	0.176195654672982	1	0.108	0.137	0.301812792004544
Tti2	-0.579525301318827	0.341455916449219	1	0.198	0.213	0.516082852266501
Ccdc88c	-0.580006147493503	0.293291023181619	1	0.165	0.189	0.45818855123652
Prdm10	-0.580261501724479	0.994096380389283	1	0.137	0.131	0.997751146493656
Mex3c	-0.580586764639661	0.247992565840408	1	0.198	0.22	0.39991839429145
Tmbim1	-0.58070371564671	0.671023759997732	1	0.222	0.215	0.811920161681466
Diaph2	-0.581779041399935	0.407777426146862	1	0.118	0.134	0.589857467712085
Gys1	-0.582002901337234	0.417476198589949	1	0.142	0.156	0.599059144362976
Cavin3	-0.582067342255118	0.832950973796734	1	0.472	0.422	0.912548245182878
Lims2	-0.582339966777274	0.57357058396917	1	0.193	0.198	0.737737429557519
Ptk7	-0.582817601303825	0.778208170732477	1	0.156	0.154	0.882912542794665
Snhg18	-0.583017904946763	0.744426524537307	1	0.104	0.107	0.862268918587861
Atf6	-0.583643534278323	0.970546402320811	1	0.231	0.212	0.985467870135772
Foxn2	-0.583934909189203	0.108437203849115	1	0.16	0.199	0.200785801785898
Map3k1	-0.584302259679352	0.0489674569909876	1	0.184	0.236	0.101273604231361
Septin9	-0.584970812933067	0.12703177668225	1	0.255	0.288	0.229571700681865
Tcfl5	-0.585139852205786	0.139585248521808	1	0.137	0.17	0.248556202830516
Wscd1	-0.585986095133317	0.00951870137599375	1	0.783	0.73	0.0240194613577936
Cdk5rap2	-0.586073074788091	0.222693099109347	1	0.123	0.149	0.365273547468879
Ptpn2	-0.586911320101062	0.339515250802917	1	0.311	0.307	0.513505060771172
Rasa2	-0.587635883900772	0.766169424034682	1	0.509	0.428	0.875415682667143
Npc2	-0.58860047989302	0.0325243224705313	1	0.797	0.722	0.0712111481460053
Sbno2	-0.588847076712237	0.321885032824063	1	0.123	0.145	0.492641936088476
Ptprk	-0.589311056589022	0.520771032050563	1	0.33	0.318	0.695385911986884
Insm1	-0.589433939292228	0.472899067859413	1	0.156	0.168	0.653130155297626
Kctd4	-0.589568542425726	0.7557769560785	1	0.335	0.311	0.870233638772065
Bcl2l13	-0.589912906705972	0.232763018219476	1	0.236	0.254	0.37926384058321
Scd2	-0.589936948952102	0.203960140649905	1	0.967	0.888	0.340948294817752
Cyren	-0.589966563932593	0.119084089558352	1	0.165	0.2	0.217276233580151
Zfp740	-0.589993132891607	0.152554502195235	1	0.425	0.419	0.268368129516224
Lamc1	-0.590375577748472	0.600211279506813	1	0.203	0.205	0.760360460813735
Cbr3	-0.590466632237238	0.0613987541161161	1	0.08	0.123	0.12296641814727
Ice2	-0.591287065586689	0.507641864363146	1	0.146	0.155	0.684053274514839
Trp53inp1	-0.592868728360986	0.648952350949617	1	0.165	0.167	0.796288586020147
Ctsl	-0.593748827125599	3.32463993166269e-05	0.761675008343923	0.934	0.914	0.000172122843981636
Enkur	-0.594079169641579	0.252571821159608	1	0.118	0.09	0.406197980421637
Zc3h12c	-0.594158124190244	0.322212960271747	1	0.099	0.118	0.4929689003387
Junb	-0.594570797621309	0.409045848061278	1	0.439	0.447	0.590933015164467
Phf21a	-0.595345723277146	0.176189376360216	1	0.415	0.41	0.301812792004544
Zeb1	-0.595664581564015	0.921824165542104	1	0.505	0.456	0.958692222776907
Flnb	-0.595719293841506	0.134126762556488	1	0.146	0.18	0.240601929711187
Sox4	-0.595828340870349	2.46765149723191e-06	0.056533895801583	0.863	0.862	1.83936889759539e-05
4933407L21Rik	-0.595910056537245	0.0789362717997707	1	0.142	0.098	0.152159591889408
Pik3cd	-0.596342382751779	0.680888168331948	1	0.118	0.121	0.817710956232401
Brinp2	-0.596369530980235	0.3420267235538	1	0.33	0.33	0.516588080388312
Sh3rf1	-0.596544890569465	0.00291860777602393	1	0.325	0.403	0.00840374341837344
Mlh3	-0.597382734793611	0.715127748438042	1	0.198	0.194	0.840828534368067
Elmo1	-0.597464834683361	0.0076021555959198	1	0.608	0.608	0.0197656045493915
Hadha	-0.598225323646935	0.0710599283032365	1	0.481	0.487	0.139188236245981
Lca5	-0.598938777640335	0.75799537983353	1	0.203	0.201	0.871129457626885
Kansl1l	-0.599186897182292	0.919179163753452	1	0.274	0.255	0.957315059437824
Tubgcp6	-0.599649342575483	0.851933969365313	1	0.142	0.139	0.9199623184642
Prox1	-0.599671527641881	0.189318830437669	1	0.08	0.109	0.320521182694472
Nme4	-0.59973579015336	0.383834670039079	1	0.142	0.155	0.56412847871154
Dennd1b	-0.599920099468467	0.293140056384477	1	0.311	0.314	0.458116553233415
Cenpj	-0.60076952064569	0.985316954183834	1	0.104	0.099	0.99258866602283
Ascl1	-0.600872376010201	0.709124793165838	1	0.165	0.169	0.837150566634698
Sertad2	-0.601464656083664	0.142768742060194	1	0.274	0.297	0.253339254494436
Adcy8	-0.602188324358913	0.972495189438783	1	0.236	0.216	0.986016017826756
Clec16a	-0.602493927090678	0.776834690973496	1	0.175	0.172	0.881583250239602
Clk2	-0.603231121683589	0.200205560796426	1	0.241	0.261	0.33565750749759
Fzd9	-0.604494587856378	0.0932545530135535	1	0.113	0.155	0.176153112999098
Zswim6	-0.604889011847107	0.114174240287099	1	0.377	0.396	0.209896078103556
Elovl5	-0.605496220539012	0.0497765639412116	1	0.434	0.448	0.102606904811332
Tcf12	-0.606535429486034	0.000757211966383347	1	0.547	0.616	0.00256395493733524
Pls3	-0.606947093919966	0.447102525211573	1	0.297	0.296	0.628764916331021
Dll1	-0.6070109648429	0.105717393484122	1	0.127	0.167	0.196415812309079
Dhx33	-0.607808938335621	0.675183053013001	1	0.142	0.144	0.814246155593812
Qsox1	-0.608106308105749	0.177078756069094	1	0.33	0.337	0.302502366628425
Whamm	-0.609221412211452	0.761151549102622	1	0.292	0.267	0.872627287790092
Trp53bp2	-0.609524175496665	0.756231459049858	1	0.193	0.191	0.870413442194936
Elk4	-0.609768654685871	0.408890313946416	1	0.16	0.172	0.590933015164467
Lpin1	-0.610364425391902	0.990527794635191	1	0.278	0.257	0.995771094813927
Ccdc90b	-0.61049746645727	0.0373332745559782	1	0.547	0.521	0.0801335347717507
Prpf39	-0.610940759024659	0.0400344569156635	1	0.571	0.578	0.085261095956908
Nsun4	-0.611066286740492	0.716232038440474	1	0.099	0.103	0.841447429776221
Foxn3	-0.611564680700004	0.00176286346995676	1	0.665	0.663	0.00540743513818198
Txnip	-0.611819347599513	0.395527452745634	1	0.425	0.42	0.576272152632731
Tcp11l2	-0.612172507078321	0.00067912748577276	1	0.316	0.419	0.00232296699910369
Adamts10	-0.614300734704441	0.208926447984909	1	0.297	0.322	0.347521220410542
Gpr17	-0.615007524128232	0.305620012706127	1	0.203	0.224	0.473050395287159
Zfp930	-0.615997637920697	0.529188175920158	1	0.146	0.157	0.700877487088917
Zfp142	-0.618067484831199	0.419473812890302	1	0.151	0.162	0.600938542048159
Hells	-0.61839913927326	0.641289748387662	1	0.123	0.129	0.790671513997306
Timp4	-0.618601861208018	0.245769633051159	1	0.311	0.324	0.397159362622073
Wbp1l	-0.619871152792799	0.646106497235233	1	0.222	0.22	0.794778525067359
Wipi1	-0.620037466218291	0.232785338050272	1	0.222	0.248	0.37926384058321
Rfxank	-0.620426556597911	0.929264229379511	1	0.123	0.118	0.961591432794248
Phka1	-0.621070386139217	0.809563782823707	1	0.137	0.137	0.901165801063699
Uvssa	-0.621205059023419	0.124934292296202	1	0.382	0.4	0.226249166148346
C1galt1	-0.622228118878263	0.70101620227756	1	0.288	0.272	0.831172304980559
Xist	-0.622729222760953	0.00115977230414084	1	0.481	0.553	0.0037194459797997
Ldlrad3	-0.623175240130808	0.00520420348483624	1	0.137	0.214	0.0141104660594443
Pmp22	-0.623881315774682	0.200469120786561	1	0.325	0.35	0.335755030519822
Prag1	-0.626120803410357	0.590749158760893	1	0.118	0.125	0.752520363215975
Sp4	-0.626345818750984	0.21707960683155	1	0.297	0.307	0.358353636674305
Plcxd3	-0.628015926211058	0.18220568761288	1	0.618	0.55	0.309919954631253
Nfkb1	-0.628130442028224	0.733438387129164	1	0.292	0.28	0.85430903332805
Pip5k1b	-0.62842978259149	0.822983229270966	1	0.175	0.171	0.908974642668734
Smpdl3a	-0.62874531566453	0.0805344209278406	1	0.462	0.477	0.154558150532868
Stk32a	-0.628965685058532	0.182398453252617	1	0.222	0.167	0.310127070380471
Rad17	-0.629227784608812	0.0497736990821761	1	0.354	0.38	0.102606904811332
1300002E11Rik	-0.629538267337149	0.197231378063087	1	0.245	0.266	0.331987151976711
Nacc2	-0.629699403038657	0.216839356134745	1	0.217	0.242	0.358183931350989
P2ry14	-0.630863243426635	0.630993367359939	1	0.146	0.127	0.781497124096804
Robo1	-0.63171967135467	0.0563037236918184	1	0.33	0.364	0.113964163617175
Peli1	-0.631986655328068	0.0648906053597877	1	0.623	0.596	0.128778811545458
Pygb	-0.632199857092671	0.718072434450834	1	0.519	0.479	0.842929425875099
Etv6	-0.633585774702279	0.173595511004451	1	0.085	0.111	0.298294725439592
Rcn1	-0.634380245326874	0.000566768097235213	1	0.599	0.658	0.0019773506778941
Mpdz	-0.634786664548278	0.710498881789432	1	0.292	0.273	0.838093198934982
Sapcd2	-0.636349303244473	0.669697010599011	1	0.184	0.187	0.811438707987927
Anxa6	-0.636750431488267	0.0949053821231673	1	0.278	0.308	0.178915282310744
Hsd17b7	-0.637363907588513	0.0217005864458898	1	0.245	0.307	0.0497314593891116
Stat3	-0.637958537608479	0.222838244314436	1	0.354	0.36	0.365374418605652
Lrrc1	-0.638876383091633	0.550095000112607	1	0.108	0.119	0.718344845254289
Alms1	-0.639556579781599	0.941665976508573	1	0.17	0.159	0.968494698702483
Tmem176b	-0.640106310412258	0.193873592316009	1	0.462	0.453	0.326965193527539
Dmd	-0.640766343197489	0.512474304656641	1	0.505	0.461	0.68801385090193
Nkd1	-0.641105315314457	0.0741964097413778	1	0.146	0.191	0.144489486290833
AI593442	-0.641203227311734	0.312926580519438	1	0.708	0.573	0.482138731466986
Magt1	-0.641289725463346	0.0873903996954053	1	0.175	0.215	0.1662549067376
G0s2	-0.642273617132584	0.240247666943289	1	0.184	0.21	0.389822365976333
Smpd2	-0.642290983520057	0.0455668952613087	1	0.363	0.392	0.0951415862817382
Rock1	-0.642811932523704	0.0205343608094749	1	0.542	0.552	0.0474226111471855
Ophn1	-0.643213956132787	0.224929090169997	1	0.476	0.462	0.36811175191553
Aopep	-0.643361472607044	0.440823160051849	1	0.311	0.308	0.62314419518009
Gadd45g	-0.643860949861853	0.02547841921934	1	0.552	0.573	0.0573067637230058
Grb14	-0.643876148944086	0.518241341908705	1	0.354	0.337	0.693104158437607
Zmynd10	-0.646342432952942	0.190641406151106	1	0.104	0.076	0.322260705134688
Aldh6a1	-0.647737046424589	0.097329937154734	1	0.212	0.247	0.182697535664752
Pag1	-0.64795930242106	0.0791704374348514	1	0.226	0.265	0.152476398022677
Atl2	-0.649490672484319	0.819144331990184	1	0.491	0.436	0.907206501555052
Tyms	-0.649960953141852	0.128829186194673	1	0.17	0.205	0.23243530991257
Slc35f6	-0.650214707904688	0.150345068658685	1	0.274	0.301	0.264694582789656
Cyp20a1	-0.650302789812066	0.17617139534673	1	0.33	0.342	0.301812792004544
Dmxl1	-0.650789995035135	0.0456440809250532	1	0.458	0.473	0.0952117218150106
Sfxn2	-0.651130865448565	0.721581404573111	1	0.142	0.143	0.845004711843257
Mif4gd	-0.652072766729167	0.0559198649846179	1	0.274	0.31	0.11329219399481
Mtmr10	-0.652197038939474	0.0878830276811877	1	0.123	0.165	0.16711931428447
Gm43672	-0.652741027739979	0.934806187230024	1	0.123	0.114	0.964163736911628
Ikbip	-0.653636317931828	0.0775900547871386	1	0.354	0.381	0.149829071313095
Shmt2	-0.654463692366935	0.270328331834877	1	0.274	0.283	0.428600418676858
Rhog	-0.655885664202441	0.0157588967748101	1	0.052	0.102	0.0374713451890967
Tspan12	-0.656267377514017	0.0232133140605829	1	0.392	0.425	0.0527200725711312
Gstm1	-0.656674703141869	0.196325490773946	1	0.637	0.593	0.330717217007557
Ddx21	-0.65696255331215	0.387153721136329	1	0.226	0.233	0.567098408425046
Asic4	-0.657231233222012	0.468779669849465	1	0.208	0.217	0.649628679537583
Fgfr2	-0.657901941357393	0.40634781562067	1	0.099	0.114	0.589051072947058
Cdh6	-0.658517997772536	0.113721835833433	1	0.387	0.409	0.209228146454815
Grtp1	-0.658871139538947	0.0638876161205537	1	0.165	0.215	0.127134900781129
Afap1l2	-0.659033338121216	0.0234168415462781	1	0.137	0.196	0.0530749982612899
Zfp280c	-0.659672221004917	0.95466225587238	1	0.212	0.198	0.976054011110738
Lmcd1	-0.660646360843926	0.200306753466199	1	0.113	0.142	0.33565750749759
Adi1	-0.660703870466498	0.414936217712867	1	0.094	0.108	0.596394010848899
Itgb8	-0.661303900648069	0.189966945744606	1	0.255	0.277	0.32136933346725
Usp3	-0.66234747490095	0.0816500592462687	1	0.217	0.26	0.156355746947699
Zbtb37	-0.662783618462698	0.577491171046126	1	0.316	0.299	0.740816867879436
Gm26638	-0.663073160747875	0.93565636341525	1	0.127	0.121	0.964585082699507
Fmnl2	-0.663514822102127	0.0525079617173868	1	0.255	0.302	0.107577287420988
Gba	-0.663696856949651	0.356570013012123	1	0.146	0.161	0.532984479731813
Rnft1	-0.664140486081024	0.276410506441507	1	0.156	0.176	0.436343004024757
Ntrk2	-0.66506505130007	0.0635021605362932	1	0.943	0.868	0.126483099508677
Inava	-0.665391521232054	0.230984928995271	1	0.113	0.139	0.376752117196171
Mir100hg	-0.665579891281542	0.00134314832516132	1	0.84	0.783	0.00426061865236359
1110017D15Rik	-0.66562790440038	0.017478050560987	1	0.179	0.117	0.0409791330383205
Stard3	-0.666849818634991	0.228874666269903	1	0.297	0.3	0.37386856479691
Pllp	-0.66744725074305	0.461683461156402	1	0.236	0.241	0.642444523202027
Stxbp6	-0.66816675580665	0.113560788682971	1	0.165	0.205	0.209032248195203
Eps8l1	-0.668784467055163	0.70475569735841	1	0.137	0.138	0.83396264920947
Snta1	-0.668876851680987	0.690092806324174	1	0.274	0.235	0.824712825724758
Caskin2	-0.669436642144171	0.1008901505755	1	0.113	0.153	0.188893346641141
Efcab14	-0.66968522185718	0.0839985697485677	1	0.344	0.367	0.160501204138996
Asrgl1	-0.669867827106292	0.999846823842236	1	0.693	0.57	1
Ppox	-0.670163434705404	0.117919242941736	1	0.382	0.394	0.215510984589751
Ikzf2	-0.67095098993836	0.621225277468045	1	0.255	0.245	0.775408638182456
Csgalnact1	-0.671154169388108	0.840588738180215	1	0.146	0.132	0.915177369982846
Pcgf5	-0.671383789280774	0.894695571018727	1	0.278	0.256	0.946483471593558
Usp54	-0.672592679996766	0.50624736294674	1	0.165	0.175	0.683340074583239
Slc6a8	-0.672652050803209	0.205780740586559	1	0.321	0.324	0.343334711566879
Med12	-0.673156797893064	0.654410607443612	1	0.17	0.174	0.80046640529647
Sgpl1	-0.673290665622503	0.501942257373074	1	0.231	0.231	0.679254932874835
Idh2	-0.673932378391883	0.00904515393096769	1	0.712	0.692	0.0229571367637809
Slc2a1	-0.674957053844059	0.109842768824522	1	0.151	0.189	0.203044102507623
Zfp692	-0.675510346143367	0.48721344131258	1	0.259	0.258	0.665878695761373
Hunk	-0.675527799056481	0.358563884390367	1	0.123	0.141	0.535089527508412
Dnajc1	-0.675908993075224	0.261938809435643	1	0.363	0.358	0.418106696967453
Eci1	-0.676659105120726	0.564560783178015	1	0.476	0.423	0.731988913950689
Gng12	-0.677017941999992	0.174311382803571	1	0.406	0.404	0.299289355379717
S100a13	-0.677643421549188	0.00763413742651282	1	0.226	0.301	0.0198251559328228
Lamp2	-0.678773657542181	0.12017397927259	1	0.651	0.599	0.218902486609179
Gm2a	-0.679135761156239	0.000591208643019049	1	0.514	0.571	0.00205441475951249
Cyp4f16	-0.679661387069748	0.104045313490612	1	0.066	0.1	0.193556187958686
Sinhcaf	-0.680474029508924	0.321886466482718	1	0.113	0.133	0.492641936088476
4930503L19Rik	-0.681736529891463	0.255283675847995	1	0.175	0.196	0.409503891334572
Tmem241	-0.68190046962511	0.53714097652297	1	0.137	0.144	0.708035498838859
Vwa8	-0.682122374945551	0.747050693924388	1	0.16	0.159	0.863944249685392
Prdm2	-0.682708572188666	0.0185710004070712	1	0.184	0.25	0.0433554942694211
Cep85l	-0.683039992655471	0.79017052027815	1	0.151	0.15	0.888636671620741
Fam120aos	-0.683273609933151	0.0616634792111818	1	0.311	0.334	0.123326958422364
H1f2	-0.683301537800567	0.831548773376918	1	0.156	0.142	0.912396577397647
2810002D19Rik	-0.684302495092385	0.0233816421565211	1	0.146	0.207	0.0530275248908017
Atp6v0e	-0.684563544671045	0.00391744214264779	1	0.561	0.596	0.0109618111973642
Usp25	-0.684823500402005	0.406660076218836	1	0.198	0.207	0.58906289116636
Etv5	-0.685840888180314	0.803945679833565	1	0.175	0.172	0.897657139446066
Zfpm2	-0.685853649513918	0.403355649244025	1	0.179	0.194	0.586683274030963
Hspa1b	-0.686487674297725	0.19743319593055	1	0.25	0.203	0.332070927926316
Klf9	-0.686809917165318	0.0217862546429449	1	0.344	0.388	0.049875450880704
Stard9	-0.687266922673778	0.459217530153226	1	0.113	0.127	0.64058245103664
Smpd4	-0.687450550747345	0.432631073471311	1	0.264	0.264	0.614107127039904
Glcci1	-0.687831192924921	0.995656644224693	1	0.274	0.243	0.998399499993907
Npy2r	-0.688291097392262	0.216459186585585	1	0.09	0.117	0.357870449283056
Rgs16	-0.688641586735422	0.154403438554109	1	0.08	0.11	0.270857116306967
Sun2	-0.689113078380394	0.304278800161972	1	0.137	0.157	0.472001634907046
Emid1	-0.689162982374621	0.158741249140131	1	0.16	0.192	0.276909655049557
Map4k4	-0.689360833050702	5.23507234738692e-06	0.119935507478634	0.849	0.838	3.54523969199784e-05
Ttc17	-0.689415641015057	0.191693909184921	1	0.241	0.263	0.323914504959279
Rhobtb3	-0.689969446619846	0.0133781341049126	1	0.316	0.372	0.0323564173700213
Shisa9	-0.689993119565637	0.00813749614427487	1	0.396	0.454	0.0209208847311316
Airn	-0.690205314096571	0.00986514639090617	1	0.052	0.108	0.0247222945699817
Reep3	-0.690397004951939	0.00765328397034861	1	0.316	0.383	0.0198630685576249
Zfand4	-0.690493998717074	0.427946717518055	1	0.113	0.126	0.608928254260058
Chd7	-0.691250862859534	0.000198436243509438	1	0.307	0.424	0.000794472512969041
Polg	-0.691287808515365	0.207607112566546	1	0.297	0.311	0.345985451236425
Smim3	-0.691373601864135	0.522613574515625	1	0.09	0.1	0.69644449942899
Itgav	-0.691534407071644	0.00754559950468308	1	0.123	0.199	0.0196302433808551
Shisa8	-0.692762447930812	0.762787997790477	1	0.104	0.108	0.873815361748965
Atp6v0a2	-0.693289136868238	0.337236211255761	1	0.264	0.269	0.510234766458317
Ckb	-0.693804403128815	6.65713713892183e-09	0.000152515011852699	0.991	0.987	1.08501399338845e-07
Sec14l2	-0.69438937176772	0.769280717603088	1	0.108	0.11	0.877799941089417
Sh3pxd2b	-0.695488252280827	0.67920044170856	1	0.203	0.202	0.816835773508532
Sorbs1	-0.697321239063126	0.246334813959559	1	0.495	0.469	0.397778361321757
Usp2	-0.698770168263735	0.243915619209497	1	0.16	0.185	0.394455173901179
Nxph1	-0.702032745136348	6.30881187008635e-06	0.144534879943678	0.34	0.498	4.17528640129351e-05
Tmem243	-0.702430847857365	0.195773852410354	1	0.278	0.295	0.329915195728559
Arsb	-0.702690953051692	0.177076857989408	1	0.292	0.309	0.302502366628425
Tcf7l2	-0.703072219422929	0.0131552058279869	1	0.142	0.206	0.031958809263986
Cntrl	-0.70358522102122	0.832914076412424	1	0.16	0.156	0.912548245182878
Fiz1	-0.704751250383394	0.336788153778679	1	0.255	0.256	0.509910105963699
Lhfpl2	-0.705567319520642	0.0466012273595891	1	0.113	0.164	0.0971155348791436
Paqr7	-0.706615691687606	0.618722358486877	1	0.349	0.299	0.774130215855619
Cyfip1	-0.70739985699038	0.15578531354501	1	0.34	0.347	0.272406024645558
Amotl1	-0.707522975296796	0.569675299040844	1	0.208	0.21	0.735287051330384
Kdm3a	-0.707682729638122	0.101874432710363	1	0.16	0.201	0.190246909824227
Errfi1	-0.707819524848256	0.0173325538109506	1	0.189	0.254	0.0406598254813278
Pnp	-0.708117980198776	0.627430488154635	1	0.368	0.341	0.780357736975925
Rgma	-0.708790565012481	0.0863333340645525	1	0.434	0.463	0.164387098166506
Slc3a2	-0.709225965378832	2.66160263235746e-05	0.609773163073095	0.877	0.827	0.000141606337370736
Lrrn1	-0.710104865162464	1.52068757022829e-05	0.348389522339301	0.462	0.579	8.77290738659806e-05
Mdn1	-0.711963211139555	0.114224141568554	1	0.226	0.266	0.209899474283318
Sgcd	-0.712236019547462	0.346869806264708	1	0.151	0.167	0.521378979271936
Atm	-0.712538688215466	0.87561627078274	1	0.137	0.131	0.93379478028926
Metrnl	-0.714705086267536	0.0066286095181684	1	0.25	0.319	0.0175053001060215
Kat2b	-0.714710228643443	0.159035192950096	1	0.142	0.175	0.277311665790826
Esrra	-0.715396302805174	0.214592668896983	1	0.255	0.267	0.355322508620934
Tmem177	-0.715812955712587	0.316496178706418	1	0.099	0.118	0.486626979177469
Man2b2	-0.716080992382502	0.541393559911153	1	0.118	0.125	0.711028396823963
Tmtc2	-0.716685673877335	0.257440862981094	1	0.208	0.231	0.412207364186736
Slc9a9	-0.716825627299535	0.144475168604899	1	0.071	0.101	0.255803622402189
C430049B03Rik	-0.71733738207481	0.0850683483659528	1	0.108	0.152	0.162261373651739
Antxr1	-0.718020320150598	0.406115696858886	1	0.118	0.132	0.588951664177503
Sema5b	-0.718733950331889	0.483819360341512	1	0.142	0.152	0.662483688392391
Rdh10	-0.719340779321657	0.475455645801485	1	0.113	0.125	0.655345617185511
Foxj1	-0.719721184336068	0.00138177437750747	1	0.113	0.056	0.00434792214176916
Scrg1	-0.720070478637256	0.177083001709909	1	0.189	0.215	0.302502366628425
Natd1	-0.720380316158657	0.28285329584604	1	0.094	0.114	0.444844875771207
Dap	-0.720600664472529	0.565406518464674	1	0.264	0.25	0.732412714310112
Dennd2a	-0.720801051163955	0.289832366896609	1	0.217	0.231	0.453434018124781
Hes1	-0.721719481018089	0.192323986272693	1	0.146	0.175	0.324853508135778
Smim27	-0.722175179592232	0.367432193523755	1	0.175	0.188	0.545342786718234
Tnfrsf19	-0.723885553841384	0.068400751411219	1	0.085	0.127	0.134826029857493
Ddit4	-0.724525909069653	0.0190280448032182	1	0.467	0.48	0.0442333686537824
Sox5	-0.727475114570625	0.0576462352730556	1	0.184	0.232	0.116250579719625
Fam43a	-0.728155042663947	0.450063203351045	1	0.142	0.153	0.631302528014567
Grk3	-0.729050078779124	0.583379654504401	1	0.561	0.515	0.746397870789463
Lrp10	-0.729368025732929	0.0399943997144949	1	0.34	0.367	0.0852173355867872
Rpp25	-0.730343963403767	0.0497048038514872	1	0.217	0.259	0.102555778565563
Kcnn2	-0.730628397919851	0.82974763016065	1	0.363	0.335	0.911553734542687
Dot1l	-0.730948527292722	0.14497994981934	1	0.41	0.414	0.25648943734746
Tmod1	-0.731064690983569	0.616729770886821	1	0.132	0.138	0.772769833400355
Rin2	-0.732830800308855	0.460245524562018	1	0.151	0.161	0.641465364163017
Mcur1	-0.734042353837867	0.0276589453930463	1	0.179	0.241	0.061545732795123
Klf15	-0.734841201095014	0.121241362364186	1	0.09	0.124	0.220383799753128
Slc25a30	-0.734894332625005	0.0363265645312044	1	0.085	0.135	0.0782804311160833
Draxin	-0.735057938266592	0.883834537769325	1	0.104	0.103	0.940460234099004
Msi1	-0.736543320747694	0.04017689218166	1	0.392	0.414	0.0854609033376758
Col9a3	-0.736737157974168	0.00263197733226033	1	0.566	0.606	0.0076745507258432
Rhoc	-0.738551529974189	0.131209852418543	1	0.264	0.286	0.236048037629406
Npas3	-0.739155255728135	0.20822231673081	1	0.368	0.372	0.346589102677241
Rps6ka5	-0.743669316266535	0.0801685964731691	1	0.151	0.197	0.154059141836693
Cdc42ep5	-0.744573178147631	0.149375885593002	1	0.123	0.154	0.263094301721869
Olig2	-0.744833662646911	0.0113110248089703	1	0.226	0.297	0.0280241386078176
Grik3	-0.747996013643465	0.0226298574094644	1	0.245	0.31	0.0515366095748386
Nck2	-0.748060924818342	0.459835337308031	1	0.236	0.231	0.641098229607877
Ankrd6	-0.748647363603078	0.101180290466381	1	0.179	0.218	0.189198688382173
A830092H15Rik	-0.749543992558241	0.369949537354958	1	0.108	0.124	0.547961878320263
Wdfy2	-0.749588704476479	0.616576103498729	1	0.17	0.173	0.772769833400355
Dleu2	-0.750532505279526	0.3698916683906	1	0.146	0.163	0.547961878320263
Kcnmb2	-0.75094074126055	0.213355765884738	1	0.208	0.233	0.353542483074558
Limd1	-0.751674897428206	0.0296585560045001	1	0.151	0.205	0.0657201022350383
Mcm4	-0.752112432420497	0.0539647944039362	1	0.142	0.186	0.109789577063993
Wnt7b	-0.753367637288509	0.0587562798132666	1	0.09	0.134	0.118161800287453
Gabpb2	-0.75632936354448	0.732883260963842	1	0.156	0.157	0.853890126404391
Arnt	-0.757197712505573	0.425839486043506	1	0.241	0.242	0.606873368691038
Hps5	-0.758677719783214	0.3948500595662	1	0.09	0.106	0.575861455821424
Hcn1	-0.759072167121402	0.173538923647248	1	0.325	0.343	0.298294725439592
Cpne7	-0.759675876739788	0.912525720655653	1	0.245	0.231	0.953795728122492
Tnfaip8	-0.760035875628125	0.0217825568003487	1	0.057	0.106	0.049875450880704
Gpc5	-0.761423569122244	0.529957999464728	1	0.245	0.243	0.701214025285157
Gm20033	-0.76197563595071	0.673740864713672	1	0.123	0.127	0.813408010238614
Penk	-0.763450077402628	0.0481975617805965	1	0.429	0.343	0.0997758056197372
Gabpa	-0.76449638125708	0.241902949611673	1	0.184	0.206	0.391780527958393
Lrp6	-0.764675041046643	0.0468305585689181	1	0.34	0.365	0.0975469145584331
Myl12a	-0.765747769415089	0.217597509249848	1	0.278	0.286	0.358801781956714
Krcc1	-0.766634003920012	0.0104630338675264	1	0.222	0.289	0.0260561755606358
Arhgap15	-0.766684912156277	0.00135820394746596	1	0.189	0.277	0.00429278052324256
Slc5a3	-0.767716956921455	0.13630068959843	1	0.472	0.451	0.243402049127532
Cdk6	-0.769907046912516	0.0952050458911601	1	0.066	0.1	0.179325416322806
Gjc3	-0.770756766569766	0.016263164968484	1	0.075	0.131	0.038523592506691
Adcyap1r1	-0.771563724479833	0.201372933384131	1	0.472	0.469	0.336881261210986
Myt1	-0.772416815113826	0.246820982167756	1	0.184	0.206	0.398268950908297
C1qtnf6	-0.772869361761981	0.548564781214187	1	0.127	0.136	0.718049434924654
Accs	-0.773783271859632	0.119537176551195	1	0.104	0.137	0.218011852682931
Zkscan8	-0.773900581768483	0.29552062363084	1	0.09	0.11	0.460847584441097
Serping1	-0.774422775531166	0.00745655471850156	1	0.094	0.163	0.0194565298747998
Timm21	-0.774825140665757	0.00236488333453618	1	0.429	0.472	0.00696078868278573
Cst3	-0.776678533777583	0.541458638570573	1	0.991	0.972	0.711028396823963
Tjp1	-0.776872586406292	0.0251358812332393	1	0.226	0.281	0.0566530078569604
Uxt	-0.776918781758514	0.138864433254637	1	0.132	0.165	0.247575446716839
Cmtm6	-0.777426279888728	0.464962035995435	1	0.127	0.139	0.64577239212339
Pde9a	-0.777441302580687	0.144438616198362	1	0.118	0.15	0.255803622402189
Meig1	-0.777511356367281	0.116453156377423	1	0.212	0.161	0.213188343276021
Epb41l2	-0.778035310138091	0.00945734453637599	1	0.41	0.451	0.0238784282860638
Tekt1	-0.778209634525048	0.302398681406782	1	0.104	0.08	0.469895923295918
Cthrc1	-0.779240263919119	0.0708095046959599	1	0.458	0.464	0.138822224646298
Ggh	-0.781496180269516	0.00128251282198555	1	0.538	0.581	0.0040801281911383
Plod2	-0.782300252423604	0.0799167829332912	1	0.146	0.185	0.153713884527293
Dhrs4	-0.782764522156841	0.107011463784382	1	0.189	0.225	0.198735575599567
Pdcl	-0.784390863152095	0.00274477002909481	1	0.316	0.382	0.00795564398612219
C920006O11Rik	-0.78441341156542	0.499866218300557	1	0.184	0.189	0.67786887349793
Mapkapk2	-0.784631521076864	0.177891953655185	1	0.236	0.258	0.30352814592416
Adgra3	-0.785848530100037	0.166350456364549	1	0.193	0.223	0.28792171339533
Galnt17	-0.786209291264618	0.0527421239701167	1	0.373	0.405	0.10800637482488
Unc13b	-0.786324421278467	0.224646736810817	1	0.203	0.222	0.367925364225591
Lima1	-0.788335728405151	0.00995350450639659	1	0.189	0.259	0.0249294195435437
Wnt5a	-0.788567551208378	0.205315998409966	1	0.127	0.154	0.342690210567341
Glud1	-0.788648109429577	0.422688814176566	1	0.821	0.754	0.60395967953001
Nppa	-0.788730783802648	0.604584575131312	1	0.099	0.107	0.763023815132497
Malt1	-0.789933282529012	0.252370328889677	1	0.132	0.155	0.40602342415842
Plxnb1	-0.791285266338718	0.411707283116408	1	0.264	0.259	0.593314883752052
Malat1	-0.792112594780955	6.21206705977439e-11	1.42318456339431e-06	1	0.999	1.88432700813156e-09
Sparc	-0.792174168197742	0.000266720719174962	1	0.222	0.316	0.00102017171747481
Gm56589	-0.793118629687518	0.142145808444419	1	0.113	0.145	0.25249812577683
Slc35a3	-0.794217573485823	0.527347102013766	1	0.193	0.196	0.699275973732115
Steap2	-0.794800916639899	0.274472960778686	1	0.212	0.231	0.433911651350452
Cpxm1	-0.795174919921423	0.469767577472057	1	0.198	0.205	0.650580854180497
Zbtb1	-0.798653360006633	0.0407980681561359	1	0.094	0.14	0.0865918181273088
Trim9	-0.800211415669527	0.229626616556162	1	0.726	0.663	0.374854948051967
Mapk15	-0.800299811162005	0.6212913493922	1	0.127	0.134	0.775408638182456
Syt6	-0.801182630728071	0.0746753108133375	1	0.241	0.279	0.14516322102032
Cyp2j6	-0.801183801846621	0.0187506002216382	1	0.165	0.227	0.043704707453637
Rgs8	-0.802078667728304	0.331622299257577	1	0.146	0.161	0.504361491349963
Rassf2	-0.802639920729527	0.0535817990738248	1	0.113	0.161	0.109315879661124
Ttll3	-0.80270651987392	0.810150550564492	1	0.118	0.119	0.901193908329558
Aif1l	-0.803204274508921	0.19952252065278	1	0.094	0.119	0.335068962018971
Pdzd2	-0.80574926836674	0.582159238576739	1	0.264	0.252	0.745491513955789
Ampd3	-0.807852819619375	0.466671556708681	1	0.175	0.182	0.647499247664468
P3h1	-0.809042595204534	0.103368255106735	1	0.09	0.126	0.192624803031662
Elovl7	-0.810802358494623	0.342299145666383	1	0.094	0.111	0.51664224888416
Nkx2-2	-0.81372633453567	0.176703995867168	1	0.16	0.192	0.302327870719854
Dkk3	-0.814268444222007	0.254302076126191	1	0.212	0.169	0.408275112066806
Rgcc	-0.815638484206103	0.0338623043327921	1	0.269	0.319	0.0737843353551158
Zfp653	-0.815817540116973	0.673377487637935	1	0.203	0.196	0.813408010238614
Inppl1	-0.817303518668397	0.520436494684849	1	0.104	0.113	0.695385911986884
Ormdl2	-0.818060027613735	0.148659246945435	1	0.175	0.199	0.262149208985733
Dusp1	-0.81875617045547	0.149207321805515	1	0.491	0.478	0.262903421398341
Palld	-0.819431957263873	0.0260204318910382	1	0.255	0.305	0.0583456090862704
Gsap	-0.821546401392544	0.610047578349891	1	0.17	0.171	0.767921562602975
Utp14b	-0.82219745977918	0.26360759442	1	0.142	0.164	0.420079522957518
Ptprz1	-0.824023022511603	0.000278197339004502	1	0.538	0.612	0.00105758570650275
Zcchc24	-0.824037494636252	0.121453854882326	1	0.165	0.201	0.220586460759252
Casp6	-0.824502095879997	0.186565426683931	1	0.085	0.111	0.316350071333622
Cpt2	-0.824899436506954	0.296756922082	1	0.085	0.104	0.462280397879521
Peli2	-0.825507134011827	0.182931526828392	1	0.16	0.187	0.310671214311466
Ccnd3	-0.825643520866762	0.00303648188869386	1	0.344	0.415	0.00871442371209906
Spry2	-0.826362173659539	0.000723018026692209	1	0.278	0.375	0.00246152980560527
Rapgef3	-0.826767611980243	0.126269418844223	1	0.132	0.167	0.22828841949982
Dock1	-0.826973644044492	0.0417534438251092	1	0.09	0.137	0.0882336926115514
Zdhhc1	-0.827599287245846	0.0491626191829083	1	0.321	0.351	0.101533012099737
Efemp2	-0.828586161936441	0.0591174786286894	1	0.184	0.224	0.118778816306401
E130008D07Rik	-0.82876109994392	0.0695715441501494	1	0.132	0.177	0.136701981488013
Clu	-0.830653303750772	0.00571680706847623	1	0.741	0.559	0.0153951993064761
Pld2	-0.833892434246415	0.476305283200799	1	0.175	0.187	0.655976757722019
Ift43	-0.834569771336167	0.0155207447312612	1	0.387	0.411	0.0369654378332329
Bcan	-0.834915429671064	0.00159719653593179	1	0.34	0.427	0.00494090259840657
Tns3	-0.838159607268593	0.193375350951735	1	0.208	0.229	0.326250881791108
Slc19a1	-0.838341260952129	0.306501731261068	1	0.264	0.274	0.473743652564879
Paqr4	-0.839643125090028	0.0407016378989012	1	0.241	0.286	0.0864291464960625
Cavin2	-0.840298728602937	0.613997528054188	1	0.108	0.094	0.770894280695801
Cacna2d3	-0.841471319430176	0.747466347806718	1	0.212	0.209	0.863967453617291
Maf	-0.844112820885684	0.550185408050391	1	0.113	0.097	0.718344845254289
Acot2	-0.844843838517952	0.0352450748257242	1	0.156	0.208	0.0761754017015158
Bmp7	-0.84532048898577	0.208286720358919	1	0.108	0.135	0.346589102677241
Tbc1d4	-0.847747530561284	0.0514350214320614	1	0.142	0.191	0.105478015781805
Naga	-0.849196656859004	0.114829013630229	1	0.241	0.264	0.210745013250774
Mars2	-0.850222197201387	0.594837945960857	1	0.099	0.107	0.755745243733864
Gpt2	-0.850322324690124	0.0598386481291365	1	0.292	0.327	0.120172512656583
Mllt6	-0.851024291112897	0.571625050684155	1	0.156	0.16	0.736319145204479
Prrg1	-0.852040718313911	0.569813797791518	1	0.104	0.112	0.735287051330384
Rph3a	-0.852295019061314	0.480321920166688	1	0.472	0.385	0.660385945007269
Pxmp2	-0.852370508797702	0.414653145354066	1	0.146	0.161	0.596379630854975
Ttyh2	-0.85437260892897	0.0162174761235309	1	0.052	0.101	0.0384362103676522
Gsx1	-0.855143163480428	0.223946901979185	1	0.08	0.104	0.367054434463445
Itpr1	-0.85689966559526	0.238266964466833	1	0.09	0.113	0.387327912464134
Creb5	-0.857129632375683	0.0932788805785061	1	0.08	0.115	0.176153112999098
Hadhb	-0.858206091175542	9.83288123586954e-05	1	0.637	0.635	0.000437818809768381
Tspan9	-0.859086063831236	0.312370000742186	1	0.179	0.191	0.481451010318231
Bmpr1a	-0.860208829667471	0.00581225498028967	1	0.349	0.399	0.0156137329359811
Pak4	-0.861783879143111	0.496321220164994	1	0.151	0.162	0.674317601766934
Hes5	-0.862207885376051	0.294082216274238	1	0.255	0.265	0.459096183232978
Nfia	-0.864404504981119	0.00460075106944597	1	0.278	0.358	0.012599423618395
Tcf4	-0.86483901946577	1.26182840754602e-14	2.89084888168794e-10	0.722	0.84	8.6119788815016e-13
Olig1	-0.865304485779638	0.0162762184281355	1	0.278	0.337	0.0385336163111631
Mab21l1	-0.865881050848612	0.00525295961566715	1	0.373	0.418	0.0142250016126684
Ctso	-0.866987381216205	0.143875336856764	1	0.16	0.191	0.255051733518809
Gpm6b	-0.867249138172436	3.92923101881155e-08	0.000900186826409725	0.915	0.886	5.088863379181e-07
Selenbp1	-0.867279457730199	0.0543237083656969	1	0.094	0.136	0.110416918632556
A930009A15Rik	-0.867691262286216	0.0811576108417804	1	0.071	0.107	0.155549119858226
Ephb3	-0.869323505464017	0.362956109181363	1	0.085	0.102	0.540351835345669
Msi2	-0.870742905643322	3.3069119288702e-09	7.57613522904162e-05	0.854	0.859	6.06915601063236e-08
Scd1	-0.876311995859616	0.760402716155093	1	0.127	0.128	0.87222664500143
Triobp	-0.877805833593756	0.171008359514135	1	0.142	0.17	0.294497581312535
Lhfp	-0.878305195160358	0.822957084676552	1	0.203	0.195	0.908974642668734
Ttc32	-0.87837952095565	0.00782304448446963	1	0.118	0.189	0.0202076039669801
Crot	-0.878818394970834	0.0585860509503212	1	0.217	0.26	0.117982420724298
Dcxr	-0.879976185431013	0.0945646706586669	1	0.118	0.156	0.178349948807019
Glul	-0.883931074513039	0.0541655130569382	1	0.618	0.603	0.110146629903495
Slc1a2	-0.884975328575258	0.175390499477296	1	0.684	0.63	0.300905617327899
Dhrs3	-0.886054780691466	0.0316770373599266	1	0.075	0.125	0.0694953787986737
Brms1	-0.887810897716387	0.14003406489329	1	0.127	0.159	0.24925378787852
Adam17	-0.887909052788481	0.038411213115938	1	0.108	0.157	0.0822855217706803
Hbp1	-0.888511313679442	0.00236274836183579	1	0.189	0.269	0.00695919409608814
Ptar1	-0.888892390093052	0.0396771758289523	1	0.325	0.355	0.0846239765726874
Snx9	-0.889061677167656	0.161293525837852	1	0.156	0.183	0.280465812444164
Rrbp1	-0.890669494746745	0.0340485707811984	1	0.66	0.619	0.0741259300692814
Spon1	-0.891928111712313	0.000446212545393115	1	0.349	0.43	0.00160021050761669
Entrep1	-0.896827959472623	0.604197145210346	1	0.16	0.163	0.762852855779584
Slc22a4	-0.897801137979978	0.265165997754219	1	0.151	0.171	0.422082486950037
Ahr	-0.901298357938118	0.0225949474270208	1	0.137	0.196	0.0514839490668893
Zfp385b	-0.902198872085712	0.0341255497162621	1	0.113	0.166	0.0742332675102753
Hdac8	-0.902509296987624	0.0645390651419788	1	0.208	0.25	0.128255976587881
Gjc1	-0.903121737027186	0.463959250878307	1	0.104	0.116	0.644584608090473
Gm13889	-0.903394968760621	0.0184569105480109	1	0.439	0.462	0.0431121846383484
Pard3b	-0.905419701230019	0.31849778304869	1	0.118	0.135	0.488825831467561
Aldh7a1	-0.905688963466636	0.00350399944269103	1	0.396	0.445	0.00990004499720207
Ctnnal1	-0.907629108222085	0.204121598284321	1	0.142	0.167	0.341087659260105
Cpt1a	-0.909867896101974	0.491762147198447	1	0.09	0.1	0.66999908264592
Ung	-0.910640614179557	0.299097194392367	1	0.123	0.144	0.465428053119295
Lrrc51	-0.911804740064545	0.586605641093202	1	0.137	0.145	0.749427739191316
Lppos	-0.914416768771988	0.132160713173068	1	0.071	0.1	0.237367596685839
Timeless	-0.917049182484645	0.134745709032098	1	0.085	0.116	0.241315808549489
Gm19426	-0.919304976167201	0.1666289938379	1	0.08	0.107	0.288137547539172
Nkain4	-0.919381325359193	0.168964011744575	1	0.443	0.435	0.29136786549558
Prex1	-0.921163299518177	0.0428114756422757	1	0.278	0.319	0.0900339555153876
Mgll	-0.92126605326574	4.82450754850421e-05	1	0.476	0.566	0.000236249427935722
Nhsl1	-0.929780977728145	0.0415713834727803	1	0.151	0.202	0.0879340450407286
Fads2	-0.930702465080795	0.48304927377747	1	0.642	0.564	0.662040721363294
Pcsk6	-0.93132118906678	0.115333272113592	1	0.071	0.103	0.211404000248499
Enox1	-0.9313434530804	0.0136891815655166	1	0.311	0.356	0.0330173081602299
Garem2	-0.931995576634443	0.118369796138682	1	0.09	0.122	0.216243943761507
Tmem100	-0.932325319998578	0.000971591661914656	1	0.151	0.251	0.00318612040483725
Syndig1l	-0.932335327846851	0.0504262419831815	1	0.349	0.375	0.103799163516747
Gltp	-0.93239801965536	0.0345161418018419	1	0.349	0.385	0.0748592390220682
Tcn2	-0.933803175901789	0.0567966993759687	1	0.061	0.101	0.114749298276703
Nfatc3	-0.934253247392416	0.0338684964255969	1	0.108	0.159	0.0737843353551158
Nrm	-0.936566565404465	0.0490508912559568	1	0.142	0.189	0.101350185906348
H2ac24	-0.937814011496337	0.448490085983312	1	0.142	0.155	0.630107653771343
D130040H23Rik	-0.938074163665169	0.661285438963269	1	0.137	0.14	0.805318223775694
Nxpe4	-0.938134316433845	0.0316559466123035	1	0.061	0.106	0.0694840074384633
Iqgap2	-0.940859537241819	0.032914393210511	1	0.071	0.119	0.0719569917635196
Llgl1	-0.941362351953763	0.0434359194026166	1	0.203	0.249	0.0911278078533282
Gm27199	-0.942013459671312	0.00578775915989611	1	0.061	0.126	0.0155670763610999
Sstr1	-0.943925992000906	0.00328895317289104	1	0.16	0.245	0.00935905371934076
Vps37b	-0.944381622756868	0.0369913170643971	1	0.415	0.42	0.0795730472613849
Sash1	-0.945379237507758	0.0402065376279588	1	0.278	0.312	0.0854609033376758
Rsph1	-0.946639133910149	0.253223869813751	1	0.17	0.14	0.406797301708887
Btg2	-0.948398944743085	0.0581661531715534	1	0.524	0.537	0.117190847349329
Sema6a	-0.949780513191873	0.00229534982971656	1	0.292	0.363	0.00678355078227464
Sox6	-0.951734558816672	0.00768425137350577	1	0.189	0.261	0.0199315973868606
C130071C03Rik	-0.956873290562308	0.000115180805812303	1	0.627	0.653	0.000500109105157198
Timp3	-0.957941677520225	0.00252155728663663	1	0.255	0.337	0.00739205518659652
Fkbp9	-0.960268375511615	0.13511490612587	1	0.118	0.148	0.241679733807453
Cdkn1c	-0.960837115379592	0.000322199243927694	1	0.241	0.354	0.00120184995514617
Ubtd1	-0.961462062423851	0.13495771021819	1	0.113	0.143	0.24159642550535
Axin2	-0.962157487752823	0.103200476488901	1	0.118	0.155	0.192394230176492
Lpcat3	-0.965395286446706	0.0194304761649013	1	0.278	0.325	0.0450729261222989
Sox2ot	-0.97115942990222	0.000555652192146333	1	0.108	0.205	0.00194782493052332
Cd63	-0.974634660227161	4.73321312838951e-05	1	0.868	0.864	0.000232822916045106
Pou3f4	-0.974667464645448	0.0508413500682617	1	0.061	0.102	0.104456734288884
Rcbtb2	-0.975226610278916	5.49152003778277e-06	0.125810724065603	0.429	0.53	3.6959876001595e-05
Pigm	-0.977489521439252	0.589567793983919	1	0.127	0.131	0.751673124378797
Atf7	-0.977790944575078	0.0123264206733631	1	0.156	0.223	0.0302312215054744
Nr2f2	-0.978324374965371	0.152682449686676	1	0.099	0.128	0.268387751541519
Kcnip3	-0.97940294579891	0.089002684044506	1	0.274	0.304	0.168954247677706
Csrp1	-0.979409768475491	0.00812867808254799	1	0.184	0.253	0.0209208847311316
Suclg2	-0.982070080661533	0.0866440899531531	1	0.17	0.205	0.164906921531753
Tfap2a	-0.98228305301891	0.0031508038236078	1	0.212	0.293	0.00901290838344391
Specc1	-0.987535488238962	0.00155341444568203	1	0.17	0.254	0.00481911526899083
Wasf2	-0.988837832265584	0.0694962159221066	1	0.137	0.176	0.136615423558849
Pttg1	-0.991516793718635	0.00615618353499902	1	0.302	0.356	0.0164365584846429
Plce1	-0.99218509619039	0.421884649547199	1	0.104	0.117	0.603600441933235
Psph	-0.994240051469297	0.0229421198792333	1	0.349	0.381	0.0522205209132313
Hexb	-0.994571633836326	0.970905023574885	1	0.608	0.54	0.985467870135772
Gas1	-0.995419695222353	0.0854731297211204	1	0.208	0.243	0.162891200096795
Kif1c	-0.995772356945183	0.172534632989099	1	0.075	0.102	0.296794351709034
Plekhb1	-0.995834813490797	0.0646429856581865	1	0.184	0.225	0.128404075195525
E130114P18Rik	-0.995974839290325	0.00820357668681755	1	0.094	0.16	0.0210659747019512
Sall3	-0.997448035304303	0.0222536955623644	1	0.132	0.191	0.0508389865148575
Slc38a3	-0.997806732053202	0.02489709978899	1	0.108	0.163	0.0561727953916881
Abhd4	-0.99960363342182	0.0152061860392513	1	0.137	0.197	0.0363749291453722
Mir9-3hg	-1.00105044131032	0.00131428281718617	1	0.34	0.42	0.00417511806943213
Sox21	-1.00359217162104	0.0530122501980923	1	0.099	0.144	0.108407073438796
Cdh11	-1.00443813862469	0.0234268765219246	1	0.198	0.252	0.0530749982612899
Pdlim5	-1.00613275273347	0.130924968428926	1	0.212	0.235	0.235924200535293
Ttyh1	-1.00683002082048	0.0164410744905525	1	0.877	0.808	0.0388817614373217
Kank1	-1.0068504752788	0.00316176103542235	1	0.127	0.206	0.00903833259340628
S100a16	-1.01031917616541	0.000985333813259375	1	0.241	0.331	0.00321910104436571
Sgk1	-1.01147699842068	0.818574397487993	1	0.311	0.272	0.907059030978764
Anxa5	-1.012518462691	0.0482340348827343	1	0.175	0.221	0.0998040096484051
Bcas1	-1.01252242281406	0.0811250288824999	1	0.222	0.269	0.155549119858226
Adrb1	-1.01297032644499	0.0424056264195382	1	0.066	0.11	0.0894388103334344
Gpr37l1	-1.01328334643721	0.000796684790982359	1	0.236	0.332	0.00268092960341809
Cnn3	-1.01446415375559	0.000260001195308872	1	0.533	0.578	0.000996215106236099
Fbln1	-1.01854161713058	0.0139595842682726	1	0.278	0.333	0.0336138170252561
Sirt2	-1.02193733931943	0.0151532282458234	1	0.873	0.828	0.036307899603816
Clic1	-1.02302477893179	0.00982632148354627	1	0.123	0.186	0.0246391344662056
Tulp3	-1.02341879425011	0.0859536357053345	1	0.259	0.29	0.163735490955474
Kcnj10	-1.02587459505861	0.07642064250733	1	0.123	0.163	0.147915324352024
Gucy1a1	-1.02789349437731	0.00430590420467451	1	0.259	0.337	0.0118963880872981
Rnf182	-1.02862999828746	0.00135143862886044	1	0.396	0.437	0.00428380546506706
Ier2	-1.03121204638014	0.0514748634445932	1	0.292	0.335	0.105510184667284
Nthl1	-1.03329716083784	0.0756610439586443	1	0.066	0.101	0.146687723040994
Mical1	-1.03368691600375	0.0470258371240312	1	0.061	0.103	0.0978599956512561
Qki	-1.03490896501548	7.88116070462759e-10	1.80557391743018e-05	0.623	0.752	1.73837835768679e-08
Lbx1	-1.03664714469511	2.93564167230228e-06	0.0672555507124453	0.071	0.206	2.13714713743606e-05
Col16a1	-1.03682197541978	0.622989169505783	1	0.118	0.122	0.776824633857054
Neat1	-1.03940347613881	0.208040638031942	1	0.16	0.189	0.346575708208818
Scamp2	-1.03963254690786	0.000323058254519043	1	0.34	0.428	0.00120299953600953
Prdx6	-1.03989005062551	0.134619267637508	1	0.703	0.669	0.24118825309296
Gm17750	-1.04052168262476	3.53879088992929e-05	0.8107369928828	0.236	0.366	0.000181425335765389
Prkd3	-1.04099197906524	0.00551672132755238	1	0.071	0.139	0.014920767033281
Nbl1	-1.04171792562474	0.73509032358014	1	0.156	0.138	0.855548769890235
Pkd2	-1.04335442315225	0.0741350090743508	1	0.231	0.263	0.144434308490974
Appl2	-1.04363336458448	0.0272027021351353	1	0.189	0.243	0.0606850883178095
Gng5	-1.04456625458915	3.43190005615981e-08	0.000786248302866212	0.656	0.735	4.5425877106988e-07
Vegfa	-1.0459842751378	0.0118021990382472	1	0.349	0.395	0.0291089810271394
Ccn1	-1.05094866181758	0.138533561683486	1	0.09	0.122	0.247107012401845
Cachd1	-1.05834590550373	0.019712820274946	1	0.245	0.297	0.0457036087903207
Slc4a2	-1.05924918847259	0.111954915985649	1	0.113	0.148	0.20651143286542
Necap2	-1.06018108966199	0.0266918681453674	1	0.292	0.323	0.0596979416584562
Inka2	-1.06045643648899	0.0753752387258482	1	0.066	0.102	0.146263457465351
Ctdsp1	-1.06130037961267	0.0629183107976761	1	0.09	0.129	0.125606572926988
Dennd2b	-1.06249947586946	0.0600566215108013	1	0.08	0.121	0.120499459237106
Fam107b	-1.06444015116602	0.147117067897018	1	0.108	0.138	0.259849313616731
Fat4	-1.0665585372196	0.161030002121418	1	0.123	0.151	0.280230696918866
Rest	-1.06759270948465	0.0101477166006296	1	0.085	0.146	0.0253142353578243
Kctd16	-1.0697553114651	0.00601680933409491	1	0.311	0.364	0.0161235724977464
Tpmt	-1.07129801997629	0.166832112107469	1	0.151	0.176	0.288374620374129
Tmem255b	-1.07318036183093	0.131838424431108	1	0.085	0.116	0.236983637002091
Slc29a1	-1.0733114014374	0.000176917803675698	1	0.193	0.305	0.000722221463977055
Neto1	-1.0794126452235	0.10118318133259	1	0.396	0.39	0.189198688382173
Gpam	-1.08112430503171	0.256906378241154	1	0.198	0.215	0.411502405631595
Jam2	-1.08135079086864	0.139165905167555	1	0.16	0.188	0.248011698805336
Fam181b	-1.08229904339042	0.000245771442611802	1	0.349	0.436	0.000950245849078961
Npc1	-1.08362490773647	0.000894481948829954	1	0.274	0.356	0.00295992208521912
Cyp7b1	-1.08454008176483	0.0907260526706406	1	0.094	0.132	0.171852297513165
Csf1	-1.08561029432811	0.646303415988841	1	0.118	0.123	0.794778525067359
Msn	-1.08851434364798	0.26198672838826	1	0.127	0.146	0.418106696967453
Igfbp5	-1.09436027859929	0.627197036951374	1	0.358	0.343	0.780357736975925
Nrarp	-1.09553873773386	0.00753605230522015	1	0.118	0.186	0.019617089671753
Erf	-1.09567473515281	0.0426388110866026	1	0.061	0.103	0.0898005433106461
Il18	-1.09644654421242	0.000127495879453619	1	0.16	0.276	0.00054705501125089
B2m	-1.09743993239579	0.00178525233155886	1	0.274	0.353	0.00546077183770945
Mir99ahg	-1.0977754135609	2.6905930527149e-06	0.0616414868376983	0.807	0.792	1.97853711351156e-05
Rftn2	-1.09879218738764	0.00160197335912075	1	0.066	0.142	0.00495217242225012
Swap70	-1.09902357384041	0.0119068174416775	1	0.047	0.1	0.0293173498225746
Stxbp3	-1.09950527474918	0.00190600621729966	1	0.175	0.256	0.00579362223880647
Brip1os	-1.10397832769961	0.0681509084693827	1	0.085	0.124	0.134454908850164
Slc18a3	-1.10821383763001	0.82116946521332	1	0.099	0.1	0.908527918959418
Bmp1	-1.10964802364808	0.0017151474731684	1	0.189	0.271	0.00527589025549264
Esrrg	-1.11675747339102	0.908094003231314	1	0.146	0.139	0.951896953711154
Npepl1	-1.11939308646713	0.0304759174450132	1	0.127	0.178	0.0672317209089989
Klhl14	-1.12137730421032	0.000939560504150169	1	0.104	0.196	0.00308803632966737
Hsdl2	-1.12173775163238	0.0276547270696464	1	0.377	0.398	0.061545732795123
Cdk19	-1.12201173254261	0.00393216695203027	1	0.071	0.138	0.0109959700681615
Pdpn	-1.12341376873469	0.345777933749545	1	0.212	0.219	0.520274893082333
Ndrg1	-1.12486917817699	0.181365933177866	1	0.297	0.299	0.308732032782898
Nckap5	-1.12552336655114	0.00443700289860955	1	0.108	0.182	0.0121815390704755
Etv4	-1.12553941154085	0.0130352889706819	1	0.142	0.204	0.0316851097517743
Sorcs2	-1.12609220442443	0.439261288865657	1	0.142	0.153	0.621539782884739
Tspan18	-1.12710000034421	0.0532075980837139	1	0.175	0.215	0.108626300824046
Myo10	-1.13618436099717	0.0133248245516184	1	0.108	0.167	0.0322811057357011
Ugt8a	-1.13894408976417	0.422130846461322	1	0.132	0.144	0.603754923818944
Vgll4	-1.14115960751182	0.00111782529498614	1	0.226	0.314	0.00360343977011029
9430041J12Rik	-1.14276721692762	0.348582107700167	1	0.09	0.107	0.523412391349031
Crlf1	-1.14302559582211	0.439602041564993	1	0.104	0.118	0.621619202834539
Rlbp1	-1.14547048272155	0.0389324226051778	1	0.094	0.142	0.0832795406167565
Nfix	-1.1476262181078	4.11064605905359e-05	0.941749012129177	0.278	0.4	0.000206620276017792
Hoxb3os	-1.15171862223744	0.0162008923774319	1	0.222	0.281	0.0384177513054412
Tanc1	-1.15298278975464	0.0557573196841461	1	0.08	0.121	0.113033036968817
Npl	-1.15872537742468	0.239150899727449	1	0.085	0.106	0.388445238689372
C030017B01Rik	-1.16110186634104	0.138545117530247	1	0.142	0.172	0.247107012401845
Lrig1	-1.16285362386579	0.285498417981375	1	0.094	0.114	0.447937173039744
Mdk	-1.16339692852673	5.88412419047695e-06	0.134805285203827	0.269	0.401	3.92994716574974e-05
Plekhg1	-1.1655483546581	0.0152328665846523	1	0.071	0.125	0.0364188074667549
Hspa2	-1.17068294295841	0.74059214794361	1	0.142	0.142	0.859890085650635
Spacdr	-1.17075730270902	0.0022328554394124	1	0.458	0.484	0.0066257558147781
Pou6f2	-1.17620476457548	0.128441257015464	1	0.123	0.156	0.231831161422953
Aldoc	-1.17885756918173	0.0530477072148988	1	0.722	0.579	0.108428818490724
Arsk	-1.1816148787483	0.0854272236292084	1	0.075	0.11	0.162874776434911
Nde1	-1.18313571510741	0.0427326306121851	1	0.085	0.129	0.0899114308834415
Nfib	-1.1867198353722	7.62834448549049e-08	0.00174765372162587	0.349	0.512	8.93313906504623e-07
Myo6	-1.1873092488616	0.00128152570496318	1	0.269	0.348	0.00407995938722973
Elf1	-1.19060056548478	0.0127979829288083	1	0.057	0.111	0.0311429467593508
Tril	-1.19648213177241	0.000316206387084827	1	0.193	0.296	0.00118557038522449
Pacsin3	-1.19970458391242	0.0168020194463011	1	0.094	0.15	0.0395640005075165
Syngr2	-1.19999062679318	0.042068472650553	1	0.085	0.129	0.0887705741727612
Stom	-1.20151731696189	0.132902612043624	1	0.08	0.11	0.238601976739231
Zfp36l1	-1.20357178475661	0.000648932240166033	1	0.231	0.325	0.00223384085925249
Gatm	-1.21123165206251	0.000499658727076099	1	0.528	0.589	0.00176864612631151
Ppp2r5a	-1.21325799756508	0.049029536906067	1	0.184	0.224	0.101350185906348
H2-T22	-1.2136646802255	0.0160552006413265	1	0.075	0.129	0.038092947529231
Tnfrsf1a	-1.21701129481723	0.0370211460676765	1	0.071	0.115	0.0795808887911471
Rasd2	-1.21979698848026	0.136375340980838	1	0.075	0.102	0.243435835473763
Sfxn5	-1.22297162572276	0.879324646090703	1	0.486	0.425	0.936345698226278
Zbtb18	-1.22340755400746	0.178579384874551	1	0.151	0.174	0.304582098060149
AW047730	-1.22960751774927	0.000673244759911786	1	0.184	0.277	0.00230826774826898
Slc27a1	-1.23268359608974	0.304294094299048	1	0.462	0.43	0.472001634907046
Mbp	-1.23663827062604	0.0143909592246066	1	0.731	0.581	0.034576298071002
Cpq	-1.23913948895749	0.0028900220587663	1	0.217	0.289	0.0083269237154955
Dach2	-1.24203577182177	0.0231910172403304	1	0.08	0.129	0.0527046635305741
Mmd2	-1.24476109014722	6.57621725259889e-06	0.150661137257041	0.608	0.672	4.31953638486495e-05
Naaa	-1.2457659042245	0.167672164284694	1	0.198	0.225	0.289470975621361
Ctnna1	-1.24693611600782	0.0343648407052161	1	0.16	0.208	0.0746051810141074
Gm47664	-1.24887977815791	0.030349710096156	1	0.066	0.112	0.0669871317332034
Zfp36l2	-1.25097400716703	0.00212415044623137	1	0.203	0.287	0.00637683103033581
Plin2	-1.25343677630503	0.000107251098374605	1	0.203	0.311	0.000469882445035381
Eepd1	-1.25397874145343	0.177736671302104	1	0.108	0.134	0.303381703887296
Myl9	-1.25710638650109	0.559813898922256	1	0.137	0.119	0.727758068598933
Fjx1	-1.2600631236245	5.60442332744578e-06	0.128397338431783	0.363	0.475	3.76617247604357e-05
Litaf	-1.26368890626099	0.0034065951082747	1	0.075	0.146	0.0096498102677976
Metrn	-1.26376058664052	0.000923641969157968	1	0.184	0.272	0.00304488160096755
Neurod6	-1.26593049945927	0.0300124157396393	1	0.061	0.106	0.0663768263041744
Bhlhe22	-1.2767390704737	0.000940505419213376	1	0.057	0.135	0.00308881779783761
Cib1	-1.27751675150624	0.0371291116555426	1	0.184	0.227	0.0797344934667698
Slc12a4	-1.27779236431923	0.0040664975820843	1	0.061	0.126	0.0113064681340192
Cnp	-1.28485549860009	0.114777028146387	1	0.675	0.605	0.210738150039268
Rorb	-1.28552139611071	0.141165204536229	1	0.108	0.136	0.250960363619962
Mical2	-1.28779616509953	0.0351689054486302	1	0.104	0.151	0.0760484054453548
Ptch1	-1.29014335946912	0.047627208262019	1	0.335	0.364	0.0988292853627074
Calcrl	-1.29598682509561	0.0537517559363134	1	0.118	0.16	0.109560275282229
Slc5a7	-1.2961775210644	0.00580394141467945	1	0.146	0.219	0.0156009945226584
Ndrg2	-1.29972329135322	1.3975628783252e-07	0.00320181655424303	0.651	0.753	1.51466573138536e-06
Wls	-1.30040535266993	0.00355395759643932	1	0.142	0.218	0.0100217474378612
Slc15a2	-1.3030875676703	0.00620637824280176	1	0.08	0.144	0.0165301586369257
Gprc5b	-1.3033513793346	0.0665593135902548	1	0.132	0.171	0.131552525684268
Ctsz	-1.30708684704072	0.00047620231012413	1	0.269	0.361	0.00169247493134434
Nebl	-1.30785836196402	0.00232473514292345	1	0.226	0.297	0.00685647745056694
Fabp7	-1.32599492269849	2.04037466162717e-06	0.0467449834978784	0.651	0.722	1.56631924815245e-05
Arap2	-1.32886857703213	0.127319843792517	1	0.113	0.144	0.229902057745231
Slc20a2	-1.33333601221924	0.0189319979288385	1	0.236	0.28	0.0440569882542176
Pou3f3	-1.33779599212492	0.00255762131024957	1	0.283	0.343	0.00748271258082393
Fzd1	-1.34642027615631	0.31468483351979	1	0.094	0.112	0.484164618814528
Tgfb2	-1.34887585510709	0.381028237314601	1	0.259	0.211	0.560758537934695
Ptn	-1.36487436296662	2.81065545085807e-08	0.000643921163791583	0.91	0.92	3.89744222518985e-07
Mro	-1.37029752550105	0.00482520996503632	1	0.108	0.18	0.0131645953324664
Notch1	-1.38229992743809	1.41181318940397e-05	0.32344640169245	0.113	0.239	8.24438504186706e-05
Ramp1	-1.38362994797302	0.00780306974868572	1	0.302	0.347	0.0201928661443981
Lxn	-1.38385713947122	0.529693832865631	1	0.462	0.384	0.701122018774872
Hacl1	-1.38498226484711	0.0576227236622411	1	0.08	0.119	0.116250579719625
Plcd1	-1.39368240880546	0.00866959854511274	1	0.071	0.13	0.0220680690239233
Pkib	-1.39581912763992	0.00680560006248558	1	0.127	0.195	0.0179293492599137
Ccnd2	-1.3970822146939	0.000131672709398367	1	0.066	0.165	0.000562215439542587
Gm3764	-1.39812331154269	0.000100740690448216	1	0.604	0.657	0.000446283302107311
Selenop	-1.40150195426983	0.000836646509092138	1	0.113	0.197	0.00280036164882334
Cep112	-1.40800690126478	0.0278870947426063	1	0.09	0.135	0.0619587130395241
S100a6	-1.41344793514558	0.00739890714255835	1	0.156	0.226	0.0193292023915639
Paqr8	-1.41812668831632	0.000162899905772223	1	0.179	0.284	0.00067580538402755
Klf3	-1.42772129508256	0.00214246139933928	1	0.08	0.156	0.0064185674844403
Sox2	-1.42889933121909	5.01349721554459e-05	1	0.236	0.346	0.000244407989257799
Cd9	-1.43165900795926	5.64883329243943e-05	1	0.325	0.427	0.000269367945648203
Gm56557	-1.43326225315483	0.0166630170693252	1	0.085	0.139	0.0393214795023298
Lamp5	-1.43335532152608	1.07017721863033e-10	2.45177600788208e-06	0.137	0.351	2.97741024903011e-09
AW011738	-1.43502679265824	0.0257999462424911	1	0.066	0.113	0.0579106707025699
Gad2	-1.43544129669002	1.01705890025738e-10	2.33008194048966e-06	0.208	0.426	2.84776492072067e-09
S100b	-1.43784502291487	0.000253903629566627	1	0.146	0.253	0.000976277336220976
Slc6a9	-1.44003035045883	0.0801329894440994	1	0.212	0.244	0.154058493790417
Id2	-1.44679962076515	2.17196015122792e-05	0.497596070646317	0.392	0.493	0.000118737446064625
Pcx	-1.44799965307782	0.0460153882460724	1	0.113	0.156	0.0959404371641261
Nherf1	-1.44922423954346	0.00150211485840889	1	0.085	0.161	0.00468541121464611
Chn2	-1.45403933942072	0.000158391201266734	1	0.137	0.248	0.000658907397269613
Il17rd	-1.4553573290311	0.249658975126078	1	0.132	0.153	0.402105605955277
Hadh	-1.47138559435741	0.000920827865367333	1	0.137	0.22	0.00303789736852304
Serpinh1	-1.48200791425162	0.000321152948437187	1	0.08	0.171	0.00119999664565751
Fbxl7	-1.49028388166291	0.00462360740565439	1	0.321	0.363	0.0126540834260015
Gstt1	-1.50753973145464	0.0428819440919768	1	0.08	0.122	0.0901387544724517
Srebf1	-1.5106041052736	0.0477238072061687	1	0.151	0.194	0.0989357332114594
Zic1	-1.51123178523963	1.6716137416719e-11	3.82966708217032e-07	0.401	0.57	6.01675627995872e-10
Kit	-1.5118276818163	0.00089266565372633	1	0.165	0.249	0.00295615130817029
Cmtm5	-1.51280019579995	0.000251657431657988	1	0.156	0.256	0.000970202702102464
Cryzl2	-1.51363448707176	0.0316124327643782	1	0.057	0.1	0.0694233817570659
Rgs6	-1.52908984622191	0.00506432055012196	1	0.08	0.146	0.0137739428162719
Sel1l3	-1.53193663109253	0.00215473139622186	1	0.061	0.132	0.00644442676078266
Btbd17	-1.54311664157074	0.0566752029211799	1	0.208	0.247	0.114556819231705
Hspb1	-1.55173712193148	6.86992213490659e-05	1	0.104	0.213	0.000319912791953859
Dusp6	-1.55380434659943	1.98796261004612e-05	0.455442233961565	0.104	0.225	0.000110757916845426
Gdpd2	-1.55576428074707	0.0615932450761069	1	0.146	0.186	0.123299401692225
Col23a1	-1.5629751982749	0.1814577697348	1	0.118	0.143	0.308768032022441
Zic3	-1.57374229259947	1.44421533923969e-05	0.330869734219814	0.104	0.225	8.42233992229503e-05
Tpcn1	-1.57921830687758	0.00332486015254744	1	0.137	0.211	0.00944891941856033
Tom1l1	-1.58057230850684	0.0746334467539321	1	0.104	0.139	0.145146436073542
Gpx8	-1.58151943595469	0.00131225516372698	1	0.118	0.199	0.00417171073883512
Cmtm3	-1.5938283561703	2.06787926394449e-05	0.473751139369684	0.104	0.22	0.000113759403336392
Tlcd1	-1.59406155218024	0.00507025435633485	1	0.142	0.208	0.0137815003288554
Igsf11	-1.59500729952828	0.00591846046891481	1	0.047	0.104	0.0158697577214364
Crym	-1.59920747745049	6.00296156035083e-06	0.137527849347637	0.094	0.222	3.99709391701409e-05
4930426D05Rik	-1.60023064240283	0.000105877558737899	1	0.075	0.175	0.000464797162379039
Igfbpl1	-1.61657770129914	0.00262139834314391	1	0.137	0.22	0.00764880959442392
Soat1	-1.62151708488358	0.0232219367277602	1	0.108	0.158	0.0527200725711312
Echdc2	-1.62270971309471	0.00265120763815777	1	0.071	0.14	0.00771003659352406
Prrx1	-1.62529257656546	0.0133604258477426	1	0.075	0.13	0.0323494124739134
S1pr1	-1.62907079510995	0.0084167675713804	1	0.057	0.114	0.0214996729542629
Dbi	-1.63529047588242	7.17092193929495e-06	0.164285821629247	0.915	0.91	4.6192958472277e-05
Klhl25	-1.6409038391063	0.00737569527352181	1	0.071	0.129	0.0192800939286315
Mcc	-1.64290252141873	0.000152978911710627	1	0.094	0.195	0.0006400496995709
Dera	-1.65025533528142	0.00971237329921777	1	0.057	0.111	0.0244375844302899
Zic4	-1.65120238750598	3.64518439805435e-09	8.35111745594253e-05	0.264	0.435	6.57708555336715e-08
Clic4	-1.6588139345983	0.000190112211712101	1	0.118	0.215	0.000767477024730553
Zbtb42	-1.66879599952828	0.0026819539769222	1	0.038	0.1	0.00779426145788169
Zfyve21	-1.6712100817597	0.000870874428449609	1	0.118	0.203	0.00289716641543632
Akr1b10	-1.67418156936214	0.00411195752980372	1	0.08	0.146	0.0114183283472235
Kcne1l	-1.68068199111264	0.0602303051006593	1	0.071	0.108	0.120792457612341
Entpd2	-1.69423005330239	0.0384337807603802	1	0.104	0.149	0.0822935070398729
Ndnf	-1.69759293762668	0.0031498179299614	1	0.156	0.231	0.00901290838344391
Gm56769	-1.70377601330177	1.21594607864357e-06	0.0278573246617243	0.146	0.29	1.00782779345638e-05
Ednrb	-1.70404226890085	0.0068901062803527	1	0.264	0.321	0.0181301109834823
Sox9	-1.70732746642071	0.000176200178339616	1	0.179	0.278	0.000719964807284792
Igfbp2	-1.70751799768319	3.02927590236639e-07	0.0069400710923214	0.212	0.365	3.01409502085111e-06
Zic2	-1.71166397080643	5.02429248635912e-07	0.0115106540862488	0.132	0.287	4.71959345815412e-06
Arpc1b	-1.7179074941685	0.845606002741008	1	0.104	0.095	0.916250444210551
Hepacam	-1.72482951851011	0.000829847352773806	1	0.137	0.222	0.00277973407738956
Rdh5	-1.73894563058102	0.0725194006124562	1	0.094	0.131	0.141729190995619
D130058E05Rik	-1.73973976583279	0.00011851840338403	1	0.061	0.157	0.000514089757677699
Plat	-1.7583810940762	0.0378084547622541	1	0.255	0.291	0.0810737999025655
Chrdl2	-1.76340103850023	0.00910904816526387	1	0.047	0.1	0.023086873079881
Acadl	-1.77826384383964	0.00171077165412781	1	0.151	0.229	0.00526613853786489
Lpp	-1.78268584377562	0.000753061348694941	1	0.099	0.183	0.00255251789750068
Smo	-1.79189467995989	2.86651895373547e-05	0.656719492300795	0.085	0.197	0.000150673342838947
Pdlim4	-1.79535795739346	0.0109045130594222	1	0.094	0.155	0.0270323002517344
Tspan15	-1.79765488673921	0.000556075478104986	1	0.165	0.251	0.00194782493052332
H2-K1	-1.81262850161028	0.00280831417875584	1	0.104	0.177	0.00812365320053344
Slc6a5	-1.8154496320736	9.37660245913718e-07	0.0214817962338833	0.066	0.205	8.11029693891311e-06
Acsbg1	-1.82452325807281	0.111034196549939	1	0.071	0.102	0.204986209015272
Prdm8	-1.82815030639008	0.00481779111652883	1	0.071	0.133	0.0131525697481237
Gm14964	-1.83164753257541	0.0117553754972359	1	0.057	0.108	0.0290262748286751
Trp53i11	-1.84010519224622	0.00226671707490043	1	0.208	0.283	0.00671711002928432
Acot1	-1.84177363551446	0.0247213642961445	1	0.297	0.333	0.0558051262250952
Ntrk1	-1.8530591680297	0.154897961282394	1	0.075	0.104	0.271397631320296
Kitl	-1.86288844536278	0.0681346627431874	1	0.09	0.126	0.134454908850164
Atp1a2	-1.86625040350241	0.0312216560008844	1	0.377	0.404	0.0686342191302784
Plp1	-1.8706720941414	0.710009452501948	1	0.377	0.354	0.837968464882061
Pbxip1	-1.88831028365354	0.0309943279457614	1	0.094	0.141	0.0682254459106768
Phgdh	-1.90010208354691	0.000114425336997704	1	0.278	0.376	0.000498812247510948
Abhd3	-1.90465691511355	0.015901151415529	1	0.17	0.224	0.0377479507516471
Gm14204	-1.91297361592318	1.29654850677045e-08	0.000297039262901109	0.061	0.231	1.96643190193518e-07
Arhgef26	-1.9207698513537	0.00231180112195868	1	0.113	0.188	0.00682293736534831
Neurod1	-2.00980765805329	1.49181124487355e-06	0.0341773956200531	0.127	0.263	1.19563881057022e-05
Sparcl1	-2.01064077594149	0.200679892953142	1	0.722	0.669	0.335979215185637
Nppc	-2.01718750182101	5.8000001883782e-10	1.32878004315745e-05	0.25	0.428	1.33338951699137e-08
Slc30a3	-2.04735918023725	2.51065142204431e-11	5.7519024079035e-07	0.075	0.288	8.43578877806887e-10
Vim	-2.0494600259216	0.0011047768951945	1	0.297	0.369	0.00356779606066639
Gbx2	-2.04986022349876	1.95288281881092e-06	0.0447405453789581	0.057	0.183	1.50976852257807e-05
Itga6	-2.05779522863889	5.75388399539465e-05	1	0.123	0.227	0.000273184405346563
Prex2	-2.06258351675877	0.0170100814343813	1	0.057	0.105	0.039989254954455
Mt1	-2.07244158430958	0.00923207660270117	1	0.363	0.401	0.023377223536579
Map2k6	-2.11106352441157	1.35952559522218e-05	0.311467313865401	0.146	0.265	7.97101718111473e-05
Slc6a11	-2.11221467183672	0.00488055537075741	1	0.462	0.498	0.0132989805735923
Pax2	-2.11865838114534	1.65907075024273e-06	0.038009310888061	0.033	0.154	1.31521252941202e-05
Notch2	-2.12168822747994	0.00402255309461754	1	0.047	0.108	0.0112199948386267
Fbxo2	-2.15434551121564	0.695894105234347	1	0.377	0.319	0.828135511290672
Mag	-2.17084374129421	0.416857266544546	1	0.137	0.115	0.598564280166528
Slc7a10	-2.19749586488894	0.00275707003867549	1	0.118	0.192	0.00798599597409452
Ezr	-2.20679811799424	0.000626474973047344	1	0.146	0.232	0.0021631957962615
Id3	-2.20733132056224	1.49486027524683e-06	0.0342472489059048	0.156	0.3	1.19588822019746e-05
Slc39a12	-2.2091654110807	0.0630637814416889	1	0.08	0.117	0.125839468861259
Rfx4	-2.21692260618033	0.000198980794358543	1	0.066	0.156	0.00079592317743417
2310022B05Rik	-2.21971103829546	7.6534008988127e-05	1	0.137	0.244	0.00035226612356179
Fgfr3	-2.23094282479723	0.0431315833111666	1	0.123	0.165	0.0906198922093198
Abca1	-2.24177359299836	0.000171841300602852	1	0.033	0.117	0.000706782298524725
Mt2	-2.26791903038247	0.000143936232310895	1	0.118	0.219	0.000607452620999023
Plpp3	-2.27123800049295	9.19263239825103e-05	1	0.316	0.411	0.000413668176183537
Slc32a1	-2.28433244881426	7.33452850682265e-15	1.68034048091307e-10	0.123	0.383	5.62056500312304e-13
Pon2	-2.2986685920456	0.00424219606658028	1	0.085	0.15	0.0117501029922782
Gramd3	-2.29903672846571	0.000242490133586936	1	0.052	0.137	0.000940909382327164
Gsta4	-2.32061819597648	0.0182874729206034	1	0.104	0.153	0.0427621422468928
Itpkb	-2.32503636436337	0.000457224389787822	1	0.071	0.155	0.00163299765706722
Cbs	-2.33247938296747	0.00164227363645033	1	0.042	0.109	0.00506957685089404
Car2	-2.33621220218288	0.018735623119706	1	0.113	0.166	0.0436931136075152
Zic5	-2.38273727742291	9.31228923345538e-06	0.213344546338463	0.08	0.196	5.78607103438593e-05
Cldn10	-2.42761963393346	0.0030072931557694	1	0.146	0.22	0.00864770013456271
Adarb2	-2.46353839127699	4.05315700901729e-09	9.28578270765861e-05	0.113	0.288	7.19682512820631e-08
Gad1	-2.46639182385765	1.78722843871779e-15	4.09454035310245e-11	0.203	0.449	1.62637787923319e-13
Neurod2	-2.46669196467297	2.14869032576648e-11	4.922649536331e-07	0.08	0.289	7.44879312932378e-10
Id1	-2.48347385203884	0.0100535164126994	1	0.094	0.153	0.0251222881525577
Shroom3	-2.48820799469978	0.00309207170989546	1	0.075	0.144	0.00886813475300286
Plaat3	-2.53931261215216	0.000299560787299903	1	0.052	0.135	0.00112702973206372
Mfge8	-2.56503268113465	5.3080296995867e-06	0.121606960417531	0.165	0.297	3.58353535205483e-05
Slc7a11	-2.57490079931282	0.00776699881690674	1	0.071	0.13	0.0201223314544772
Gja1	-2.58152727626627	0.0190674930047308	1	0.108	0.161	0.0442933673910974
Ntsr2	-2.60755915910147	0.0699566927999095	1	0.123	0.159	0.137335206359553
Slc4a4	-2.62361328572933	1.01323749420871e-08	0.000232132709923216	0.184	0.353	1.56389447869387e-07
Slc25a18	-2.69677990864754	0.00790535233073325	1	0.08	0.138	0.0203840489850312
Itgb5	-2.69974282945221	0.000746123296814795	1	0.033	0.103	0.00253623856847239
Tst	-2.72185644235676	0.011713114449165	1	0.137	0.193	0.0289382827567607
Vcam1	-2.72891505958396	0.000231314145646813	1	0.033	0.114	0.000906984010938312
Pax3	-2.7430070414197	0.00673740129601674	1	0.052	0.106	0.0177711164619572
Aldh1l1	-2.74937521909068	0.000674004345349327	1	0.066	0.145	0.00230905959253793
Emp2	-2.77027779306821	0.00107553940158543	1	0.038	0.106	0.00347996748601865
Slc1a3	-2.77593773162438	0.000185877449138066	1	0.189	0.284	0.000752467745908314
Wif1	-2.83106633349399	0.0683705521580863	1	0.132	0.178	0.134826029857493
Hopx	-2.88100794114947	1.93642858614079e-05	0.443635789084855	0.302	0.406	0.000108301153191587
Trf	-2.89155958412626	0.0035069243389704	1	0.108	0.179	0.00990190401591641
Pla2g7	-2.95837061635557	0.00963035288472029	1	0.297	0.343	0.0242591588237937
Mlc1	-3.04593955931901	1.17649923753871e-05	0.269535975320119	0.052	0.161	7.03789134265179e-05
Agt	-3.10420917378845	0.0151941654784166	1	0.057	0.106	0.036366090306698
Apoe	-3.15396830377362	3.69935933018954e-06	0.0847523222546423	0.774	0.809	2.63172663750291e-05
Aqp4	-3.37799015344103	0.0425489565712342	1	0.123	0.165	0.0896545307781722
Lfng	-3.3959568543709	9.66849573305052e-05	1	0.024	0.105	0.00043137884945827
Mgst1	-3.48473163685173	0.000419505249139404	1	0.066	0.148	0.00151688653000076
Gfap	-3.91337933291863	0.0232982608682766	1	0.099	0.148	0.0528658719338348
Sdc4	-4.58741335655115	1.25184179346097e-05	0.286796954881908	0.014	0.106	7.37927794040149e-05
